pdb	gene	isoform	drug	drug_name	interaction	reference_enst	interacting_residues
13GS	ENSG00000084207	ENST00000398603	LIG 2	SAS	YES	ENST00000398606	9,10,11,14,36,105,109,167,170
13GS	ENSG00000084207	ENST00000398606	LIG 2	SAS	YES	ENST00000398606	9,10,11,14,36,105,109,203,206
13GS	ENSG00000084207	ENST00000495996	LIG 2	SAS	NO	ENST00000398606	NA
13GS	ENSG00000084207	ENST00000498765	LIG 2	SAS	NO	ENST00000398606	NA
13GS	ENSG00000084207	ENST00000646888	LIG 2	SAS	NO	ENST00000398606	NA
13GS	ENSG00000084207	ENST00000398603	LIG 1	GSH	YES	ENST00000398606	8,9,14,39,45,51,52,53,54,65,66,99
13GS	ENSG00000084207	ENST00000398606	LIG 1	GSH	YES	ENST00000398606	8,9,14,39,45,51,52,53,54,65,66,99
13GS	ENSG00000084207	ENST00000495996	LIG 1	GSH	NO	ENST00000398606	NA
13GS	ENSG00000084207	ENST00000498765	LIG 1	GSH	NO	ENST00000398606	NA
13GS	ENSG00000084207	ENST00000646888	LIG 1	GSH	NO	ENST00000398606	NA
19GS	ENSG00000084207	ENST00000398603	LIG 2	GSH	YES	ENST00000398606	8,9,14,39,45,51,52,53,54,65,66,99
19GS	ENSG00000084207	ENST00000398606	LIG 2	GSH	YES	ENST00000398606	8,9,14,39,45,51,52,53,54,65,66,99
19GS	ENSG00000084207	ENST00000495996	LIG 2	GSH	NO	ENST00000398606	NA
19GS	ENSG00000084207	ENST00000498765	LIG 2	GSH	NO	ENST00000398606	NA
19GS	ENSG00000084207	ENST00000646888	LIG 2	GSH	NO	ENST00000398606	NA
1KBN	ENSG00000084207	ENST00000398603	LIG 1	GSH	YES	ENST00000398606	8,9,14,39,45,51,52,53,54,65,66,99
1KBN	ENSG00000084207	ENST00000398606	LIG 1	GSH	YES	ENST00000398606	8,9,14,39,45,51,52,53,54,65,66,99
1KBN	ENSG00000084207	ENST00000495996	LIG 1	GSH	NO	ENST00000398606	NA
1KBN	ENSG00000084207	ENST00000498765	LIG 1	GSH	NO	ENST00000398606	NA
1KBN	ENSG00000084207	ENST00000646888	LIG 1	GSH	NO	ENST00000398606	NA
1KBN	ENSG00000084207	ENST00000398603	LIG 3	GOL	YES	ENST00000398606	24,118,148,151
1KBN	ENSG00000084207	ENST00000398606	LIG 3	GOL	YES	ENST00000398606	24,154,184,187
1KBN	ENSG00000084207	ENST00000495996	LIG 3	GOL	NO	ENST00000398606	NA
1KBN	ENSG00000084207	ENST00000498765	LIG 3	GOL	NO	ENST00000398606	NA
1KBN	ENSG00000084207	ENST00000646888	LIG 3	GOL	NO	ENST00000398606	NA
1LBK	ENSG00000084207	ENST00000398603	LIG 2	GSH	YES	ENST00000398606	8,9,14,39,45,51,52,53,54,65,66,99,170
1LBK	ENSG00000084207	ENST00000398606	LIG 2	GSH	YES	ENST00000398606	8,9,14,39,45,51,52,53,54,65,66,99,206
1LBK	ENSG00000084207	ENST00000495996	LIG 2	GSH	NO	ENST00000398606	NA
1LBK	ENSG00000084207	ENST00000498765	LIG 2	GSH	NO	ENST00000398606	NA
1LBK	ENSG00000084207	ENST00000646888	LIG 2	GSH	NO	ENST00000398606	NA
1MD3	ENSG00000084207	ENST00000398603	LIG 2	GSH	YES	ENST00000398606	8,9,14,39,45,52,53,54,65,66,99
1MD3	ENSG00000084207	ENST00000398606	LIG 2	GSH	YES	ENST00000398606	8,9,14,39,45,52,53,54,65,66,99
1MD3	ENSG00000084207	ENST00000495996	LIG 2	GSH	NO	ENST00000398606	NA
1MD3	ENSG00000084207	ENST00000498765	LIG 2	GSH	NO	ENST00000398606	NA
1MD3	ENSG00000084207	ENST00000646888	LIG 2	GSH	NO	ENST00000398606	NA
1MD4	ENSG00000084207	ENST00000398603	LIG 2	GSH	YES	ENST00000398606	8,9,14,39,45,52,53,54,65,66,99
1MD4	ENSG00000084207	ENST00000398606	LIG 2	GSH	YES	ENST00000398606	8,9,14,39,45,52,53,54,65,66,99
1MD4	ENSG00000084207	ENST00000495996	LIG 2	GSH	NO	ENST00000398606	NA
1MD4	ENSG00000084207	ENST00000498765	LIG 2	GSH	NO	ENST00000398606	NA
1MD4	ENSG00000084207	ENST00000646888	LIG 2	GSH	NO	ENST00000398606	NA
1PX6	ENSG00000084207	ENST00000398603	LIG 2	GSH	YES	ENST00000398606	8,9,14,39,45,52,53,54,65,66,99
1PX6	ENSG00000084207	ENST00000398606	LIG 2	GSH	YES	ENST00000398606	8,9,14,39,45,52,53,54,65,66,99
1PX6	ENSG00000084207	ENST00000495996	LIG 2	GSH	NO	ENST00000398606	NA
1PX6	ENSG00000084207	ENST00000498765	LIG 2	GSH	NO	ENST00000398606	NA
1PX6	ENSG00000084207	ENST00000646888	LIG 2	GSH	NO	ENST00000398606	NA
1PX7	ENSG00000084207	ENST00000398603	LIG 2	GSH	YES	ENST00000398606	8,9,14,39,45,52,53,54,65,66,99
1PX7	ENSG00000084207	ENST00000398606	LIG 2	GSH	YES	ENST00000398606	8,9,14,39,45,52,53,54,65,66,99
1PX7	ENSG00000084207	ENST00000495996	LIG 2	GSH	NO	ENST00000398606	NA
1PX7	ENSG00000084207	ENST00000498765	LIG 2	GSH	NO	ENST00000398606	NA
1PX7	ENSG00000084207	ENST00000646888	LIG 2	GSH	NO	ENST00000398606	NA
1ZGN	ENSG00000084207	ENST00000398603	LIG 2	GSH	YES	ENST00000398606	8,9,14,39,45,52,53,54,65,66,99
1ZGN	ENSG00000084207	ENST00000398606	LIG 2	GSH	YES	ENST00000398606	8,9,14,39,45,52,53,54,65,66,99
1ZGN	ENSG00000084207	ENST00000495996	LIG 2	GSH	NO	ENST00000398606	NA
1ZGN	ENSG00000084207	ENST00000498765	LIG 2	GSH	NO	ENST00000398606	NA
1ZGN	ENSG00000084207	ENST00000646888	LIG 2	GSH	NO	ENST00000398606	NA
2GSS	ENSG00000084207	ENST00000398603	LIG 2	EAA	YES	ENST00000398606	8,9,14,39,105,109,170
2GSS	ENSG00000084207	ENST00000398606	LIG 2	EAA	YES	ENST00000398606	8,9,14,39,105,109,206
2GSS	ENSG00000084207	ENST00000495996	LIG 2	EAA	NO	ENST00000398606	NA
2GSS	ENSG00000084207	ENST00000498765	LIG 2	EAA	NO	ENST00000398606	NA
2GSS	ENSG00000084207	ENST00000646888	LIG 2	EAA	NO	ENST00000398606	NA
3CSH	ENSG00000084207	ENST00000398603	LIG 3	GSH	YES	ENST00000398606	8,9,14,39,45,51,52,53,54,65,66,99
3CSH	ENSG00000084207	ENST00000398606	LIG 3	GSH	YES	ENST00000398606	8,9,14,39,45,51,52,53,54,65,66,99
3CSH	ENSG00000084207	ENST00000495996	LIG 3	GSH	NO	ENST00000398606	NA
3CSH	ENSG00000084207	ENST00000498765	LIG 3	GSH	NO	ENST00000398606	NA
3CSH	ENSG00000084207	ENST00000646888	LIG 3	GSH	NO	ENST00000398606	NA
3CSI	ENSG00000084207	ENST00000398603	LIG 3	GSH	YES	ENST00000398606	9,14,39,45,51,52,53,65,66,99
3CSI	ENSG00000084207	ENST00000398606	LIG 3	GSH	YES	ENST00000398606	9,14,39,45,51,52,53,65,66,99
3CSI	ENSG00000084207	ENST00000495996	LIG 3	GSH	NO	ENST00000398606	NA
3CSI	ENSG00000084207	ENST00000498765	LIG 3	GSH	NO	ENST00000398606	NA
3CSI	ENSG00000084207	ENST00000646888	LIG 3	GSH	NO	ENST00000398606	NA
3DD3	ENSG00000084207	ENST00000398603	LIG 3	GSH	YES	ENST00000398606	8,9,14,39,45,51,52,53,54,65,66,99
3DD3	ENSG00000084207	ENST00000398606	LIG 3	GSH	YES	ENST00000398606	8,9,14,39,45,51,52,53,54,65,66,99
3DD3	ENSG00000084207	ENST00000495996	LIG 3	GSH	NO	ENST00000398606	NA
3DD3	ENSG00000084207	ENST00000498765	LIG 3	GSH	NO	ENST00000398606	NA
3DD3	ENSG00000084207	ENST00000646888	LIG 3	GSH	NO	ENST00000398606	NA
3DGQ	ENSG00000084207	ENST00000398603	LIG 1	EAA	YES	ENST00000398606	8,14,53,105,109,110
3DGQ	ENSG00000084207	ENST00000398606	LIG 1	EAA	YES	ENST00000398606	8,14,53,105,109,110
3DGQ	ENSG00000084207	ENST00000495996	LIG 1	EAA	NO	ENST00000398606	NA
3DGQ	ENSG00000084207	ENST00000498765	LIG 1	EAA	NO	ENST00000398606	NA
3DGQ	ENSG00000084207	ENST00000646888	LIG 1	EAA	NO	ENST00000398606	NA
3GUS	ENSG00000084207	ENST00000398603	LIG 1	GSH	YES	ENST00000398606	8,9,14,39,45,52,53,54,65,66,99
3GUS	ENSG00000084207	ENST00000398606	LIG 1	GSH	YES	ENST00000398606	8,9,14,39,45,52,53,54,65,66,99
3GUS	ENSG00000084207	ENST00000495996	LIG 1	GSH	NO	ENST00000398606	NA
3GUS	ENSG00000084207	ENST00000498765	LIG 1	GSH	NO	ENST00000398606	NA
3GUS	ENSG00000084207	ENST00000646888	LIG 1	GSH	NO	ENST00000398606	NA
3HJO	ENSG00000084207	ENST00000398603	LIG 1	GSH	YES	ENST00000398606	8,9,14,39,45,52,53,54,65,66,99
3HJO	ENSG00000084207	ENST00000398606	LIG 1	GSH	YES	ENST00000398606	8,9,14,39,45,52,53,54,65,66,99
3HJO	ENSG00000084207	ENST00000495996	LIG 1	GSH	NO	ENST00000398606	NA
3HJO	ENSG00000084207	ENST00000498765	LIG 1	GSH	NO	ENST00000398606	NA
3HJO	ENSG00000084207	ENST00000646888	LIG 1	GSH	NO	ENST00000398606	NA
3HJO	ENSG00000084207	ENST00000398603	LIG 2	EAA	YES	ENST00000398606	8,9,11,36,39,40,105,170
3HJO	ENSG00000084207	ENST00000398606	LIG 2	EAA	YES	ENST00000398606	8,9,11,36,39,40,105,206
3HJO	ENSG00000084207	ENST00000495996	LIG 2	EAA	NO	ENST00000398606	NA
3HJO	ENSG00000084207	ENST00000498765	LIG 2	EAA	NO	ENST00000398606	NA
3HJO	ENSG00000084207	ENST00000646888	LIG 2	EAA	NO	ENST00000398606	NA
3IE3	ENSG00000084207	ENST00000398603	LIG 1	GSH	YES	ENST00000398606	8,9,14,39,45,52,53,54,65,66,99
3IE3	ENSG00000084207	ENST00000398606	LIG 1	GSH	YES	ENST00000398606	8,9,14,39,45,52,53,54,65,66,99
3IE3	ENSG00000084207	ENST00000495996	LIG 1	GSH	NO	ENST00000398606	NA
3IE3	ENSG00000084207	ENST00000498765	LIG 1	GSH	NO	ENST00000398606	NA
3IE3	ENSG00000084207	ENST00000646888	LIG 1	GSH	NO	ENST00000398606	NA
3KM6	ENSG00000084207	ENST00000398603	LIG 2	GSH	YES	ENST00000398606	8,9,14,39,45,52,53,54,65,66,99
3KM6	ENSG00000084207	ENST00000398606	LIG 2	GSH	YES	ENST00000398606	8,9,14,39,45,52,53,54,65,66,99
3KM6	ENSG00000084207	ENST00000495996	LIG 2	GSH	NO	ENST00000398606	NA
3KM6	ENSG00000084207	ENST00000498765	LIG 2	GSH	NO	ENST00000398606	NA
3KM6	ENSG00000084207	ENST00000646888	LIG 2	GSH	NO	ENST00000398606	NA
3KM6	ENSG00000084207	ENST00000398603	LIG 1	EAA	YES	ENST00000398606	8,9,11,13,36,39,40,105,169,170
3KM6	ENSG00000084207	ENST00000398606	LIG 1	EAA	YES	ENST00000398606	8,9,11,13,36,39,40,105,205,206
3KM6	ENSG00000084207	ENST00000495996	LIG 1	EAA	NO	ENST00000398606	NA
3KM6	ENSG00000084207	ENST00000498765	LIG 1	EAA	NO	ENST00000398606	NA
3KM6	ENSG00000084207	ENST00000646888	LIG 1	EAA	NO	ENST00000398606	NA
3KMO	ENSG00000084207	ENST00000398603	LIG 2	EAA	YES	ENST00000398606	8,9,11,13,36,39,169,170
3KMO	ENSG00000084207	ENST00000398606	LIG 2	EAA	YES	ENST00000398606	8,9,11,13,36,39,205,206
3KMO	ENSG00000084207	ENST00000495996	LIG 2	EAA	NO	ENST00000398606	NA
3KMO	ENSG00000084207	ENST00000498765	LIG 2	EAA	NO	ENST00000398606	NA
3KMO	ENSG00000084207	ENST00000646888	LIG 2	EAA	NO	ENST00000398606	NA
3KMO	ENSG00000084207	ENST00000398603	LIG 1	GSH	YES	ENST00000398606	8,9,14,39,45,51,52,53,54,65,66,99
3KMO	ENSG00000084207	ENST00000398606	LIG 1	GSH	YES	ENST00000398606	8,9,14,39,45,51,52,53,54,65,66,99
3KMO	ENSG00000084207	ENST00000495996	LIG 1	GSH	NO	ENST00000398606	NA
3KMO	ENSG00000084207	ENST00000498765	LIG 1	GSH	NO	ENST00000398606	NA
3KMO	ENSG00000084207	ENST00000646888	LIG 1	GSH	NO	ENST00000398606	NA
3N9J	ENSG00000084207	ENST00000398603	LIG 2	EAA	YES	ENST00000398606	8,9,11,14,39,105,109,170
3N9J	ENSG00000084207	ENST00000398606	LIG 2	EAA	YES	ENST00000398606	8,9,11,14,39,105,109,206
3N9J	ENSG00000084207	ENST00000495996	LIG 2	EAA	NO	ENST00000398606	NA
3N9J	ENSG00000084207	ENST00000498765	LIG 2	EAA	NO	ENST00000398606	NA
3N9J	ENSG00000084207	ENST00000646888	LIG 2	EAA	NO	ENST00000398606	NA
5GSS	ENSG00000084207	ENST00000398603	LIG 1	GSH	YES	ENST00000398606	8,9,14,39,45,51,52,53,54,65,66,99
5GSS	ENSG00000084207	ENST00000398606	LIG 1	GSH	YES	ENST00000398606	8,9,14,39,45,51,52,53,54,65,66,99
5GSS	ENSG00000084207	ENST00000495996	LIG 1	GSH	NO	ENST00000398606	NA
5GSS	ENSG00000084207	ENST00000498765	LIG 1	GSH	NO	ENST00000398606	NA
5GSS	ENSG00000084207	ENST00000646888	LIG 1	GSH	NO	ENST00000398606	NA
6GSS	ENSG00000084207	ENST00000398603	LIG 1	GSH	YES	ENST00000398606	8,9,14,39,45,51,52,53,54,65,66,99
6GSS	ENSG00000084207	ENST00000398606	LIG 1	GSH	YES	ENST00000398606	8,9,14,39,45,51,52,53,54,65,66,99
6GSS	ENSG00000084207	ENST00000495996	LIG 1	GSH	NO	ENST00000398606	NA
6GSS	ENSG00000084207	ENST00000498765	LIG 1	GSH	NO	ENST00000398606	NA
6GSS	ENSG00000084207	ENST00000646888	LIG 1	GSH	NO	ENST00000398606	NA
6Y1E	ENSG00000084207	ENST00000398603	LIG 1	GSH	YES	ENST00000398606	8,9,14,39,45,51,52,53,54,65,66,99
6Y1E	ENSG00000084207	ENST00000398606	LIG 1	GSH	YES	ENST00000398606	8,9,14,39,45,51,52,53,54,65,66,99
6Y1E	ENSG00000084207	ENST00000495996	LIG 1	GSH	NO	ENST00000398606	NA
6Y1E	ENSG00000084207	ENST00000498765	LIG 1	GSH	NO	ENST00000398606	NA
6Y1E	ENSG00000084207	ENST00000646888	LIG 1	GSH	NO	ENST00000398606	NA
7GSS	ENSG00000084207	ENST00000398603	LIG 1	GSH	YES	ENST00000398606	8,9,14,39,45,52,53,54,65,66,99
7GSS	ENSG00000084207	ENST00000398606	LIG 1	GSH	YES	ENST00000398606	8,9,14,39,45,52,53,54,65,66,99
7GSS	ENSG00000084207	ENST00000495996	LIG 1	GSH	NO	ENST00000398606	NA
7GSS	ENSG00000084207	ENST00000498765	LIG 1	GSH	NO	ENST00000398606	NA
7GSS	ENSG00000084207	ENST00000646888	LIG 1	GSH	NO	ENST00000398606	NA
8GSS	ENSG00000084207	ENST00000398603	LIG 2	GSH	YES	ENST00000398606	9,14,39,45,52,53,54,65,66,99
8GSS	ENSG00000084207	ENST00000398606	LIG 2	GSH	YES	ENST00000398606	9,14,39,45,52,53,54,65,66,99
8GSS	ENSG00000084207	ENST00000495996	LIG 2	GSH	NO	ENST00000398606	NA
8GSS	ENSG00000084207	ENST00000498765	LIG 2	GSH	NO	ENST00000398606	NA
8GSS	ENSG00000084207	ENST00000646888	LIG 2	GSH	NO	ENST00000398606	NA
1A28	ENSG00000082175	ENST00000263463	LIG 1	STR	NO	ENST00000325455	NA
1A28	ENSG00000082175	ENST00000325455	LIG 1	STR	YES	ENST00000325455	718,719,725,759,766,797,801,890,891,894,909
1A28	ENSG00000082175	ENST00000534780	LIG 1	STR	NO	ENST00000325455	NA
1A28	ENSG00000082175	ENST00000528960	LIG 1	STR	NO	ENST00000325455	NA
1A28	ENSG00000082175	ENST00000534013	LIG 1	STR	YES	ENST00000325455	124,125,131,165,172,203,207,296,297,300,315
1A28	ENSG00000082175	ENST00000526300	LIG 1	STR	NO	ENST00000325455	NA
1A28	ENSG00000082175	ENST00000617858	LIG 1	STR	NO	ENST00000325455	NA
1A28	ENSG00000082175	ENST00000619228	LIG 1	STR	NO	ENST00000325455	NA
1A28	ENSG00000082175	ENST00000632634	LIG 1	STR	NO	ENST00000325455	NA
1SQN	ENSG00000082175	ENST00000263463	LIG 1	NDR	NO	ENST00000325455	NA
1SQN	ENSG00000082175	ENST00000325455	LIG 1	NDR	YES	ENST00000325455	713,716,717,719,723,754,757,764,776,795,799,884,887,888,906
1SQN	ENSG00000082175	ENST00000534780	LIG 1	NDR	NO	ENST00000325455	NA
1SQN	ENSG00000082175	ENST00000528960	LIG 1	NDR	NO	ENST00000325455	NA
1SQN	ENSG00000082175	ENST00000534013	LIG 1	NDR	YES	ENST00000325455	119,122,123,125,129,160,163,170,182,201,205,290,293,294,312
1SQN	ENSG00000082175	ENST00000526300	LIG 1	NDR	NO	ENST00000325455	NA
1SQN	ENSG00000082175	ENST00000617858	LIG 1	NDR	NO	ENST00000325455	NA
1SQN	ENSG00000082175	ENST00000619228	LIG 1	NDR	NO	ENST00000325455	NA
1SQN	ENSG00000082175	ENST00000632634	LIG 1	NDR	NO	ENST00000325455	NA
1SR7	ENSG00000082175	ENST00000263463	LIG 1	MOF	NO	ENST00000325455	NA
1SR7	ENSG00000082175	ENST00000325455	LIG 1	MOF	YES	ENST00000325455	713,716,717,719,720,723,754,757,758,764,776,792,795,796,799,885,888,889,892,903,907
1SR7	ENSG00000082175	ENST00000534780	LIG 1	MOF	NO	ENST00000325455	NA
1SR7	ENSG00000082175	ENST00000528960	LIG 1	MOF	NO	ENST00000325455	NA
1SR7	ENSG00000082175	ENST00000534013	LIG 1	MOF	YES	ENST00000325455	119,122,123,125,126,129,160,163,164,170,182,198,201,202,205,291,294,295,298,309,313
1SR7	ENSG00000082175	ENST00000526300	LIG 1	MOF	NO	ENST00000325455	NA
1SR7	ENSG00000082175	ENST00000617858	LIG 1	MOF	NO	ENST00000325455	NA
1SR7	ENSG00000082175	ENST00000619228	LIG 1	MOF	NO	ENST00000325455	NA
1SR7	ENSG00000082175	ENST00000632634	LIG 1	MOF	NO	ENST00000325455	NA
2W8Y	ENSG00000082175	ENST00000263463	LIG 1	486	NO	ENST00000325455	NA
2W8Y	ENSG00000082175	ENST00000325455	LIG 1	486	YES	ENST00000325455	715,718,719,721,722,723,725,755,756,759,766,794,797,801,887,890,891,909,912
2W8Y	ENSG00000082175	ENST00000534780	LIG 1	486	NO	ENST00000325455	NA
2W8Y	ENSG00000082175	ENST00000528960	LIG 1	486	NO	ENST00000325455	NA
2W8Y	ENSG00000082175	ENST00000534013	LIG 1	486	YES	ENST00000325455	121,124,125,127,128,129,131,161,162,165,172,200,203,207,293,296,297,315,318
2W8Y	ENSG00000082175	ENST00000526300	LIG 1	486	NO	ENST00000325455	NA
2W8Y	ENSG00000082175	ENST00000617858	LIG 1	486	NO	ENST00000325455	NA
2W8Y	ENSG00000082175	ENST00000619228	LIG 1	486	NO	ENST00000325455	NA
2W8Y	ENSG00000082175	ENST00000632634	LIG 1	486	NO	ENST00000325455	NA
3D90	ENSG00000082175	ENST00000263463	LIG 1	NOG	NO	ENST00000325455	NA
3D90	ENSG00000082175	ENST00000325455	LIG 1	NOG	YES	ENST00000325455	713,716,717,719,723,754,757,764,776,799,884,887,888
3D90	ENSG00000082175	ENST00000534780	LIG 1	NOG	NO	ENST00000325455	NA
3D90	ENSG00000082175	ENST00000528960	LIG 1	NOG	NO	ENST00000325455	NA
3D90	ENSG00000082175	ENST00000534013	LIG 1	NOG	YES	ENST00000325455	119,122,123,125,129,160,163,170,182,205,290,293,294
3D90	ENSG00000082175	ENST00000526300	LIG 1	NOG	NO	ENST00000325455	NA
3D90	ENSG00000082175	ENST00000617858	LIG 1	NOG	NO	ENST00000325455	NA
3D90	ENSG00000082175	ENST00000619228	LIG 1	NOG	NO	ENST00000325455	NA
3D90	ENSG00000082175	ENST00000632634	LIG 1	NOG	NO	ENST00000325455	NA
3HQ5	ENSG00000082175	ENST00000263463	LIG 3	GOL	YES	ENST00000325455	648,723,774,781,813
3HQ5	ENSG00000082175	ENST00000325455	LIG 3	GOL	YES	ENST00000325455	750,825,876,883,915
3HQ5	ENSG00000082175	ENST00000534780	LIG 3	GOL	NO	ENST00000325455	NA
3HQ5	ENSG00000082175	ENST00000528960	LIG 3	GOL	NO	ENST00000325455	NA
3HQ5	ENSG00000082175	ENST00000534013	LIG 3	GOL	YES	ENST00000325455	156,231,282,289,321
3HQ5	ENSG00000082175	ENST00000526300	LIG 3	GOL	NO	ENST00000325455	NA
3HQ5	ENSG00000082175	ENST00000617858	LIG 3	GOL	NO	ENST00000325455	NA
3HQ5	ENSG00000082175	ENST00000619228	LIG 3	GOL	NO	ENST00000325455	NA
3HQ5	ENSG00000082175	ENST00000632634	LIG 3	GOL	NO	ENST00000325455	NA
3ZR7	ENSG00000082175	ENST00000263463	LIG 2	GOL	NO	ENST00000325455	NA
3ZR7	ENSG00000082175	ENST00000325455	LIG 2	GOL	YES	ENST00000325455	687,695,696,730,737,738,748,752,753,757,766,822,829,844,847,881,888,890,893,894,901,911,912,920
3ZR7	ENSG00000082175	ENST00000534780	LIG 2	GOL	NO	ENST00000325455	NA
3ZR7	ENSG00000082175	ENST00000528960	LIG 2	GOL	NO	ENST00000325455	NA
3ZR7	ENSG00000082175	ENST00000534013	LIG 2	GOL	YES	ENST00000325455	93,101,102,136,143,144,154,158,159,163,172,228,235,250,253,287,294,296,299,300,307,317,318,326
3ZR7	ENSG00000082175	ENST00000526300	LIG 2	GOL	NO	ENST00000325455	NA
3ZR7	ENSG00000082175	ENST00000617858	LIG 2	GOL	NO	ENST00000325455	NA
3ZR7	ENSG00000082175	ENST00000619228	LIG 2	GOL	NO	ENST00000325455	NA
3ZR7	ENSG00000082175	ENST00000632634	LIG 2	GOL	NO	ENST00000325455	NA
3ZRB	ENSG00000082175	ENST00000263463	LIG 3	GOL	NO	ENST00000325455	NA
3ZRB	ENSG00000082175	ENST00000325455	LIG 3	GOL	YES	ENST00000325455	687,737,738,753,829,844,847,881,888,920
3ZRB	ENSG00000082175	ENST00000534780	LIG 3	GOL	NO	ENST00000325455	NA
3ZRB	ENSG00000082175	ENST00000528960	LIG 3	GOL	NO	ENST00000325455	NA
3ZRB	ENSG00000082175	ENST00000534013	LIG 3	GOL	YES	ENST00000325455	93,143,144,159,235,250,253,287,294,326
3ZRB	ENSG00000082175	ENST00000526300	LIG 3	GOL	NO	ENST00000325455	NA
3ZRB	ENSG00000082175	ENST00000617858	LIG 3	GOL	NO	ENST00000325455	NA
3ZRB	ENSG00000082175	ENST00000619228	LIG 3	GOL	NO	ENST00000325455	NA
3ZRB	ENSG00000082175	ENST00000632634	LIG 3	GOL	NO	ENST00000325455	NA
1A52	ENSG00000091831	ENST00000206249	LIG 1	EST	YES	ENST00000206249,ENST00000338799,ENST00000440973,ENST00000443427	346,350,353,387,388,391,394,404,424,524,525
1A52	ENSG00000091831	ENST00000338799	LIG 1	EST	YES	ENST00000206249,ENST00000338799,ENST00000440973,ENST00000443427	346,350,353,387,388,391,394,404,424,524,525
1A52	ENSG00000091831	ENST00000406599	LIG 1	EST	NO	ENST00000206249,ENST00000338799,ENST00000440973,ENST00000443427	NA
1A52	ENSG00000091831	ENST00000404742	LIG 1	EST	NO	ENST00000206249,ENST00000338799,ENST00000440973,ENST00000443427	NA
1A52	ENSG00000091831	ENST00000443427	LIG 1	EST	YES	ENST00000206249,ENST00000338799,ENST00000440973,ENST00000443427	346,350,353,387,388,391,394,404,424,524,525
1A52	ENSG00000091831	ENST00000427531	LIG 1	EST	NO	ENST00000206249,ENST00000338799,ENST00000440973,ENST00000443427	NA
1A52	ENSG00000091831	ENST00000415488	LIG 1	EST	NO	ENST00000206249,ENST00000338799,ENST00000440973,ENST00000443427	NA
1A52	ENSG00000091831	ENST00000440973	LIG 1	EST	YES	ENST00000206249,ENST00000338799,ENST00000440973,ENST00000443427	346,350,353,387,388,391,394,404,424,524,525
1A52	ENSG00000091831	ENST00000446550	LIG 1	EST	NO	ENST00000206249,ENST00000338799,ENST00000440973,ENST00000443427	NA
1A52	ENSG00000091831	ENST00000456483	LIG 1	EST	NO	ENST00000206249,ENST00000338799,ENST00000440973,ENST00000443427	NA
1A52	ENSG00000091831	ENST00000638569	LIG 1	EST	NO	ENST00000206249,ENST00000338799,ENST00000440973,ENST00000443427	NA
1ERE	ENSG00000091831	ENST00000206249	LIG 1	EST	YES	ENST00000443427,ENST00000338799,ENST00000440973,ENST00000206249	337,340,344,347,381,385,388,398,515,516
1ERE	ENSG00000091831	ENST00000338799	LIG 1	EST	YES	ENST00000443427,ENST00000338799,ENST00000440973,ENST00000206249	337,340,344,347,381,385,388,398,515,516
1ERE	ENSG00000091831	ENST00000406599	LIG 1	EST	NO	ENST00000443427,ENST00000338799,ENST00000440973,ENST00000206249	NA
1ERE	ENSG00000091831	ENST00000404742	LIG 1	EST	NO	ENST00000443427,ENST00000338799,ENST00000440973,ENST00000206249	NA
1ERE	ENSG00000091831	ENST00000443427	LIG 1	EST	YES	ENST00000443427,ENST00000338799,ENST00000440973,ENST00000206249	337,340,344,347,381,385,388,398,515,516
1ERE	ENSG00000091831	ENST00000427531	LIG 1	EST	NO	ENST00000443427,ENST00000338799,ENST00000440973,ENST00000206249	NA
1ERE	ENSG00000091831	ENST00000415488	LIG 1	EST	NO	ENST00000443427,ENST00000338799,ENST00000440973,ENST00000206249	NA
1ERE	ENSG00000091831	ENST00000440973	LIG 1	EST	YES	ENST00000443427,ENST00000338799,ENST00000440973,ENST00000206249	337,340,344,347,381,385,388,398,515,516
1ERE	ENSG00000091831	ENST00000446550	LIG 1	EST	NO	ENST00000443427,ENST00000338799,ENST00000440973,ENST00000206249	NA
1ERE	ENSG00000091831	ENST00000456483	LIG 1	EST	NO	ENST00000443427,ENST00000338799,ENST00000440973,ENST00000206249	NA
1ERE	ENSG00000091831	ENST00000638569	LIG 1	EST	NO	ENST00000443427,ENST00000338799,ENST00000440973,ENST00000206249	NA
1ERR	ENSG00000091831	ENST00000206249	LIG 1	RAL	YES	ENST00000440973,ENST00000338799,ENST00000443427,ENST00000206249	338,339,342,343,345,346,347,350,351,353,354,375,379,383,386,387,388,391,394,396,404,413,416,420,421,424,428,507,508,513,514,515,516,520,523
1ERR	ENSG00000091831	ENST00000338799	LIG 1	RAL	YES	ENST00000440973,ENST00000338799,ENST00000443427,ENST00000206249	338,339,342,343,345,346,347,350,351,353,354,375,379,383,386,387,388,391,394,396,404,413,416,420,421,424,428,507,508,513,514,515,516,520,523
1ERR	ENSG00000091831	ENST00000406599	LIG 1	RAL	NO	ENST00000440973,ENST00000338799,ENST00000443427,ENST00000206249	NA
1ERR	ENSG00000091831	ENST00000404742	LIG 1	RAL	NO	ENST00000440973,ENST00000338799,ENST00000443427,ENST00000206249	NA
1ERR	ENSG00000091831	ENST00000443427	LIG 1	RAL	YES	ENST00000440973,ENST00000338799,ENST00000443427,ENST00000206249	338,339,342,343,345,346,347,350,351,353,354,375,379,383,386,387,388,391,394,396,404,413,416,420,421,424,428,507,508,513,514,515,516,520,523
1ERR	ENSG00000091831	ENST00000427531	LIG 1	RAL	NO	ENST00000440973,ENST00000338799,ENST00000443427,ENST00000206249	NA
1ERR	ENSG00000091831	ENST00000415488	LIG 1	RAL	NO	ENST00000440973,ENST00000338799,ENST00000443427,ENST00000206249	NA
1ERR	ENSG00000091831	ENST00000440973	LIG 1	RAL	YES	ENST00000440973,ENST00000338799,ENST00000443427,ENST00000206249	338,339,342,343,345,346,347,350,351,353,354,375,379,383,386,387,388,391,394,396,404,413,416,420,421,424,428,507,508,513,514,515,516,520,523
1ERR	ENSG00000091831	ENST00000446550	LIG 1	RAL	NO	ENST00000440973,ENST00000338799,ENST00000443427,ENST00000206249	NA
1ERR	ENSG00000091831	ENST00000456483	LIG 1	RAL	NO	ENST00000440973,ENST00000338799,ENST00000443427,ENST00000206249	NA
1ERR	ENSG00000091831	ENST00000638569	LIG 1	RAL	NO	ENST00000440973,ENST00000338799,ENST00000443427,ENST00000206249	NA
1G50	ENSG00000091831	ENST00000206249	LIG 1	EST	YES	ENST00000440973,ENST00000206249,ENST00000443427,ENST00000338799	346,353,387,388,394,404,421,424,524,525
1G50	ENSG00000091831	ENST00000338799	LIG 1	EST	YES	ENST00000440973,ENST00000206249,ENST00000443427,ENST00000338799	346,353,387,388,394,404,421,424,524,525
1G50	ENSG00000091831	ENST00000406599	LIG 1	EST	NO	ENST00000440973,ENST00000206249,ENST00000443427,ENST00000338799	NA
1G50	ENSG00000091831	ENST00000404742	LIG 1	EST	NO	ENST00000440973,ENST00000206249,ENST00000443427,ENST00000338799	NA
1G50	ENSG00000091831	ENST00000443427	LIG 1	EST	YES	ENST00000440973,ENST00000206249,ENST00000443427,ENST00000338799	346,353,387,388,394,404,421,424,524,525
1G50	ENSG00000091831	ENST00000427531	LIG 1	EST	NO	ENST00000440973,ENST00000206249,ENST00000443427,ENST00000338799	NA
1G50	ENSG00000091831	ENST00000415488	LIG 1	EST	NO	ENST00000440973,ENST00000206249,ENST00000443427,ENST00000338799	NA
1G50	ENSG00000091831	ENST00000440973	LIG 1	EST	YES	ENST00000440973,ENST00000206249,ENST00000443427,ENST00000338799	346,353,387,388,394,404,421,424,524,525
1G50	ENSG00000091831	ENST00000446550	LIG 1	EST	NO	ENST00000440973,ENST00000206249,ENST00000443427,ENST00000338799	NA
1G50	ENSG00000091831	ENST00000456483	LIG 1	EST	NO	ENST00000440973,ENST00000206249,ENST00000443427,ENST00000338799	NA
1G50	ENSG00000091831	ENST00000638569	LIG 1	EST	NO	ENST00000440973,ENST00000206249,ENST00000443427,ENST00000338799	NA
1GWR	ENSG00000091831	ENST00000206249	LIG 2	EST	YES	ENST00000440973,ENST00000206249,ENST00000443427,ENST00000338799	340,343,347,350,384,388,391,401,518,519
1GWR	ENSG00000091831	ENST00000338799	LIG 2	EST	YES	ENST00000440973,ENST00000206249,ENST00000443427,ENST00000338799	340,343,347,350,384,388,391,401,518,519
1GWR	ENSG00000091831	ENST00000406599	LIG 2	EST	NO	ENST00000440973,ENST00000206249,ENST00000443427,ENST00000338799	NA
1GWR	ENSG00000091831	ENST00000404742	LIG 2	EST	NO	ENST00000440973,ENST00000206249,ENST00000443427,ENST00000338799	NA
1GWR	ENSG00000091831	ENST00000443427	LIG 2	EST	YES	ENST00000440973,ENST00000206249,ENST00000443427,ENST00000338799	340,343,347,350,384,388,391,401,518,519
1GWR	ENSG00000091831	ENST00000427531	LIG 2	EST	NO	ENST00000440973,ENST00000206249,ENST00000443427,ENST00000338799	NA
1GWR	ENSG00000091831	ENST00000415488	LIG 2	EST	NO	ENST00000440973,ENST00000206249,ENST00000443427,ENST00000338799	NA
1GWR	ENSG00000091831	ENST00000440973	LIG 2	EST	YES	ENST00000440973,ENST00000206249,ENST00000443427,ENST00000338799	340,343,347,350,384,388,391,401,518,519
1GWR	ENSG00000091831	ENST00000446550	LIG 2	EST	NO	ENST00000440973,ENST00000206249,ENST00000443427,ENST00000338799	NA
1GWR	ENSG00000091831	ENST00000456483	LIG 2	EST	NO	ENST00000440973,ENST00000206249,ENST00000443427,ENST00000338799	NA
1GWR	ENSG00000091831	ENST00000638569	LIG 2	EST	NO	ENST00000440973,ENST00000206249,ENST00000443427,ENST00000338799	NA
1PCG	ENSG00000091831	ENST00000206249	LIG 2	EST	YES	ENST00000440973,ENST00000443427,ENST00000206249,ENST00000338799	343,345,346,349,350,352,353,386,387,390,391,393,394,403,404,512,513,523,524
1PCG	ENSG00000091831	ENST00000338799	LIG 2	EST	YES	ENST00000440973,ENST00000443427,ENST00000206249,ENST00000338799	343,345,346,349,350,352,353,386,387,390,391,393,394,403,404,512,513,523,524
1PCG	ENSG00000091831	ENST00000406599	LIG 2	EST	NO	ENST00000440973,ENST00000443427,ENST00000206249,ENST00000338799	NA
1PCG	ENSG00000091831	ENST00000404742	LIG 2	EST	NO	ENST00000440973,ENST00000443427,ENST00000206249,ENST00000338799	NA
1PCG	ENSG00000091831	ENST00000443427	LIG 2	EST	YES	ENST00000440973,ENST00000443427,ENST00000206249,ENST00000338799	343,345,346,349,350,352,353,386,387,390,391,393,394,403,404,512,513,523,524
1PCG	ENSG00000091831	ENST00000427531	LIG 2	EST	NO	ENST00000440973,ENST00000443427,ENST00000206249,ENST00000338799	NA
1PCG	ENSG00000091831	ENST00000415488	LIG 2	EST	NO	ENST00000440973,ENST00000443427,ENST00000206249,ENST00000338799	NA
1PCG	ENSG00000091831	ENST00000440973	LIG 2	EST	YES	ENST00000440973,ENST00000443427,ENST00000206249,ENST00000338799	343,345,346,349,350,352,353,386,387,390,391,393,394,403,404,512,513,523,524
1PCG	ENSG00000091831	ENST00000446550	LIG 2	EST	NO	ENST00000440973,ENST00000443427,ENST00000206249,ENST00000338799	NA
1PCG	ENSG00000091831	ENST00000456483	LIG 2	EST	NO	ENST00000440973,ENST00000443427,ENST00000206249,ENST00000338799	NA
1PCG	ENSG00000091831	ENST00000638569	LIG 2	EST	NO	ENST00000440973,ENST00000443427,ENST00000206249,ENST00000338799	NA
1QKT	ENSG00000091831	ENST00000206249	LIG 1	EST	YES	ENST00000443427,ENST00000206249,ENST00000440973,ENST00000338799	343,346,350,353,387,388,391,394,404,421,524
1QKT	ENSG00000091831	ENST00000338799	LIG 1	EST	YES	ENST00000443427,ENST00000206249,ENST00000440973,ENST00000338799	343,346,350,353,387,388,391,394,404,421,524
1QKT	ENSG00000091831	ENST00000406599	LIG 1	EST	NO	ENST00000443427,ENST00000206249,ENST00000440973,ENST00000338799	NA
1QKT	ENSG00000091831	ENST00000404742	LIG 1	EST	NO	ENST00000443427,ENST00000206249,ENST00000440973,ENST00000338799	NA
1QKT	ENSG00000091831	ENST00000443427	LIG 1	EST	YES	ENST00000443427,ENST00000206249,ENST00000440973,ENST00000338799	343,346,350,353,387,388,391,394,404,421,524
1QKT	ENSG00000091831	ENST00000427531	LIG 1	EST	NO	ENST00000443427,ENST00000206249,ENST00000440973,ENST00000338799	NA
1QKT	ENSG00000091831	ENST00000415488	LIG 1	EST	NO	ENST00000443427,ENST00000206249,ENST00000440973,ENST00000338799	NA
1QKT	ENSG00000091831	ENST00000440973	LIG 1	EST	YES	ENST00000443427,ENST00000206249,ENST00000440973,ENST00000338799	343,346,350,353,387,388,391,394,404,421,524
1QKT	ENSG00000091831	ENST00000446550	LIG 1	EST	NO	ENST00000443427,ENST00000206249,ENST00000440973,ENST00000338799	NA
1QKT	ENSG00000091831	ENST00000456483	LIG 1	EST	NO	ENST00000443427,ENST00000206249,ENST00000440973,ENST00000338799	NA
1QKT	ENSG00000091831	ENST00000638569	LIG 1	EST	NO	ENST00000443427,ENST00000206249,ENST00000440973,ENST00000338799	NA
1QKU	ENSG00000091831	ENST00000206249	LIG 1	EST	YES	ENST00000443427,ENST00000440973,ENST00000206249,ENST00000338799	353,387,388,391,394,404,421,424,521,524,525
1QKU	ENSG00000091831	ENST00000338799	LIG 1	EST	YES	ENST00000443427,ENST00000440973,ENST00000206249,ENST00000338799	353,387,388,391,394,404,421,424,521,524,525
1QKU	ENSG00000091831	ENST00000406599	LIG 1	EST	NO	ENST00000443427,ENST00000440973,ENST00000206249,ENST00000338799	NA
1QKU	ENSG00000091831	ENST00000404742	LIG 1	EST	NO	ENST00000443427,ENST00000440973,ENST00000206249,ENST00000338799	NA
1QKU	ENSG00000091831	ENST00000443427	LIG 1	EST	YES	ENST00000443427,ENST00000440973,ENST00000206249,ENST00000338799	353,387,388,391,394,404,421,424,521,524,525
1QKU	ENSG00000091831	ENST00000427531	LIG 1	EST	NO	ENST00000443427,ENST00000440973,ENST00000206249,ENST00000338799	NA
1QKU	ENSG00000091831	ENST00000415488	LIG 1	EST	NO	ENST00000443427,ENST00000440973,ENST00000206249,ENST00000338799	NA
1QKU	ENSG00000091831	ENST00000440973	LIG 1	EST	YES	ENST00000443427,ENST00000440973,ENST00000206249,ENST00000338799	353,387,388,391,394,404,421,424,521,524,525
1QKU	ENSG00000091831	ENST00000446550	LIG 1	EST	NO	ENST00000443427,ENST00000440973,ENST00000206249,ENST00000338799	NA
1QKU	ENSG00000091831	ENST00000456483	LIG 1	EST	NO	ENST00000443427,ENST00000440973,ENST00000206249,ENST00000338799	NA
1QKU	ENSG00000091831	ENST00000638569	LIG 1	EST	NO	ENST00000443427,ENST00000440973,ENST00000206249,ENST00000338799	NA
2JFA	ENSG00000091831	ENST00000206249	LIG 1	RAL	YES	ENST00000338799,ENST00000440973,ENST00000443427,ENST00000206249	339,342,343,346,347,349,350,379,383,384,390,400,417,420,424,520,521
2JFA	ENSG00000091831	ENST00000338799	LIG 1	RAL	YES	ENST00000338799,ENST00000440973,ENST00000443427,ENST00000206249	339,342,343,346,347,349,350,379,383,384,390,400,417,420,424,520,521
2JFA	ENSG00000091831	ENST00000406599	LIG 1	RAL	NO	ENST00000338799,ENST00000440973,ENST00000443427,ENST00000206249	NA
2JFA	ENSG00000091831	ENST00000404742	LIG 1	RAL	NO	ENST00000338799,ENST00000440973,ENST00000443427,ENST00000206249	NA
2JFA	ENSG00000091831	ENST00000443427	LIG 1	RAL	YES	ENST00000338799,ENST00000440973,ENST00000443427,ENST00000206249	339,342,343,346,347,349,350,379,383,384,390,400,417,420,424,520,521
2JFA	ENSG00000091831	ENST00000427531	LIG 1	RAL	NO	ENST00000338799,ENST00000440973,ENST00000443427,ENST00000206249	NA
2JFA	ENSG00000091831	ENST00000415488	LIG 1	RAL	NO	ENST00000338799,ENST00000440973,ENST00000443427,ENST00000206249	NA
2JFA	ENSG00000091831	ENST00000440973	LIG 1	RAL	YES	ENST00000338799,ENST00000440973,ENST00000443427,ENST00000206249	339,342,343,346,347,349,350,379,383,384,390,400,417,420,424,520,521
2JFA	ENSG00000091831	ENST00000446550	LIG 1	RAL	NO	ENST00000338799,ENST00000440973,ENST00000443427,ENST00000206249	NA
2JFA	ENSG00000091831	ENST00000456483	LIG 1	RAL	NO	ENST00000338799,ENST00000440973,ENST00000443427,ENST00000206249	NA
2JFA	ENSG00000091831	ENST00000638569	LIG 1	RAL	NO	ENST00000338799,ENST00000440973,ENST00000443427,ENST00000206249	NA
2OCF	ENSG00000091831	ENST00000206249	LIG 1	EST	YES	ENST00000440973,ENST00000206249,ENST00000338799,ENST00000443427	343,346,353,387,394,421,513,514
2OCF	ENSG00000091831	ENST00000338799	LIG 1	EST	YES	ENST00000440973,ENST00000206249,ENST00000338799,ENST00000443427	343,346,353,387,394,421,513,514
2OCF	ENSG00000091831	ENST00000406599	LIG 1	EST	NO	ENST00000440973,ENST00000206249,ENST00000338799,ENST00000443427	NA
2OCF	ENSG00000091831	ENST00000404742	LIG 1	EST	NO	ENST00000440973,ENST00000206249,ENST00000338799,ENST00000443427	NA
2OCF	ENSG00000091831	ENST00000443427	LIG 1	EST	YES	ENST00000440973,ENST00000206249,ENST00000338799,ENST00000443427	343,346,353,387,394,421,513,514
2OCF	ENSG00000091831	ENST00000427531	LIG 1	EST	NO	ENST00000440973,ENST00000206249,ENST00000338799,ENST00000443427	NA
2OCF	ENSG00000091831	ENST00000415488	LIG 1	EST	NO	ENST00000440973,ENST00000206249,ENST00000338799,ENST00000443427	NA
2OCF	ENSG00000091831	ENST00000440973	LIG 1	EST	YES	ENST00000440973,ENST00000206249,ENST00000338799,ENST00000443427	343,346,353,387,394,421,513,514
2OCF	ENSG00000091831	ENST00000446550	LIG 1	EST	NO	ENST00000440973,ENST00000206249,ENST00000338799,ENST00000443427	NA
2OCF	ENSG00000091831	ENST00000456483	LIG 1	EST	NO	ENST00000440973,ENST00000206249,ENST00000338799,ENST00000443427	NA
2OCF	ENSG00000091831	ENST00000638569	LIG 1	EST	NO	ENST00000440973,ENST00000206249,ENST00000338799,ENST00000443427	NA
2OUZ	ENSG00000091831	ENST00000206249	LIG 1	C3D	YES	ENST00000440973,ENST00000338799,ENST00000443427,ENST00000206249	343,346,347,350,351,353,354,383,384,387,391,394,421,521,524,525
2OUZ	ENSG00000091831	ENST00000338799	LIG 1	C3D	YES	ENST00000440973,ENST00000338799,ENST00000443427,ENST00000206249	343,346,347,350,351,353,354,383,384,387,391,394,421,521,524,525
2OUZ	ENSG00000091831	ENST00000406599	LIG 1	C3D	NO	ENST00000440973,ENST00000338799,ENST00000443427,ENST00000206249	NA
2OUZ	ENSG00000091831	ENST00000404742	LIG 1	C3D	NO	ENST00000440973,ENST00000338799,ENST00000443427,ENST00000206249	NA
2OUZ	ENSG00000091831	ENST00000443427	LIG 1	C3D	YES	ENST00000440973,ENST00000338799,ENST00000443427,ENST00000206249	343,346,347,350,351,353,354,383,384,387,391,394,421,521,524,525
2OUZ	ENSG00000091831	ENST00000427531	LIG 1	C3D	NO	ENST00000440973,ENST00000338799,ENST00000443427,ENST00000206249	NA
2OUZ	ENSG00000091831	ENST00000415488	LIG 1	C3D	NO	ENST00000440973,ENST00000338799,ENST00000443427,ENST00000206249	NA
2OUZ	ENSG00000091831	ENST00000440973	LIG 1	C3D	YES	ENST00000440973,ENST00000338799,ENST00000443427,ENST00000206249	343,346,347,350,351,353,354,383,384,387,391,394,421,521,524,525
2OUZ	ENSG00000091831	ENST00000446550	LIG 1	C3D	NO	ENST00000440973,ENST00000338799,ENST00000443427,ENST00000206249	NA
2OUZ	ENSG00000091831	ENST00000456483	LIG 1	C3D	NO	ENST00000440973,ENST00000338799,ENST00000443427,ENST00000206249	NA
2OUZ	ENSG00000091831	ENST00000638569	LIG 1	C3D	NO	ENST00000440973,ENST00000338799,ENST00000443427,ENST00000206249	NA
2QXS	ENSG00000091831	ENST00000206249	LIG 1	RAL	YES	ENST00000338799,ENST00000443427,ENST00000440973,ENST00000206249	341,344,345,348,349,351,352,381,385,389,392,402,422,426,519,520,525,528,530
2QXS	ENSG00000091831	ENST00000338799	LIG 1	RAL	YES	ENST00000338799,ENST00000443427,ENST00000440973,ENST00000206249	341,344,345,348,349,351,352,381,385,389,392,402,422,426,519,520,525,528,530
2QXS	ENSG00000091831	ENST00000406599	LIG 1	RAL	NO	ENST00000338799,ENST00000443427,ENST00000440973,ENST00000206249	NA
2QXS	ENSG00000091831	ENST00000404742	LIG 1	RAL	NO	ENST00000338799,ENST00000443427,ENST00000440973,ENST00000206249	NA
2QXS	ENSG00000091831	ENST00000443427	LIG 1	RAL	YES	ENST00000338799,ENST00000443427,ENST00000440973,ENST00000206249	341,344,345,348,349,351,352,381,385,389,392,402,422,426,519,520,525,528,530
2QXS	ENSG00000091831	ENST00000427531	LIG 1	RAL	NO	ENST00000338799,ENST00000443427,ENST00000440973,ENST00000206249	NA
2QXS	ENSG00000091831	ENST00000415488	LIG 1	RAL	NO	ENST00000338799,ENST00000443427,ENST00000440973,ENST00000206249	NA
2QXS	ENSG00000091831	ENST00000440973	LIG 1	RAL	YES	ENST00000338799,ENST00000443427,ENST00000440973,ENST00000206249	341,344,345,348,349,351,352,381,385,389,392,402,422,426,519,520,525,528,530
2QXS	ENSG00000091831	ENST00000446550	LIG 1	RAL	NO	ENST00000338799,ENST00000443427,ENST00000440973,ENST00000206249	NA
2QXS	ENSG00000091831	ENST00000456483	LIG 1	RAL	NO	ENST00000338799,ENST00000443427,ENST00000440973,ENST00000206249	NA
2QXS	ENSG00000091831	ENST00000638569	LIG 1	RAL	NO	ENST00000338799,ENST00000443427,ENST00000440973,ENST00000206249	NA
2YJA	ENSG00000091831	ENST00000206249	LIG 1	EST	YES	ENST00000338799,ENST00000443427,ENST00000440973,ENST00000206249	343,346,350,353,387,388,391,394,404,421,424,521,524,525
2YJA	ENSG00000091831	ENST00000338799	LIG 1	EST	YES	ENST00000338799,ENST00000443427,ENST00000440973,ENST00000206249	343,346,350,353,387,388,391,394,404,421,424,521,524,525
2YJA	ENSG00000091831	ENST00000406599	LIG 1	EST	NO	ENST00000338799,ENST00000443427,ENST00000440973,ENST00000206249	NA
2YJA	ENSG00000091831	ENST00000404742	LIG 1	EST	NO	ENST00000338799,ENST00000443427,ENST00000440973,ENST00000206249	NA
2YJA	ENSG00000091831	ENST00000443427	LIG 1	EST	YES	ENST00000338799,ENST00000443427,ENST00000440973,ENST00000206249	343,346,350,353,387,388,391,394,404,421,424,521,524,525
2YJA	ENSG00000091831	ENST00000427531	LIG 1	EST	NO	ENST00000338799,ENST00000443427,ENST00000440973,ENST00000206249	NA
2YJA	ENSG00000091831	ENST00000415488	LIG 1	EST	NO	ENST00000338799,ENST00000443427,ENST00000440973,ENST00000206249	NA
2YJA	ENSG00000091831	ENST00000440973	LIG 1	EST	YES	ENST00000338799,ENST00000443427,ENST00000440973,ENST00000206249	343,346,350,353,387,388,391,394,404,421,424,521,524,525
2YJA	ENSG00000091831	ENST00000446550	LIG 1	EST	NO	ENST00000338799,ENST00000443427,ENST00000440973,ENST00000206249	NA
2YJA	ENSG00000091831	ENST00000456483	LIG 1	EST	NO	ENST00000338799,ENST00000443427,ENST00000440973,ENST00000206249	NA
2YJA	ENSG00000091831	ENST00000638569	LIG 1	EST	NO	ENST00000338799,ENST00000443427,ENST00000440973,ENST00000206249	NA
3ERD	ENSG00000091831	ENST00000206249	LIG 1	DES	YES	ENST00000443427,ENST00000206249,ENST00000440973,ENST00000338799	343,346,350,353,384,387,394,404,421,521,524,525,528
3ERD	ENSG00000091831	ENST00000338799	LIG 1	DES	YES	ENST00000443427,ENST00000206249,ENST00000440973,ENST00000338799	343,346,350,353,384,387,394,404,421,521,524,525,528
3ERD	ENSG00000091831	ENST00000406599	LIG 1	DES	NO	ENST00000443427,ENST00000206249,ENST00000440973,ENST00000338799	NA
3ERD	ENSG00000091831	ENST00000404742	LIG 1	DES	NO	ENST00000443427,ENST00000206249,ENST00000440973,ENST00000338799	NA
3ERD	ENSG00000091831	ENST00000443427	LIG 1	DES	YES	ENST00000443427,ENST00000206249,ENST00000440973,ENST00000338799	343,346,350,353,384,387,394,404,421,521,524,525,528
3ERD	ENSG00000091831	ENST00000427531	LIG 1	DES	NO	ENST00000443427,ENST00000206249,ENST00000440973,ENST00000338799	NA
3ERD	ENSG00000091831	ENST00000415488	LIG 1	DES	NO	ENST00000443427,ENST00000206249,ENST00000440973,ENST00000338799	NA
3ERD	ENSG00000091831	ENST00000440973	LIG 1	DES	YES	ENST00000443427,ENST00000206249,ENST00000440973,ENST00000338799	343,346,350,353,384,387,394,404,421,521,524,525,528
3ERD	ENSG00000091831	ENST00000446550	LIG 1	DES	NO	ENST00000443427,ENST00000206249,ENST00000440973,ENST00000338799	NA
3ERD	ENSG00000091831	ENST00000456483	LIG 1	DES	NO	ENST00000443427,ENST00000206249,ENST00000440973,ENST00000338799	NA
3ERD	ENSG00000091831	ENST00000638569	LIG 1	DES	NO	ENST00000443427,ENST00000206249,ENST00000440973,ENST00000338799	NA
3HM1	ENSG00000091831	ENST00000206249	LIG 3	J3Z	YES	ENST00000443427,ENST00000206249,ENST00000440973,ENST00000338799	343,346,347,350,353,387,391,394,404,513,516,517,520
3HM1	ENSG00000091831	ENST00000338799	LIG 3	J3Z	YES	ENST00000443427,ENST00000206249,ENST00000440973,ENST00000338799	343,346,347,350,353,387,391,394,404,513,516,517,520
3HM1	ENSG00000091831	ENST00000406599	LIG 3	J3Z	NO	ENST00000443427,ENST00000206249,ENST00000440973,ENST00000338799	NA
3HM1	ENSG00000091831	ENST00000404742	LIG 3	J3Z	NO	ENST00000443427,ENST00000206249,ENST00000440973,ENST00000338799	NA
3HM1	ENSG00000091831	ENST00000443427	LIG 3	J3Z	YES	ENST00000443427,ENST00000206249,ENST00000440973,ENST00000338799	343,346,347,350,353,387,391,394,404,513,516,517,520
3HM1	ENSG00000091831	ENST00000427531	LIG 3	J3Z	NO	ENST00000443427,ENST00000206249,ENST00000440973,ENST00000338799	NA
3HM1	ENSG00000091831	ENST00000415488	LIG 3	J3Z	NO	ENST00000443427,ENST00000206249,ENST00000440973,ENST00000338799	NA
3HM1	ENSG00000091831	ENST00000440973	LIG 3	J3Z	YES	ENST00000443427,ENST00000206249,ENST00000440973,ENST00000338799	343,346,347,350,353,387,391,394,404,513,516,517,520
3HM1	ENSG00000091831	ENST00000446550	LIG 3	J3Z	NO	ENST00000443427,ENST00000206249,ENST00000440973,ENST00000338799	NA
3HM1	ENSG00000091831	ENST00000456483	LIG 3	J3Z	NO	ENST00000443427,ENST00000206249,ENST00000440973,ENST00000338799	NA
3HM1	ENSG00000091831	ENST00000638569	LIG 3	J3Z	NO	ENST00000443427,ENST00000206249,ENST00000440973,ENST00000338799	NA
3L03	ENSG00000091831	ENST00000206249	LIG 2	GOL	YES	ENST00000338799,ENST00000206249,ENST00000440973,ENST00000443427	438,439,441,444,482,485,487,495
3L03	ENSG00000091831	ENST00000338799	LIG 2	GOL	YES	ENST00000338799,ENST00000206249,ENST00000440973,ENST00000443427	438,439,441,444,482,485,487,495
3L03	ENSG00000091831	ENST00000406599	LIG 2	GOL	YES	ENST00000338799,ENST00000206249,ENST00000440973,ENST00000443427	177,178,180,183,221,224,226,234
3L03	ENSG00000091831	ENST00000404742	LIG 2	GOL	NO	ENST00000338799,ENST00000206249,ENST00000440973,ENST00000443427	NA
3L03	ENSG00000091831	ENST00000443427	LIG 2	GOL	YES	ENST00000338799,ENST00000206249,ENST00000440973,ENST00000443427	438,439,441,444,482,485,487,495
3L03	ENSG00000091831	ENST00000427531	LIG 2	GOL	NO	ENST00000338799,ENST00000206249,ENST00000440973,ENST00000443427	NA
3L03	ENSG00000091831	ENST00000415488	LIG 2	GOL	NO	ENST00000338799,ENST00000206249,ENST00000440973,ENST00000443427	NA
3L03	ENSG00000091831	ENST00000440973	LIG 2	GOL	YES	ENST00000338799,ENST00000206249,ENST00000440973,ENST00000443427	438,439,441,444,482,485,487,495
3L03	ENSG00000091831	ENST00000446550	LIG 2	GOL	NO	ENST00000338799,ENST00000206249,ENST00000440973,ENST00000443427	NA
3L03	ENSG00000091831	ENST00000456483	LIG 2	GOL	NO	ENST00000338799,ENST00000206249,ENST00000440973,ENST00000443427	NA
3L03	ENSG00000091831	ENST00000638569	LIG 2	GOL	NO	ENST00000338799,ENST00000206249,ENST00000440973,ENST00000443427	NA
3Q95	ENSG00000091831	ENST00000206249	LIG 1	ESL	YES	ENST00000206249,ENST00000338799,ENST00000443427,ENST00000440973	343,346,350,353,387,388,391,394,424,519,522,523
3Q95	ENSG00000091831	ENST00000338799	LIG 1	ESL	YES	ENST00000206249,ENST00000338799,ENST00000443427,ENST00000440973	343,346,350,353,387,388,391,394,424,519,522,523
3Q95	ENSG00000091831	ENST00000406599	LIG 1	ESL	NO	ENST00000206249,ENST00000338799,ENST00000443427,ENST00000440973	NA
3Q95	ENSG00000091831	ENST00000404742	LIG 1	ESL	NO	ENST00000206249,ENST00000338799,ENST00000443427,ENST00000440973	NA
3Q95	ENSG00000091831	ENST00000443427	LIG 1	ESL	YES	ENST00000206249,ENST00000338799,ENST00000443427,ENST00000440973	343,346,350,353,387,388,391,394,424,519,522,523
3Q95	ENSG00000091831	ENST00000427531	LIG 1	ESL	NO	ENST00000206249,ENST00000338799,ENST00000443427,ENST00000440973	NA
3Q95	ENSG00000091831	ENST00000415488	LIG 1	ESL	NO	ENST00000206249,ENST00000338799,ENST00000443427,ENST00000440973	NA
3Q95	ENSG00000091831	ENST00000440973	LIG 1	ESL	YES	ENST00000206249,ENST00000338799,ENST00000443427,ENST00000440973	343,346,350,353,387,388,391,394,424,519,522,523
3Q95	ENSG00000091831	ENST00000446550	LIG 1	ESL	NO	ENST00000206249,ENST00000338799,ENST00000443427,ENST00000440973	NA
3Q95	ENSG00000091831	ENST00000456483	LIG 1	ESL	NO	ENST00000206249,ENST00000338799,ENST00000443427,ENST00000440973	NA
3Q95	ENSG00000091831	ENST00000638569	LIG 1	ESL	NO	ENST00000206249,ENST00000338799,ENST00000443427,ENST00000440973	NA
3UUD	ENSG00000091831	ENST00000206249	LIG 2	EST	YES	ENST00000443427,ENST00000338799,ENST00000440973,ENST00000206249	343,346,350,353,387,388,394,404,518,521,522
3UUD	ENSG00000091831	ENST00000338799	LIG 2	EST	YES	ENST00000443427,ENST00000338799,ENST00000440973,ENST00000206249	343,346,350,353,387,388,394,404,518,521,522
3UUD	ENSG00000091831	ENST00000406599	LIG 2	EST	NO	ENST00000443427,ENST00000338799,ENST00000440973,ENST00000206249	NA
3UUD	ENSG00000091831	ENST00000404742	LIG 2	EST	NO	ENST00000443427,ENST00000338799,ENST00000440973,ENST00000206249	NA
3UUD	ENSG00000091831	ENST00000443427	LIG 2	EST	YES	ENST00000443427,ENST00000338799,ENST00000440973,ENST00000206249	343,346,350,353,387,388,394,404,518,521,522
3UUD	ENSG00000091831	ENST00000427531	LIG 2	EST	NO	ENST00000443427,ENST00000338799,ENST00000440973,ENST00000206249	NA
3UUD	ENSG00000091831	ENST00000415488	LIG 2	EST	NO	ENST00000443427,ENST00000338799,ENST00000440973,ENST00000206249	NA
3UUD	ENSG00000091831	ENST00000440973	LIG 2	EST	YES	ENST00000443427,ENST00000338799,ENST00000440973,ENST00000206249	343,346,350,353,387,388,394,404,518,521,522
3UUD	ENSG00000091831	ENST00000446550	LIG 2	EST	NO	ENST00000443427,ENST00000338799,ENST00000440973,ENST00000206249	NA
3UUD	ENSG00000091831	ENST00000456483	LIG 2	EST	NO	ENST00000443427,ENST00000338799,ENST00000440973,ENST00000206249	NA
3UUD	ENSG00000091831	ENST00000638569	LIG 2	EST	NO	ENST00000443427,ENST00000338799,ENST00000440973,ENST00000206249	NA
3UUD	ENSG00000091831	ENST00000206249	LIG 3	GOL	YES	ENST00000443427,ENST00000338799,ENST00000440973,ENST00000206249	323,393
3UUD	ENSG00000091831	ENST00000338799	LIG 3	GOL	YES	ENST00000443427,ENST00000338799,ENST00000440973,ENST00000206249	323,393
3UUD	ENSG00000091831	ENST00000406599	LIG 3	GOL	NO	ENST00000443427,ENST00000338799,ENST00000440973,ENST00000206249	NA
3UUD	ENSG00000091831	ENST00000404742	LIG 3	GOL	NO	ENST00000443427,ENST00000338799,ENST00000440973,ENST00000206249	NA
3UUD	ENSG00000091831	ENST00000443427	LIG 3	GOL	YES	ENST00000443427,ENST00000338799,ENST00000440973,ENST00000206249	323,393
3UUD	ENSG00000091831	ENST00000427531	LIG 3	GOL	YES	ENST00000443427,ENST00000338799,ENST00000440973,ENST00000206249	150,220
3UUD	ENSG00000091831	ENST00000415488	LIG 3	GOL	NO	ENST00000443427,ENST00000338799,ENST00000440973,ENST00000206249	NA
3UUD	ENSG00000091831	ENST00000440973	LIG 3	GOL	YES	ENST00000443427,ENST00000338799,ENST00000440973,ENST00000206249	323,393
3UUD	ENSG00000091831	ENST00000446550	LIG 3	GOL	NO	ENST00000443427,ENST00000338799,ENST00000440973,ENST00000206249	NA
3UUD	ENSG00000091831	ENST00000456483	LIG 3	GOL	NO	ENST00000443427,ENST00000338799,ENST00000440973,ENST00000206249	NA
3UUD	ENSG00000091831	ENST00000638569	LIG 3	GOL	NO	ENST00000443427,ENST00000338799,ENST00000440973,ENST00000206249	NA
4MG8	ENSG00000091831	ENST00000206249	LIG 3	GOL	YES	ENST00000440973,ENST00000338799,ENST00000206249,ENST00000443427	320,323,393,442
4MG8	ENSG00000091831	ENST00000338799	LIG 3	GOL	YES	ENST00000440973,ENST00000338799,ENST00000206249,ENST00000443427	320,323,393,442
4MG8	ENSG00000091831	ENST00000406599	LIG 3	GOL	NO	ENST00000440973,ENST00000338799,ENST00000206249,ENST00000443427	NA
4MG8	ENSG00000091831	ENST00000404742	LIG 3	GOL	NO	ENST00000440973,ENST00000338799,ENST00000206249,ENST00000443427	NA
4MG8	ENSG00000091831	ENST00000443427	LIG 3	GOL	YES	ENST00000440973,ENST00000338799,ENST00000206249,ENST00000443427	320,323,393,442
4MG8	ENSG00000091831	ENST00000427531	LIG 3	GOL	YES	ENST00000440973,ENST00000338799,ENST00000206249,ENST00000443427	147,150,220,269
4MG8	ENSG00000091831	ENST00000415488	LIG 3	GOL	NO	ENST00000440973,ENST00000338799,ENST00000206249,ENST00000443427	NA
4MG8	ENSG00000091831	ENST00000440973	LIG 3	GOL	YES	ENST00000440973,ENST00000338799,ENST00000206249,ENST00000443427	320,323,393,442
4MG8	ENSG00000091831	ENST00000446550	LIG 3	GOL	NO	ENST00000440973,ENST00000338799,ENST00000206249,ENST00000443427	NA
4MG8	ENSG00000091831	ENST00000456483	LIG 3	GOL	NO	ENST00000440973,ENST00000338799,ENST00000206249,ENST00000443427	NA
4MG8	ENSG00000091831	ENST00000638569	LIG 3	GOL	NO	ENST00000440973,ENST00000338799,ENST00000206249,ENST00000443427	NA
4MG8	ENSG00000091831	ENST00000206249	LIG 2	27J	YES	ENST00000440973,ENST00000338799,ENST00000206249,ENST00000443427	346,349,350,353,387,388,391,421,428,519,522,523
4MG8	ENSG00000091831	ENST00000338799	LIG 2	27J	YES	ENST00000440973,ENST00000338799,ENST00000206249,ENST00000443427	346,349,350,353,387,388,391,421,428,519,522,523
4MG8	ENSG00000091831	ENST00000406599	LIG 2	27J	NO	ENST00000440973,ENST00000338799,ENST00000206249,ENST00000443427	NA
4MG8	ENSG00000091831	ENST00000404742	LIG 2	27J	NO	ENST00000440973,ENST00000338799,ENST00000206249,ENST00000443427	NA
4MG8	ENSG00000091831	ENST00000443427	LIG 2	27J	YES	ENST00000440973,ENST00000338799,ENST00000206249,ENST00000443427	346,349,350,353,387,388,391,421,428,519,522,523
4MG8	ENSG00000091831	ENST00000427531	LIG 2	27J	NO	ENST00000440973,ENST00000338799,ENST00000206249,ENST00000443427	NA
4MG8	ENSG00000091831	ENST00000415488	LIG 2	27J	NO	ENST00000440973,ENST00000338799,ENST00000206249,ENST00000443427	NA
4MG8	ENSG00000091831	ENST00000440973	LIG 2	27J	YES	ENST00000440973,ENST00000338799,ENST00000206249,ENST00000443427	346,349,350,353,387,388,391,421,428,519,522,523
4MG8	ENSG00000091831	ENST00000446550	LIG 2	27J	NO	ENST00000440973,ENST00000338799,ENST00000206249,ENST00000443427	NA
4MG8	ENSG00000091831	ENST00000456483	LIG 2	27J	NO	ENST00000440973,ENST00000338799,ENST00000206249,ENST00000443427	NA
4MG8	ENSG00000091831	ENST00000638569	LIG 2	27J	NO	ENST00000440973,ENST00000338799,ENST00000206249,ENST00000443427	NA
4MG9	ENSG00000091831	ENST00000206249	LIG 3	GOL	YES	ENST00000440973,ENST00000206249,ENST00000338799,ENST00000443427	320,323,393,446
4MG9	ENSG00000091831	ENST00000338799	LIG 3	GOL	YES	ENST00000440973,ENST00000206249,ENST00000338799,ENST00000443427	320,323,393,446
4MG9	ENSG00000091831	ENST00000406599	LIG 3	GOL	NO	ENST00000440973,ENST00000206249,ENST00000338799,ENST00000443427	NA
4MG9	ENSG00000091831	ENST00000404742	LIG 3	GOL	NO	ENST00000440973,ENST00000206249,ENST00000338799,ENST00000443427	NA
4MG9	ENSG00000091831	ENST00000443427	LIG 3	GOL	YES	ENST00000440973,ENST00000206249,ENST00000338799,ENST00000443427	320,323,393,446
4MG9	ENSG00000091831	ENST00000427531	LIG 3	GOL	YES	ENST00000440973,ENST00000206249,ENST00000338799,ENST00000443427	147,150,220,273
4MG9	ENSG00000091831	ENST00000415488	LIG 3	GOL	NO	ENST00000440973,ENST00000206249,ENST00000338799,ENST00000443427	NA
4MG9	ENSG00000091831	ENST00000440973	LIG 3	GOL	YES	ENST00000440973,ENST00000206249,ENST00000338799,ENST00000443427	320,323,393,446
4MG9	ENSG00000091831	ENST00000446550	LIG 3	GOL	NO	ENST00000440973,ENST00000206249,ENST00000338799,ENST00000443427	NA
4MG9	ENSG00000091831	ENST00000456483	LIG 3	GOL	NO	ENST00000440973,ENST00000206249,ENST00000338799,ENST00000443427	NA
4MG9	ENSG00000091831	ENST00000638569	LIG 3	GOL	NO	ENST00000440973,ENST00000206249,ENST00000338799,ENST00000443427	NA
4MG9	ENSG00000091831	ENST00000206249	LIG 2	27K	YES	ENST00000440973,ENST00000206249,ENST00000338799,ENST00000443427	346,350,353,387,391,394,519,523
4MG9	ENSG00000091831	ENST00000338799	LIG 2	27K	YES	ENST00000440973,ENST00000206249,ENST00000338799,ENST00000443427	346,350,353,387,391,394,519,523
4MG9	ENSG00000091831	ENST00000406599	LIG 2	27K	NO	ENST00000440973,ENST00000206249,ENST00000338799,ENST00000443427	NA
4MG9	ENSG00000091831	ENST00000404742	LIG 2	27K	NO	ENST00000440973,ENST00000206249,ENST00000338799,ENST00000443427	NA
4MG9	ENSG00000091831	ENST00000443427	LIG 2	27K	YES	ENST00000440973,ENST00000206249,ENST00000338799,ENST00000443427	346,350,353,387,391,394,519,523
4MG9	ENSG00000091831	ENST00000427531	LIG 2	27K	NO	ENST00000440973,ENST00000206249,ENST00000338799,ENST00000443427	NA
4MG9	ENSG00000091831	ENST00000415488	LIG 2	27K	NO	ENST00000440973,ENST00000206249,ENST00000338799,ENST00000443427	NA
4MG9	ENSG00000091831	ENST00000440973	LIG 2	27K	YES	ENST00000440973,ENST00000206249,ENST00000338799,ENST00000443427	346,350,353,387,391,394,519,523
4MG9	ENSG00000091831	ENST00000446550	LIG 2	27K	NO	ENST00000440973,ENST00000206249,ENST00000338799,ENST00000443427	NA
4MG9	ENSG00000091831	ENST00000456483	LIG 2	27K	NO	ENST00000440973,ENST00000206249,ENST00000338799,ENST00000443427	NA
4MG9	ENSG00000091831	ENST00000638569	LIG 2	27K	NO	ENST00000440973,ENST00000206249,ENST00000338799,ENST00000443427	NA
4MGC	ENSG00000091831	ENST00000206249	LIG 3	GOL	YES	ENST00000440973,ENST00000443427,ENST00000206249,ENST00000338799	323,392,437,438,440,441,443,487,489,497
4MGC	ENSG00000091831	ENST00000338799	LIG 3	GOL	YES	ENST00000440973,ENST00000443427,ENST00000206249,ENST00000338799	323,392,437,438,440,441,443,487,489,497
4MGC	ENSG00000091831	ENST00000406599	LIG 3	GOL	NO	ENST00000440973,ENST00000443427,ENST00000206249,ENST00000338799	NA
4MGC	ENSG00000091831	ENST00000404742	LIG 3	GOL	NO	ENST00000440973,ENST00000443427,ENST00000206249,ENST00000338799	NA
4MGC	ENSG00000091831	ENST00000443427	LIG 3	GOL	YES	ENST00000440973,ENST00000443427,ENST00000206249,ENST00000338799	323,392,437,438,440,441,443,487,489,497
4MGC	ENSG00000091831	ENST00000427531	LIG 3	GOL	NO	ENST00000440973,ENST00000443427,ENST00000206249,ENST00000338799	NA
4MGC	ENSG00000091831	ENST00000415488	LIG 3	GOL	NO	ENST00000440973,ENST00000443427,ENST00000206249,ENST00000338799	NA
4MGC	ENSG00000091831	ENST00000440973	LIG 3	GOL	YES	ENST00000440973,ENST00000443427,ENST00000206249,ENST00000338799	323,392,437,438,440,441,443,487,489,497
4MGC	ENSG00000091831	ENST00000446550	LIG 3	GOL	NO	ENST00000440973,ENST00000443427,ENST00000206249,ENST00000338799	NA
4MGC	ENSG00000091831	ENST00000456483	LIG 3	GOL	NO	ENST00000440973,ENST00000443427,ENST00000206249,ENST00000338799	NA
4MGC	ENSG00000091831	ENST00000638569	LIG 3	GOL	NO	ENST00000440973,ENST00000443427,ENST00000206249,ENST00000338799	NA
4PXM	ENSG00000091831	ENST00000206249	LIG 3	EST	YES	ENST00000443427,ENST00000338799,ENST00000206249,ENST00000440973	343,346,353,387,388,394,404,508,511,512
4PXM	ENSG00000091831	ENST00000338799	LIG 3	EST	YES	ENST00000443427,ENST00000338799,ENST00000206249,ENST00000440973	343,346,353,387,388,394,404,508,511,512
4PXM	ENSG00000091831	ENST00000406599	LIG 3	EST	NO	ENST00000443427,ENST00000338799,ENST00000206249,ENST00000440973	NA
4PXM	ENSG00000091831	ENST00000404742	LIG 3	EST	NO	ENST00000443427,ENST00000338799,ENST00000206249,ENST00000440973	NA
4PXM	ENSG00000091831	ENST00000443427	LIG 3	EST	YES	ENST00000443427,ENST00000338799,ENST00000206249,ENST00000440973	343,346,353,387,388,394,404,508,511,512
4PXM	ENSG00000091831	ENST00000427531	LIG 3	EST	NO	ENST00000443427,ENST00000338799,ENST00000206249,ENST00000440973	NA
4PXM	ENSG00000091831	ENST00000415488	LIG 3	EST	NO	ENST00000443427,ENST00000338799,ENST00000206249,ENST00000440973	NA
4PXM	ENSG00000091831	ENST00000440973	LIG 3	EST	YES	ENST00000443427,ENST00000338799,ENST00000206249,ENST00000440973	343,346,353,387,388,394,404,508,511,512
4PXM	ENSG00000091831	ENST00000446550	LIG 3	EST	NO	ENST00000443427,ENST00000338799,ENST00000206249,ENST00000440973	NA
4PXM	ENSG00000091831	ENST00000456483	LIG 3	EST	NO	ENST00000443427,ENST00000338799,ENST00000206249,ENST00000440973	NA
4PXM	ENSG00000091831	ENST00000638569	LIG 3	EST	NO	ENST00000443427,ENST00000338799,ENST00000206249,ENST00000440973	NA
4TUZ	ENSG00000091831	ENST00000206249	LIG 3	GOL	YES	ENST00000338799,ENST00000443427,ENST00000440973,ENST00000206249	331,353,390,394,407,408,409,414,445,449
4TUZ	ENSG00000091831	ENST00000338799	LIG 3	GOL	YES	ENST00000338799,ENST00000443427,ENST00000440973,ENST00000206249	331,353,390,394,407,408,409,414,445,449
4TUZ	ENSG00000091831	ENST00000406599	LIG 3	GOL	NO	ENST00000338799,ENST00000443427,ENST00000440973,ENST00000206249	NA
4TUZ	ENSG00000091831	ENST00000404742	LIG 3	GOL	NO	ENST00000338799,ENST00000443427,ENST00000440973,ENST00000206249	NA
4TUZ	ENSG00000091831	ENST00000443427	LIG 3	GOL	YES	ENST00000338799,ENST00000443427,ENST00000440973,ENST00000206249	331,353,390,394,407,408,409,414,445,449
4TUZ	ENSG00000091831	ENST00000427531	LIG 3	GOL	YES	ENST00000338799,ENST00000443427,ENST00000440973,ENST00000206249	158,180,217,221,234,235,236,241,272,276
4TUZ	ENSG00000091831	ENST00000415488	LIG 3	GOL	NO	ENST00000338799,ENST00000443427,ENST00000440973,ENST00000206249	NA
4TUZ	ENSG00000091831	ENST00000440973	LIG 3	GOL	YES	ENST00000338799,ENST00000443427,ENST00000440973,ENST00000206249	331,353,390,394,407,408,409,414,445,449
4TUZ	ENSG00000091831	ENST00000446550	LIG 3	GOL	NO	ENST00000338799,ENST00000443427,ENST00000440973,ENST00000206249	NA
4TUZ	ENSG00000091831	ENST00000456483	LIG 3	GOL	NO	ENST00000338799,ENST00000443427,ENST00000440973,ENST00000206249	NA
4TUZ	ENSG00000091831	ENST00000638569	LIG 3	GOL	NO	ENST00000338799,ENST00000443427,ENST00000440973,ENST00000206249	NA
4TV1	ENSG00000091831	ENST00000206249	LIG 3	GOL	YES	ENST00000206249,ENST00000443427,ENST00000440973,ENST00000338799	323,331,393,407,408,409,410,414,442,521,524,526,527,528
4TV1	ENSG00000091831	ENST00000338799	LIG 3	GOL	YES	ENST00000206249,ENST00000443427,ENST00000440973,ENST00000338799	323,331,393,407,408,409,410,414,442,521,524,526,527,528
4TV1	ENSG00000091831	ENST00000406599	LIG 3	GOL	NO	ENST00000206249,ENST00000443427,ENST00000440973,ENST00000338799	NA
4TV1	ENSG00000091831	ENST00000404742	LIG 3	GOL	NO	ENST00000206249,ENST00000443427,ENST00000440973,ENST00000338799	NA
4TV1	ENSG00000091831	ENST00000443427	LIG 3	GOL	YES	ENST00000206249,ENST00000443427,ENST00000440973,ENST00000338799	323,331,393,407,408,409,410,414,442,521,524,526,527,528
4TV1	ENSG00000091831	ENST00000427531	LIG 3	GOL	NO	ENST00000206249,ENST00000443427,ENST00000440973,ENST00000338799	NA
4TV1	ENSG00000091831	ENST00000415488	LIG 3	GOL	NO	ENST00000206249,ENST00000443427,ENST00000440973,ENST00000338799	NA
4TV1	ENSG00000091831	ENST00000440973	LIG 3	GOL	YES	ENST00000206249,ENST00000443427,ENST00000440973,ENST00000338799	323,331,393,407,408,409,410,414,442,521,524,526,527,528
4TV1	ENSG00000091831	ENST00000446550	LIG 3	GOL	NO	ENST00000206249,ENST00000443427,ENST00000440973,ENST00000338799	NA
4TV1	ENSG00000091831	ENST00000456483	LIG 3	GOL	NO	ENST00000206249,ENST00000443427,ENST00000440973,ENST00000338799	NA
4TV1	ENSG00000091831	ENST00000638569	LIG 3	GOL	NO	ENST00000206249,ENST00000443427,ENST00000440973,ENST00000338799	NA
4TV1	ENSG00000091831	ENST00000206249	LIG 2	36M	YES	ENST00000206249,ENST00000443427,ENST00000440973,ENST00000338799	346,353,387,394,517
4TV1	ENSG00000091831	ENST00000338799	LIG 2	36M	YES	ENST00000206249,ENST00000443427,ENST00000440973,ENST00000338799	346,353,387,394,517
4TV1	ENSG00000091831	ENST00000406599	LIG 2	36M	NO	ENST00000206249,ENST00000443427,ENST00000440973,ENST00000338799	NA
4TV1	ENSG00000091831	ENST00000404742	LIG 2	36M	NO	ENST00000206249,ENST00000443427,ENST00000440973,ENST00000338799	NA
4TV1	ENSG00000091831	ENST00000443427	LIG 2	36M	YES	ENST00000206249,ENST00000443427,ENST00000440973,ENST00000338799	346,353,387,394,517
4TV1	ENSG00000091831	ENST00000427531	LIG 2	36M	NO	ENST00000206249,ENST00000443427,ENST00000440973,ENST00000338799	NA
4TV1	ENSG00000091831	ENST00000415488	LIG 2	36M	NO	ENST00000206249,ENST00000443427,ENST00000440973,ENST00000338799	NA
4TV1	ENSG00000091831	ENST00000440973	LIG 2	36M	YES	ENST00000206249,ENST00000443427,ENST00000440973,ENST00000338799	346,353,387,394,517
4TV1	ENSG00000091831	ENST00000446550	LIG 2	36M	NO	ENST00000206249,ENST00000443427,ENST00000440973,ENST00000338799	NA
4TV1	ENSG00000091831	ENST00000456483	LIG 2	36M	NO	ENST00000206249,ENST00000443427,ENST00000440973,ENST00000338799	NA
4TV1	ENSG00000091831	ENST00000638569	LIG 2	36M	NO	ENST00000206249,ENST00000443427,ENST00000440973,ENST00000338799	NA
4XI3	ENSG00000091831	ENST00000206249	LIG 1	29S	YES	ENST00000338799,ENST00000443427,ENST00000206249,ENST00000440973	339,340,343,344,346,347,376,380,381,384,387,397,417,421,505,506,513,514,515,516,522,523,525
4XI3	ENSG00000091831	ENST00000338799	LIG 1	29S	YES	ENST00000338799,ENST00000443427,ENST00000206249,ENST00000440973	339,340,343,344,346,347,376,380,381,384,387,397,417,421,505,506,513,514,515,516,522,523,525
4XI3	ENSG00000091831	ENST00000406599	LIG 1	29S	NO	ENST00000338799,ENST00000443427,ENST00000206249,ENST00000440973	NA
4XI3	ENSG00000091831	ENST00000404742	LIG 1	29S	NO	ENST00000338799,ENST00000443427,ENST00000206249,ENST00000440973	NA
4XI3	ENSG00000091831	ENST00000443427	LIG 1	29S	YES	ENST00000338799,ENST00000443427,ENST00000206249,ENST00000440973	339,340,343,344,346,347,376,380,381,384,387,397,417,421,505,506,513,514,515,516,522,523,525
4XI3	ENSG00000091831	ENST00000427531	LIG 1	29S	NO	ENST00000338799,ENST00000443427,ENST00000206249,ENST00000440973	NA
4XI3	ENSG00000091831	ENST00000415488	LIG 1	29S	NO	ENST00000338799,ENST00000443427,ENST00000206249,ENST00000440973	NA
4XI3	ENSG00000091831	ENST00000440973	LIG 1	29S	YES	ENST00000338799,ENST00000443427,ENST00000206249,ENST00000440973	339,340,343,344,346,347,376,380,381,384,387,397,417,421,505,506,513,514,515,516,522,523,525
4XI3	ENSG00000091831	ENST00000446550	LIG 1	29S	NO	ENST00000338799,ENST00000443427,ENST00000206249,ENST00000440973	NA
4XI3	ENSG00000091831	ENST00000456483	LIG 1	29S	NO	ENST00000338799,ENST00000443427,ENST00000206249,ENST00000440973	NA
4XI3	ENSG00000091831	ENST00000638569	LIG 1	29S	NO	ENST00000338799,ENST00000443427,ENST00000206249,ENST00000440973	NA
4ZN7	ENSG00000091831	ENST00000206249	LIG 2	DES	YES	ENST00000206249,ENST00000338799,ENST00000443427,ENST00000440973	343,350,353,384,387,391,394,404,421,511,514,515,518
4ZN7	ENSG00000091831	ENST00000338799	LIG 2	DES	YES	ENST00000206249,ENST00000338799,ENST00000443427,ENST00000440973	343,350,353,384,387,391,394,404,421,511,514,515,518
4ZN7	ENSG00000091831	ENST00000406599	LIG 2	DES	NO	ENST00000206249,ENST00000338799,ENST00000443427,ENST00000440973	NA
4ZN7	ENSG00000091831	ENST00000404742	LIG 2	DES	NO	ENST00000206249,ENST00000338799,ENST00000443427,ENST00000440973	NA
4ZN7	ENSG00000091831	ENST00000443427	LIG 2	DES	YES	ENST00000206249,ENST00000338799,ENST00000443427,ENST00000440973	343,350,353,384,387,391,394,404,421,511,514,515,518
4ZN7	ENSG00000091831	ENST00000427531	LIG 2	DES	NO	ENST00000206249,ENST00000338799,ENST00000443427,ENST00000440973	NA
4ZN7	ENSG00000091831	ENST00000415488	LIG 2	DES	NO	ENST00000206249,ENST00000338799,ENST00000443427,ENST00000440973	NA
4ZN7	ENSG00000091831	ENST00000440973	LIG 2	DES	YES	ENST00000206249,ENST00000338799,ENST00000443427,ENST00000440973	343,350,353,384,387,391,394,404,421,511,514,515,518
4ZN7	ENSG00000091831	ENST00000446550	LIG 2	DES	NO	ENST00000206249,ENST00000338799,ENST00000443427,ENST00000440973	NA
4ZN7	ENSG00000091831	ENST00000456483	LIG 2	DES	NO	ENST00000206249,ENST00000338799,ENST00000443427,ENST00000440973	NA
4ZN7	ENSG00000091831	ENST00000638569	LIG 2	DES	NO	ENST00000206249,ENST00000338799,ENST00000443427,ENST00000440973	NA
5DX3	ENSG00000091831	ENST00000206249	LIG 1	EST	YES	ENST00000206249,ENST00000338799,ENST00000443427,ENST00000440973	343,346,349,350,353,387,394,511,514,515
5DX3	ENSG00000091831	ENST00000338799	LIG 1	EST	YES	ENST00000206249,ENST00000338799,ENST00000443427,ENST00000440973	343,346,349,350,353,387,394,511,514,515
5DX3	ENSG00000091831	ENST00000406599	LIG 1	EST	NO	ENST00000206249,ENST00000338799,ENST00000443427,ENST00000440973	NA
5DX3	ENSG00000091831	ENST00000404742	LIG 1	EST	NO	ENST00000206249,ENST00000338799,ENST00000443427,ENST00000440973	NA
5DX3	ENSG00000091831	ENST00000443427	LIG 1	EST	YES	ENST00000206249,ENST00000338799,ENST00000443427,ENST00000440973	343,346,349,350,353,387,394,511,514,515
5DX3	ENSG00000091831	ENST00000427531	LIG 1	EST	NO	ENST00000206249,ENST00000338799,ENST00000443427,ENST00000440973	NA
5DX3	ENSG00000091831	ENST00000415488	LIG 1	EST	NO	ENST00000206249,ENST00000338799,ENST00000443427,ENST00000440973	NA
5DX3	ENSG00000091831	ENST00000440973	LIG 1	EST	YES	ENST00000206249,ENST00000338799,ENST00000443427,ENST00000440973	343,346,349,350,353,387,394,511,514,515
5DX3	ENSG00000091831	ENST00000446550	LIG 1	EST	NO	ENST00000206249,ENST00000338799,ENST00000443427,ENST00000440973	NA
5DX3	ENSG00000091831	ENST00000456483	LIG 1	EST	NO	ENST00000206249,ENST00000338799,ENST00000443427,ENST00000440973	NA
5DX3	ENSG00000091831	ENST00000638569	LIG 1	EST	NO	ENST00000206249,ENST00000338799,ENST00000443427,ENST00000440973	NA
5DXB	ENSG00000091831	ENST00000206249	LIG 1	EST	YES	ENST00000443427,ENST00000206249,ENST00000338799,ENST00000440973	343,346,353,387,388,394,404,511,514,515
5DXB	ENSG00000091831	ENST00000338799	LIG 1	EST	YES	ENST00000443427,ENST00000206249,ENST00000338799,ENST00000440973	343,346,353,387,388,394,404,511,514,515
5DXB	ENSG00000091831	ENST00000406599	LIG 1	EST	NO	ENST00000443427,ENST00000206249,ENST00000338799,ENST00000440973	NA
5DXB	ENSG00000091831	ENST00000404742	LIG 1	EST	NO	ENST00000443427,ENST00000206249,ENST00000338799,ENST00000440973	NA
5DXB	ENSG00000091831	ENST00000443427	LIG 1	EST	YES	ENST00000443427,ENST00000206249,ENST00000338799,ENST00000440973	343,346,353,387,388,394,404,511,514,515
5DXB	ENSG00000091831	ENST00000427531	LIG 1	EST	NO	ENST00000443427,ENST00000206249,ENST00000338799,ENST00000440973	NA
5DXB	ENSG00000091831	ENST00000415488	LIG 1	EST	NO	ENST00000443427,ENST00000206249,ENST00000338799,ENST00000440973	NA
5DXB	ENSG00000091831	ENST00000440973	LIG 1	EST	YES	ENST00000443427,ENST00000206249,ENST00000338799,ENST00000440973	343,346,353,387,388,394,404,511,514,515
5DXB	ENSG00000091831	ENST00000446550	LIG 1	EST	NO	ENST00000443427,ENST00000206249,ENST00000338799,ENST00000440973	NA
5DXB	ENSG00000091831	ENST00000456483	LIG 1	EST	NO	ENST00000443427,ENST00000206249,ENST00000338799,ENST00000440973	NA
5DXB	ENSG00000091831	ENST00000638569	LIG 1	EST	NO	ENST00000443427,ENST00000206249,ENST00000338799,ENST00000440973	NA
5DXE	ENSG00000091831	ENST00000206249	LIG 1	EST	YES	ENST00000440973,ENST00000443427,ENST00000206249,ENST00000338799	343,346,353,387,388,394,404,511,514,515
5DXE	ENSG00000091831	ENST00000338799	LIG 1	EST	YES	ENST00000440973,ENST00000443427,ENST00000206249,ENST00000338799	343,346,353,387,388,394,404,511,514,515
5DXE	ENSG00000091831	ENST00000406599	LIG 1	EST	NO	ENST00000440973,ENST00000443427,ENST00000206249,ENST00000338799	NA
5DXE	ENSG00000091831	ENST00000404742	LIG 1	EST	NO	ENST00000440973,ENST00000443427,ENST00000206249,ENST00000338799	NA
5DXE	ENSG00000091831	ENST00000443427	LIG 1	EST	YES	ENST00000440973,ENST00000443427,ENST00000206249,ENST00000338799	343,346,353,387,388,394,404,511,514,515
5DXE	ENSG00000091831	ENST00000427531	LIG 1	EST	NO	ENST00000440973,ENST00000443427,ENST00000206249,ENST00000338799	NA
5DXE	ENSG00000091831	ENST00000415488	LIG 1	EST	NO	ENST00000440973,ENST00000443427,ENST00000206249,ENST00000338799	NA
5DXE	ENSG00000091831	ENST00000440973	LIG 1	EST	YES	ENST00000440973,ENST00000443427,ENST00000206249,ENST00000338799	343,346,353,387,388,394,404,511,514,515
5DXE	ENSG00000091831	ENST00000446550	LIG 1	EST	NO	ENST00000440973,ENST00000443427,ENST00000206249,ENST00000338799	NA
5DXE	ENSG00000091831	ENST00000456483	LIG 1	EST	NO	ENST00000440973,ENST00000443427,ENST00000206249,ENST00000338799	NA
5DXE	ENSG00000091831	ENST00000638569	LIG 1	EST	NO	ENST00000440973,ENST00000443427,ENST00000206249,ENST00000338799	NA
5DXG	ENSG00000091831	ENST00000206249	LIG 2	EST	YES	ENST00000440973,ENST00000443427,ENST00000338799,ENST00000206249	343,346,353,387,388,394,404,510,513,514
5DXG	ENSG00000091831	ENST00000338799	LIG 2	EST	YES	ENST00000440973,ENST00000443427,ENST00000338799,ENST00000206249	343,346,353,387,388,394,404,510,513,514
5DXG	ENSG00000091831	ENST00000406599	LIG 2	EST	NO	ENST00000440973,ENST00000443427,ENST00000338799,ENST00000206249	NA
5DXG	ENSG00000091831	ENST00000404742	LIG 2	EST	NO	ENST00000440973,ENST00000443427,ENST00000338799,ENST00000206249	NA
5DXG	ENSG00000091831	ENST00000443427	LIG 2	EST	YES	ENST00000440973,ENST00000443427,ENST00000338799,ENST00000206249	343,346,353,387,388,394,404,510,513,514
5DXG	ENSG00000091831	ENST00000427531	LIG 2	EST	NO	ENST00000440973,ENST00000443427,ENST00000338799,ENST00000206249	NA
5DXG	ENSG00000091831	ENST00000415488	LIG 2	EST	NO	ENST00000440973,ENST00000443427,ENST00000338799,ENST00000206249	NA
5DXG	ENSG00000091831	ENST00000440973	LIG 2	EST	YES	ENST00000440973,ENST00000443427,ENST00000338799,ENST00000206249	343,346,353,387,388,394,404,510,513,514
5DXG	ENSG00000091831	ENST00000446550	LIG 2	EST	NO	ENST00000440973,ENST00000443427,ENST00000338799,ENST00000206249	NA
5DXG	ENSG00000091831	ENST00000456483	LIG 2	EST	NO	ENST00000440973,ENST00000443427,ENST00000338799,ENST00000206249	NA
5DXG	ENSG00000091831	ENST00000638569	LIG 2	EST	NO	ENST00000440973,ENST00000443427,ENST00000338799,ENST00000206249	NA
5GS4	ENSG00000091831	ENST00000206249	LIG 3	EST	YES	ENST00000440973,ENST00000338799,ENST00000443427,ENST00000206249	336,339,343,346,380,381,384,387,397,414,514,517,518
5GS4	ENSG00000091831	ENST00000338799	LIG 3	EST	YES	ENST00000440973,ENST00000338799,ENST00000443427,ENST00000206249	336,339,343,346,380,381,384,387,397,414,514,517,518
5GS4	ENSG00000091831	ENST00000406599	LIG 3	EST	NO	ENST00000440973,ENST00000338799,ENST00000443427,ENST00000206249	NA
5GS4	ENSG00000091831	ENST00000404742	LIG 3	EST	NO	ENST00000440973,ENST00000338799,ENST00000443427,ENST00000206249	NA
5GS4	ENSG00000091831	ENST00000443427	LIG 3	EST	YES	ENST00000440973,ENST00000338799,ENST00000443427,ENST00000206249	336,339,343,346,380,381,384,387,397,414,514,517,518
5GS4	ENSG00000091831	ENST00000427531	LIG 3	EST	NO	ENST00000440973,ENST00000338799,ENST00000443427,ENST00000206249	NA
5GS4	ENSG00000091831	ENST00000415488	LIG 3	EST	NO	ENST00000440973,ENST00000338799,ENST00000443427,ENST00000206249	NA
5GS4	ENSG00000091831	ENST00000440973	LIG 3	EST	YES	ENST00000440973,ENST00000338799,ENST00000443427,ENST00000206249	336,339,343,346,380,381,384,387,397,414,514,517,518
5GS4	ENSG00000091831	ENST00000446550	LIG 3	EST	NO	ENST00000440973,ENST00000338799,ENST00000443427,ENST00000206249	NA
5GS4	ENSG00000091831	ENST00000456483	LIG 3	EST	NO	ENST00000440973,ENST00000338799,ENST00000443427,ENST00000206249	NA
5GS4	ENSG00000091831	ENST00000638569	LIG 3	EST	NO	ENST00000440973,ENST00000338799,ENST00000443427,ENST00000206249	NA
5GTR	ENSG00000091831	ENST00000206249	LIG 2	EST	YES	ENST00000338799,ENST00000443427,ENST00000206249,ENST00000440973	339,343,346,380,381,384,387,397,414,417,517,518
5GTR	ENSG00000091831	ENST00000338799	LIG 2	EST	YES	ENST00000338799,ENST00000443427,ENST00000206249,ENST00000440973	339,343,346,380,381,384,387,397,414,417,517,518
5GTR	ENSG00000091831	ENST00000406599	LIG 2	EST	NO	ENST00000338799,ENST00000443427,ENST00000206249,ENST00000440973	NA
5GTR	ENSG00000091831	ENST00000404742	LIG 2	EST	NO	ENST00000338799,ENST00000443427,ENST00000206249,ENST00000440973	NA
5GTR	ENSG00000091831	ENST00000443427	LIG 2	EST	YES	ENST00000338799,ENST00000443427,ENST00000206249,ENST00000440973	339,343,346,380,381,384,387,397,414,417,517,518
5GTR	ENSG00000091831	ENST00000427531	LIG 2	EST	YES	ENST00000338799,ENST00000443427,ENST00000206249,ENST00000440973	166,170,173,207,208,211,214,224,241,244,302,303
5GTR	ENSG00000091831	ENST00000415488	LIG 2	EST	NO	ENST00000338799,ENST00000443427,ENST00000206249,ENST00000440973	NA
5GTR	ENSG00000091831	ENST00000440973	LIG 2	EST	YES	ENST00000338799,ENST00000443427,ENST00000206249,ENST00000440973	339,343,346,380,381,384,387,397,414,417,517,518
5GTR	ENSG00000091831	ENST00000446550	LIG 2	EST	NO	ENST00000338799,ENST00000443427,ENST00000206249,ENST00000440973	NA
5GTR	ENSG00000091831	ENST00000456483	LIG 2	EST	NO	ENST00000338799,ENST00000443427,ENST00000206249,ENST00000440973	NA
5GTR	ENSG00000091831	ENST00000638569	LIG 2	EST	NO	ENST00000338799,ENST00000443427,ENST00000206249,ENST00000440973	NA
5HYR	ENSG00000091831	ENST00000206249	LIG 1	EST	YES	ENST00000206249,ENST00000443427,ENST00000338799,ENST00000440973	343,346,350,353,387,394,404,510,513,514
5HYR	ENSG00000091831	ENST00000338799	LIG 1	EST	YES	ENST00000206249,ENST00000443427,ENST00000338799,ENST00000440973	343,346,350,353,387,394,404,510,513,514
5HYR	ENSG00000091831	ENST00000406599	LIG 1	EST	NO	ENST00000206249,ENST00000443427,ENST00000338799,ENST00000440973	NA
5HYR	ENSG00000091831	ENST00000404742	LIG 1	EST	NO	ENST00000206249,ENST00000443427,ENST00000338799,ENST00000440973	NA
5HYR	ENSG00000091831	ENST00000443427	LIG 1	EST	YES	ENST00000206249,ENST00000443427,ENST00000338799,ENST00000440973	343,346,350,353,387,394,404,510,513,514
5HYR	ENSG00000091831	ENST00000427531	LIG 1	EST	NO	ENST00000206249,ENST00000443427,ENST00000338799,ENST00000440973	NA
5HYR	ENSG00000091831	ENST00000415488	LIG 1	EST	NO	ENST00000206249,ENST00000443427,ENST00000338799,ENST00000440973	NA
5HYR	ENSG00000091831	ENST00000440973	LIG 1	EST	YES	ENST00000206249,ENST00000443427,ENST00000338799,ENST00000440973	343,346,350,353,387,394,404,510,513,514
5HYR	ENSG00000091831	ENST00000446550	LIG 1	EST	NO	ENST00000206249,ENST00000443427,ENST00000338799,ENST00000440973	NA
5HYR	ENSG00000091831	ENST00000456483	LIG 1	EST	NO	ENST00000206249,ENST00000443427,ENST00000338799,ENST00000440973	NA
5HYR	ENSG00000091831	ENST00000638569	LIG 1	EST	NO	ENST00000206249,ENST00000443427,ENST00000338799,ENST00000440973	NA
5HYR	ENSG00000091831	ENST00000206249	LIG 2	GOL	YES	ENST00000206249,ENST00000443427,ENST00000338799,ENST00000440973	351,355,526,528
5HYR	ENSG00000091831	ENST00000338799	LIG 2	GOL	YES	ENST00000206249,ENST00000443427,ENST00000338799,ENST00000440973	351,355,526,528
5HYR	ENSG00000091831	ENST00000406599	LIG 2	GOL	NO	ENST00000206249,ENST00000443427,ENST00000338799,ENST00000440973	NA
5HYR	ENSG00000091831	ENST00000404742	LIG 2	GOL	NO	ENST00000206249,ENST00000443427,ENST00000338799,ENST00000440973	NA
5HYR	ENSG00000091831	ENST00000443427	LIG 2	GOL	YES	ENST00000206249,ENST00000443427,ENST00000338799,ENST00000440973	351,355,526,528
5HYR	ENSG00000091831	ENST00000427531	LIG 2	GOL	NO	ENST00000206249,ENST00000443427,ENST00000338799,ENST00000440973	NA
5HYR	ENSG00000091831	ENST00000415488	LIG 2	GOL	NO	ENST00000206249,ENST00000443427,ENST00000338799,ENST00000440973	NA
5HYR	ENSG00000091831	ENST00000440973	LIG 2	GOL	YES	ENST00000206249,ENST00000443427,ENST00000338799,ENST00000440973	351,355,526,528
5HYR	ENSG00000091831	ENST00000446550	LIG 2	GOL	NO	ENST00000206249,ENST00000443427,ENST00000338799,ENST00000440973	NA
5HYR	ENSG00000091831	ENST00000456483	LIG 2	GOL	NO	ENST00000206249,ENST00000443427,ENST00000338799,ENST00000440973	NA
5HYR	ENSG00000091831	ENST00000638569	LIG 2	GOL	NO	ENST00000206249,ENST00000443427,ENST00000338799,ENST00000440973	NA
5JMM	ENSG00000091831	ENST00000206249	LIG 4	GOL	YES	ENST00000440973,ENST00000443427,ENST00000338799,ENST00000206249	323,393,441,442,444,479,483,485,493
5JMM	ENSG00000091831	ENST00000338799	LIG 4	GOL	YES	ENST00000440973,ENST00000443427,ENST00000338799,ENST00000206249	323,393,441,442,444,479,483,485,493
5JMM	ENSG00000091831	ENST00000406599	LIG 4	GOL	NO	ENST00000440973,ENST00000443427,ENST00000338799,ENST00000206249	NA
5JMM	ENSG00000091831	ENST00000404742	LIG 4	GOL	NO	ENST00000440973,ENST00000443427,ENST00000338799,ENST00000206249	NA
5JMM	ENSG00000091831	ENST00000443427	LIG 4	GOL	YES	ENST00000440973,ENST00000443427,ENST00000338799,ENST00000206249	323,393,441,442,444,479,483,485,493
5JMM	ENSG00000091831	ENST00000427531	LIG 4	GOL	NO	ENST00000440973,ENST00000443427,ENST00000338799,ENST00000206249	NA
5JMM	ENSG00000091831	ENST00000415488	LIG 4	GOL	NO	ENST00000440973,ENST00000443427,ENST00000338799,ENST00000206249	NA
5JMM	ENSG00000091831	ENST00000440973	LIG 4	GOL	YES	ENST00000440973,ENST00000443427,ENST00000338799,ENST00000206249	323,393,441,442,444,479,483,485,493
5JMM	ENSG00000091831	ENST00000446550	LIG 4	GOL	NO	ENST00000440973,ENST00000443427,ENST00000338799,ENST00000206249	NA
5JMM	ENSG00000091831	ENST00000456483	LIG 4	GOL	NO	ENST00000440973,ENST00000443427,ENST00000338799,ENST00000206249	NA
5JMM	ENSG00000091831	ENST00000638569	LIG 4	GOL	NO	ENST00000440973,ENST00000443427,ENST00000338799,ENST00000206249	NA
5WGD	ENSG00000091831	ENST00000206249	LIG 1	EST	YES	ENST00000443427,ENST00000338799,ENST00000206249,ENST00000440973	343,346,353,387,388,391,394,404,512,513
5WGD	ENSG00000091831	ENST00000338799	LIG 1	EST	YES	ENST00000443427,ENST00000338799,ENST00000206249,ENST00000440973	343,346,353,387,388,391,394,404,512,513
5WGD	ENSG00000091831	ENST00000406599	LIG 1	EST	NO	ENST00000443427,ENST00000338799,ENST00000206249,ENST00000440973	NA
5WGD	ENSG00000091831	ENST00000404742	LIG 1	EST	NO	ENST00000443427,ENST00000338799,ENST00000206249,ENST00000440973	NA
5WGD	ENSG00000091831	ENST00000443427	LIG 1	EST	YES	ENST00000443427,ENST00000338799,ENST00000206249,ENST00000440973	343,346,353,387,388,391,394,404,512,513
5WGD	ENSG00000091831	ENST00000427531	LIG 1	EST	NO	ENST00000443427,ENST00000338799,ENST00000206249,ENST00000440973	NA
5WGD	ENSG00000091831	ENST00000415488	LIG 1	EST	NO	ENST00000443427,ENST00000338799,ENST00000206249,ENST00000440973	NA
5WGD	ENSG00000091831	ENST00000440973	LIG 1	EST	YES	ENST00000443427,ENST00000338799,ENST00000206249,ENST00000440973	343,346,353,387,388,391,394,404,512,513
5WGD	ENSG00000091831	ENST00000446550	LIG 1	EST	NO	ENST00000443427,ENST00000338799,ENST00000206249,ENST00000440973	NA
5WGD	ENSG00000091831	ENST00000456483	LIG 1	EST	NO	ENST00000443427,ENST00000338799,ENST00000206249,ENST00000440973	NA
5WGD	ENSG00000091831	ENST00000638569	LIG 1	EST	NO	ENST00000443427,ENST00000338799,ENST00000206249,ENST00000440973	NA
5WGQ	ENSG00000091831	ENST00000206249	LIG 1	EST	YES	ENST00000443427,ENST00000206249,ENST00000440973,ENST00000338799	343,347,350,384,385,391,418,512,515,516
5WGQ	ENSG00000091831	ENST00000338799	LIG 1	EST	YES	ENST00000443427,ENST00000206249,ENST00000440973,ENST00000338799	343,347,350,384,385,391,418,512,515,516
5WGQ	ENSG00000091831	ENST00000406599	LIG 1	EST	NO	ENST00000443427,ENST00000206249,ENST00000440973,ENST00000338799	NA
5WGQ	ENSG00000091831	ENST00000404742	LIG 1	EST	NO	ENST00000443427,ENST00000206249,ENST00000440973,ENST00000338799	NA
5WGQ	ENSG00000091831	ENST00000443427	LIG 1	EST	YES	ENST00000443427,ENST00000206249,ENST00000440973,ENST00000338799	343,347,350,384,385,391,418,512,515,516
5WGQ	ENSG00000091831	ENST00000427531	LIG 1	EST	NO	ENST00000443427,ENST00000206249,ENST00000440973,ENST00000338799	NA
5WGQ	ENSG00000091831	ENST00000415488	LIG 1	EST	NO	ENST00000443427,ENST00000206249,ENST00000440973,ENST00000338799	NA
5WGQ	ENSG00000091831	ENST00000440973	LIG 1	EST	YES	ENST00000443427,ENST00000206249,ENST00000440973,ENST00000338799	343,347,350,384,385,391,418,512,515,516
5WGQ	ENSG00000091831	ENST00000446550	LIG 1	EST	NO	ENST00000443427,ENST00000206249,ENST00000440973,ENST00000338799	NA
5WGQ	ENSG00000091831	ENST00000456483	LIG 1	EST	NO	ENST00000443427,ENST00000206249,ENST00000440973,ENST00000338799	NA
5WGQ	ENSG00000091831	ENST00000638569	LIG 1	EST	NO	ENST00000443427,ENST00000206249,ENST00000440973,ENST00000338799	NA
6B0F	ENSG00000091831	ENST00000206249	LIG 2	GOL	YES	ENST00000443427,ENST00000440973,ENST00000206249,ENST00000338799	323,325,326,327,328,343,347,382,386,425,427,430,435,463,473
6B0F	ENSG00000091831	ENST00000338799	LIG 2	GOL	YES	ENST00000443427,ENST00000440973,ENST00000206249,ENST00000338799	323,325,326,327,328,343,347,382,386,425,427,430,435,463,473
6B0F	ENSG00000091831	ENST00000406599	LIG 2	GOL	NO	ENST00000443427,ENST00000440973,ENST00000206249,ENST00000338799	NA
6B0F	ENSG00000091831	ENST00000404742	LIG 2	GOL	NO	ENST00000443427,ENST00000440973,ENST00000206249,ENST00000338799	NA
6B0F	ENSG00000091831	ENST00000443427	LIG 2	GOL	YES	ENST00000443427,ENST00000440973,ENST00000206249,ENST00000338799	323,325,326,327,328,343,347,382,386,425,427,430,435,463,473
6B0F	ENSG00000091831	ENST00000427531	LIG 2	GOL	NO	ENST00000443427,ENST00000440973,ENST00000206249,ENST00000338799	NA
6B0F	ENSG00000091831	ENST00000415488	LIG 2	GOL	NO	ENST00000443427,ENST00000440973,ENST00000206249,ENST00000338799	NA
6B0F	ENSG00000091831	ENST00000440973	LIG 2	GOL	YES	ENST00000443427,ENST00000440973,ENST00000206249,ENST00000338799	323,325,326,327,328,343,347,382,386,425,427,430,435,463,473
6B0F	ENSG00000091831	ENST00000446550	LIG 2	GOL	NO	ENST00000443427,ENST00000440973,ENST00000206249,ENST00000338799	NA
6B0F	ENSG00000091831	ENST00000456483	LIG 2	GOL	NO	ENST00000443427,ENST00000440973,ENST00000206249,ENST00000338799	NA
6B0F	ENSG00000091831	ENST00000638569	LIG 2	GOL	NO	ENST00000443427,ENST00000440973,ENST00000206249,ENST00000338799	NA
6CBZ	ENSG00000091831	ENST00000206249	LIG 2	EST	YES	ENST00000443427,ENST00000440973,ENST00000338799,ENST00000206249	343,346,353,387,388,394,404,509,512,513
6CBZ	ENSG00000091831	ENST00000338799	LIG 2	EST	YES	ENST00000443427,ENST00000440973,ENST00000338799,ENST00000206249	343,346,353,387,388,394,404,509,512,513
6CBZ	ENSG00000091831	ENST00000406599	LIG 2	EST	NO	ENST00000443427,ENST00000440973,ENST00000338799,ENST00000206249	NA
6CBZ	ENSG00000091831	ENST00000404742	LIG 2	EST	NO	ENST00000443427,ENST00000440973,ENST00000338799,ENST00000206249	NA
6CBZ	ENSG00000091831	ENST00000443427	LIG 2	EST	YES	ENST00000443427,ENST00000440973,ENST00000338799,ENST00000206249	343,346,353,387,388,394,404,509,512,513
6CBZ	ENSG00000091831	ENST00000427531	LIG 2	EST	NO	ENST00000443427,ENST00000440973,ENST00000338799,ENST00000206249	NA
6CBZ	ENSG00000091831	ENST00000415488	LIG 2	EST	NO	ENST00000443427,ENST00000440973,ENST00000338799,ENST00000206249	NA
6CBZ	ENSG00000091831	ENST00000440973	LIG 2	EST	YES	ENST00000443427,ENST00000440973,ENST00000338799,ENST00000206249	343,346,353,387,388,394,404,509,512,513
6CBZ	ENSG00000091831	ENST00000446550	LIG 2	EST	NO	ENST00000443427,ENST00000440973,ENST00000338799,ENST00000206249	NA
6CBZ	ENSG00000091831	ENST00000456483	LIG 2	EST	NO	ENST00000443427,ENST00000440973,ENST00000338799,ENST00000206249	NA
6CBZ	ENSG00000091831	ENST00000638569	LIG 2	EST	NO	ENST00000443427,ENST00000440973,ENST00000338799,ENST00000206249	NA
6CHW	ENSG00000091831	ENST00000206249	LIG 3	DMS	YES	ENST00000206249,ENST00000338799,ENST00000440973,ENST00000443427	476,479,480
6CHW	ENSG00000091831	ENST00000338799	LIG 3	DMS	YES	ENST00000206249,ENST00000338799,ENST00000440973,ENST00000443427	476,479,480
6CHW	ENSG00000091831	ENST00000406599	LIG 3	DMS	YES	ENST00000206249,ENST00000338799,ENST00000440973,ENST00000443427	215,218,219
6CHW	ENSG00000091831	ENST00000404742	LIG 3	DMS	NO	ENST00000206249,ENST00000338799,ENST00000440973,ENST00000443427	NA
6CHW	ENSG00000091831	ENST00000443427	LIG 3	DMS	YES	ENST00000206249,ENST00000338799,ENST00000440973,ENST00000443427	476,479,480
6CHW	ENSG00000091831	ENST00000427531	LIG 3	DMS	NO	ENST00000206249,ENST00000338799,ENST00000440973,ENST00000443427	NA
6CHW	ENSG00000091831	ENST00000415488	LIG 3	DMS	NO	ENST00000206249,ENST00000338799,ENST00000440973,ENST00000443427	NA
6CHW	ENSG00000091831	ENST00000440973	LIG 3	DMS	YES	ENST00000206249,ENST00000338799,ENST00000440973,ENST00000443427	476,479,480
6CHW	ENSG00000091831	ENST00000446550	LIG 3	DMS	NO	ENST00000206249,ENST00000338799,ENST00000440973,ENST00000443427	NA
6CHW	ENSG00000091831	ENST00000456483	LIG 3	DMS	NO	ENST00000206249,ENST00000338799,ENST00000440973,ENST00000443427	NA
6CHW	ENSG00000091831	ENST00000638569	LIG 3	DMS	NO	ENST00000206249,ENST00000338799,ENST00000440973,ENST00000443427	NA
6DF6	ENSG00000091831	ENST00000206249	LIG 2	GOL	YES	ENST00000338799,ENST00000440973,ENST00000443427,ENST00000206249	430,455,459,474,477,490,493,494
6DF6	ENSG00000091831	ENST00000338799	LIG 2	GOL	YES	ENST00000338799,ENST00000440973,ENST00000443427,ENST00000206249	430,455,459,474,477,490,493,494
6DF6	ENSG00000091831	ENST00000406599	LIG 2	GOL	YES	ENST00000338799,ENST00000440973,ENST00000443427,ENST00000206249	169,194,198,213,216,229,232,233
6DF6	ENSG00000091831	ENST00000404742	LIG 2	GOL	NO	ENST00000338799,ENST00000440973,ENST00000443427,ENST00000206249	NA
6DF6	ENSG00000091831	ENST00000443427	LIG 2	GOL	YES	ENST00000338799,ENST00000440973,ENST00000443427,ENST00000206249	430,455,459,474,477,490,493,494
6DF6	ENSG00000091831	ENST00000427531	LIG 2	GOL	NO	ENST00000338799,ENST00000440973,ENST00000443427,ENST00000206249	NA
6DF6	ENSG00000091831	ENST00000415488	LIG 2	GOL	NO	ENST00000338799,ENST00000440973,ENST00000443427,ENST00000206249	NA
6DF6	ENSG00000091831	ENST00000440973	LIG 2	GOL	YES	ENST00000338799,ENST00000440973,ENST00000443427,ENST00000206249	430,455,459,474,477,490,493,494
6DF6	ENSG00000091831	ENST00000446550	LIG 2	GOL	NO	ENST00000338799,ENST00000440973,ENST00000443427,ENST00000206249	NA
6DF6	ENSG00000091831	ENST00000456483	LIG 2	GOL	NO	ENST00000338799,ENST00000440973,ENST00000443427,ENST00000206249	NA
6DF6	ENSG00000091831	ENST00000638569	LIG 2	GOL	NO	ENST00000338799,ENST00000440973,ENST00000443427,ENST00000206249	NA
6DFN	ENSG00000091831	ENST00000206249	LIG 3	GOL	YES	ENST00000206249,ENST00000443427,ENST00000440973,ENST00000338799	322,324,325,347,350,351,354,357,379,446,449,450,494,495,497,498,509
6DFN	ENSG00000091831	ENST00000338799	LIG 3	GOL	YES	ENST00000206249,ENST00000443427,ENST00000440973,ENST00000338799	322,324,325,347,350,351,354,357,379,446,449,450,494,495,497,498,509
6DFN	ENSG00000091831	ENST00000406599	LIG 3	GOL	NO	ENST00000206249,ENST00000443427,ENST00000440973,ENST00000338799	NA
6DFN	ENSG00000091831	ENST00000404742	LIG 3	GOL	NO	ENST00000206249,ENST00000443427,ENST00000440973,ENST00000338799	NA
6DFN	ENSG00000091831	ENST00000443427	LIG 3	GOL	YES	ENST00000206249,ENST00000443427,ENST00000440973,ENST00000338799	322,324,325,347,350,351,354,357,379,446,449,450,494,495,497,498,509
6DFN	ENSG00000091831	ENST00000427531	LIG 3	GOL	NO	ENST00000206249,ENST00000443427,ENST00000440973,ENST00000338799	NA
6DFN	ENSG00000091831	ENST00000415488	LIG 3	GOL	NO	ENST00000206249,ENST00000443427,ENST00000440973,ENST00000338799	NA
6DFN	ENSG00000091831	ENST00000440973	LIG 3	GOL	YES	ENST00000206249,ENST00000443427,ENST00000440973,ENST00000338799	322,324,325,347,350,351,354,357,379,446,449,450,494,495,497,498,509
6DFN	ENSG00000091831	ENST00000446550	LIG 3	GOL	NO	ENST00000206249,ENST00000443427,ENST00000440973,ENST00000338799	NA
6DFN	ENSG00000091831	ENST00000456483	LIG 3	GOL	NO	ENST00000206249,ENST00000443427,ENST00000440973,ENST00000338799	NA
6DFN	ENSG00000091831	ENST00000638569	LIG 3	GOL	NO	ENST00000206249,ENST00000443427,ENST00000440973,ENST00000338799	NA
6PET	ENSG00000091831	ENST00000206249	LIG 3	DMS	YES	ENST00000338799,ENST00000443427,ENST00000206249,ENST00000440973	320,323,387,436,440
6PET	ENSG00000091831	ENST00000338799	LIG 3	DMS	YES	ENST00000338799,ENST00000443427,ENST00000206249,ENST00000440973	320,323,387,436,440
6PET	ENSG00000091831	ENST00000406599	LIG 3	DMS	NO	ENST00000338799,ENST00000443427,ENST00000206249,ENST00000440973	NA
6PET	ENSG00000091831	ENST00000404742	LIG 3	DMS	NO	ENST00000338799,ENST00000443427,ENST00000206249,ENST00000440973	NA
6PET	ENSG00000091831	ENST00000443427	LIG 3	DMS	YES	ENST00000338799,ENST00000443427,ENST00000206249,ENST00000440973	320,323,387,436,440
6PET	ENSG00000091831	ENST00000427531	LIG 3	DMS	YES	ENST00000338799,ENST00000443427,ENST00000206249,ENST00000440973	147,150,214,263,267
6PET	ENSG00000091831	ENST00000415488	LIG 3	DMS	NO	ENST00000338799,ENST00000443427,ENST00000206249,ENST00000440973	NA
6PET	ENSG00000091831	ENST00000440973	LIG 3	DMS	YES	ENST00000338799,ENST00000443427,ENST00000206249,ENST00000440973	320,323,387,436,440
6PET	ENSG00000091831	ENST00000446550	LIG 3	DMS	NO	ENST00000338799,ENST00000443427,ENST00000206249,ENST00000440973	NA
6PET	ENSG00000091831	ENST00000456483	LIG 3	DMS	NO	ENST00000338799,ENST00000443427,ENST00000206249,ENST00000440973	NA
6PET	ENSG00000091831	ENST00000638569	LIG 3	DMS	NO	ENST00000338799,ENST00000443427,ENST00000206249,ENST00000440973	NA
6PIT	ENSG00000091831	ENST00000206249	LIG 3	EST	YES	ENST00000443427,ENST00000440973,ENST00000206249,ENST00000338799	333,336,340,343,377,378,384,409,411,412,499,502,503,505,508,509
6PIT	ENSG00000091831	ENST00000338799	LIG 3	EST	YES	ENST00000443427,ENST00000440973,ENST00000206249,ENST00000338799	333,336,340,343,377,378,384,409,411,412,499,502,503,505,508,509
6PIT	ENSG00000091831	ENST00000406599	LIG 3	EST	NO	ENST00000443427,ENST00000440973,ENST00000206249,ENST00000338799	NA
6PIT	ENSG00000091831	ENST00000404742	LIG 3	EST	NO	ENST00000443427,ENST00000440973,ENST00000206249,ENST00000338799	NA
6PIT	ENSG00000091831	ENST00000443427	LIG 3	EST	YES	ENST00000443427,ENST00000440973,ENST00000206249,ENST00000338799	333,336,340,343,377,378,384,409,411,412,499,502,503,505,508,509
6PIT	ENSG00000091831	ENST00000427531	LIG 3	EST	NO	ENST00000443427,ENST00000440973,ENST00000206249,ENST00000338799	NA
6PIT	ENSG00000091831	ENST00000415488	LIG 3	EST	NO	ENST00000443427,ENST00000440973,ENST00000206249,ENST00000338799	NA
6PIT	ENSG00000091831	ENST00000440973	LIG 3	EST	YES	ENST00000443427,ENST00000440973,ENST00000206249,ENST00000338799	333,336,340,343,377,378,384,409,411,412,499,502,503,505,508,509
6PIT	ENSG00000091831	ENST00000446550	LIG 3	EST	NO	ENST00000443427,ENST00000440973,ENST00000206249,ENST00000338799	NA
6PIT	ENSG00000091831	ENST00000456483	LIG 3	EST	NO	ENST00000443427,ENST00000440973,ENST00000206249,ENST00000338799	NA
6PIT	ENSG00000091831	ENST00000638569	LIG 3	EST	NO	ENST00000443427,ENST00000440973,ENST00000206249,ENST00000338799	NA
6PSJ	ENSG00000091831	ENST00000206249	LIG 1	29S	YES	ENST00000440973,ENST00000206249,ENST00000443427,ENST00000338799	333,336,337,339,340,341,343,344,373,377,378,381,384,394,414,502,503,511,514,515
6PSJ	ENSG00000091831	ENST00000338799	LIG 1	29S	YES	ENST00000440973,ENST00000206249,ENST00000443427,ENST00000338799	333,336,337,339,340,341,343,344,373,377,378,381,384,394,414,502,503,511,514,515
6PSJ	ENSG00000091831	ENST00000406599	LIG 1	29S	NO	ENST00000440973,ENST00000206249,ENST00000443427,ENST00000338799	NA
6PSJ	ENSG00000091831	ENST00000404742	LIG 1	29S	NO	ENST00000440973,ENST00000206249,ENST00000443427,ENST00000338799	NA
6PSJ	ENSG00000091831	ENST00000443427	LIG 1	29S	YES	ENST00000440973,ENST00000206249,ENST00000443427,ENST00000338799	333,336,337,339,340,341,343,344,373,377,378,381,384,394,414,502,503,511,514,515
6PSJ	ENSG00000091831	ENST00000427531	LIG 1	29S	NO	ENST00000440973,ENST00000206249,ENST00000443427,ENST00000338799	NA
6PSJ	ENSG00000091831	ENST00000415488	LIG 1	29S	NO	ENST00000440973,ENST00000206249,ENST00000443427,ENST00000338799	NA
6PSJ	ENSG00000091831	ENST00000440973	LIG 1	29S	YES	ENST00000440973,ENST00000206249,ENST00000443427,ENST00000338799	333,336,337,339,340,341,343,344,373,377,378,381,384,394,414,502,503,511,514,515
6PSJ	ENSG00000091831	ENST00000446550	LIG 1	29S	NO	ENST00000440973,ENST00000206249,ENST00000443427,ENST00000338799	NA
6PSJ	ENSG00000091831	ENST00000456483	LIG 1	29S	NO	ENST00000440973,ENST00000206249,ENST00000443427,ENST00000338799	NA
6PSJ	ENSG00000091831	ENST00000638569	LIG 1	29S	NO	ENST00000440973,ENST00000206249,ENST00000443427,ENST00000338799	NA
6VGH	ENSG00000091831	ENST00000206249	LIG 1	C3D	YES	ENST00000338799,ENST00000206249,ENST00000440973,ENST00000443427	338,340,341,342,343,344,345,346,347,348,349,350,378,379,380,381,382,384,385,386,388,389,391,399,414,417,511,515,518,519,521,524
6VGH	ENSG00000091831	ENST00000338799	LIG 1	C3D	YES	ENST00000338799,ENST00000206249,ENST00000440973,ENST00000443427	338,340,341,342,343,344,345,346,347,348,349,350,378,379,380,381,382,384,385,386,388,389,391,399,414,417,511,515,518,519,521,524
6VGH	ENSG00000091831	ENST00000406599	LIG 1	C3D	NO	ENST00000338799,ENST00000206249,ENST00000440973,ENST00000443427	NA
6VGH	ENSG00000091831	ENST00000404742	LIG 1	C3D	NO	ENST00000338799,ENST00000206249,ENST00000440973,ENST00000443427	NA
6VGH	ENSG00000091831	ENST00000443427	LIG 1	C3D	YES	ENST00000338799,ENST00000206249,ENST00000440973,ENST00000443427	338,340,341,342,343,344,345,346,347,348,349,350,378,379,380,381,382,384,385,386,388,389,391,399,414,417,511,515,518,519,521,524
6VGH	ENSG00000091831	ENST00000427531	LIG 1	C3D	NO	ENST00000338799,ENST00000206249,ENST00000440973,ENST00000443427	NA
6VGH	ENSG00000091831	ENST00000415488	LIG 1	C3D	NO	ENST00000338799,ENST00000206249,ENST00000440973,ENST00000443427	NA
6VGH	ENSG00000091831	ENST00000440973	LIG 1	C3D	YES	ENST00000338799,ENST00000206249,ENST00000440973,ENST00000443427	338,340,341,342,343,344,345,346,347,348,349,350,378,379,380,381,382,384,385,386,388,389,391,399,414,417,511,515,518,519,521,524
6VGH	ENSG00000091831	ENST00000446550	LIG 1	C3D	NO	ENST00000338799,ENST00000206249,ENST00000440973,ENST00000443427	NA
6VGH	ENSG00000091831	ENST00000456483	LIG 1	C3D	NO	ENST00000338799,ENST00000206249,ENST00000440973,ENST00000443427	NA
6VGH	ENSG00000091831	ENST00000638569	LIG 1	C3D	NO	ENST00000338799,ENST00000206249,ENST00000440973,ENST00000443427	NA
6VJD	ENSG00000091831	ENST00000206249	LIG 1	C3D	YES	ENST00000338799,ENST00000206249,ENST00000443427,ENST00000440973	338,341,342,345,346,348,378,379,382,386,389,417,514,517,518,525,526,528
6VJD	ENSG00000091831	ENST00000338799	LIG 1	C3D	YES	ENST00000338799,ENST00000206249,ENST00000443427,ENST00000440973	338,341,342,345,346,348,378,379,382,386,389,417,514,517,518,525,526,528
6VJD	ENSG00000091831	ENST00000406599	LIG 1	C3D	NO	ENST00000338799,ENST00000206249,ENST00000443427,ENST00000440973	NA
6VJD	ENSG00000091831	ENST00000404742	LIG 1	C3D	NO	ENST00000338799,ENST00000206249,ENST00000443427,ENST00000440973	NA
6VJD	ENSG00000091831	ENST00000443427	LIG 1	C3D	YES	ENST00000338799,ENST00000206249,ENST00000443427,ENST00000440973	338,341,342,345,346,348,378,379,382,386,389,417,514,517,518,525,526,528
6VJD	ENSG00000091831	ENST00000427531	LIG 1	C3D	NO	ENST00000338799,ENST00000206249,ENST00000443427,ENST00000440973	NA
6VJD	ENSG00000091831	ENST00000415488	LIG 1	C3D	NO	ENST00000338799,ENST00000206249,ENST00000443427,ENST00000440973	NA
6VJD	ENSG00000091831	ENST00000440973	LIG 1	C3D	YES	ENST00000338799,ENST00000206249,ENST00000443427,ENST00000440973	338,341,342,345,346,348,378,379,382,386,389,417,514,517,518,525,526,528
6VJD	ENSG00000091831	ENST00000446550	LIG 1	C3D	NO	ENST00000338799,ENST00000206249,ENST00000443427,ENST00000440973	NA
6VJD	ENSG00000091831	ENST00000456483	LIG 1	C3D	NO	ENST00000338799,ENST00000206249,ENST00000443427,ENST00000440973	NA
6VJD	ENSG00000091831	ENST00000638569	LIG 1	C3D	NO	ENST00000338799,ENST00000206249,ENST00000443427,ENST00000440973	NA
1A6A	ENSG00000227993	ENST00000383127	LIG 1	NAG	YES	ENST00000383127	103,143,144,145,191
1A6A	ENSG00000227993	ENST00000434866	LIG 1	NAG	YES	ENST00000383127	103,118,119,120,166
1BX2	ENSG00000227993	ENST00000383127	LIG 1	NAG	YES	ENST00000383127	143,191,192,193
1BX2	ENSG00000227993	ENST00000434866	LIG 1	NAG	YES	ENST00000383127	118,166,167,168
1D5M	ENSG00000227993	ENST00000383127	LIG 2	NAG	YES	ENST00000383127	141,143,191,193
1D5M	ENSG00000227993	ENST00000434866	LIG 2	NAG	YES	ENST00000383127	116,118,166,168
1DLH	ENSG00000227993	ENST00000383127	LIG 1	NAG	YES	ENST00000383127	141,143,193
1DLH	ENSG00000227993	ENST00000434866	LIG 1	NAG	YES	ENST00000383127	116,118,168
1FYT	ENSG00000227993	ENST00000383127	LIG 1	NAG	YES	ENST00000383127	101,102,103,143,191,192,193
1FYT	ENSG00000227993	ENST00000434866	LIG 1	NAG	YES	ENST00000383127	101,102,103,118,166,167,168
1J8H	ENSG00000227993	ENST00000383127	LIG 1	NAG	YES	ENST00000383127	143,191,193
1J8H	ENSG00000227993	ENST00000434866	LIG 1	NAG	YES	ENST00000383127	118,166,168
1YMM	ENSG00000227993	ENST00000383127	LIG 1	NAG	YES	ENST00000383127	143,193
1YMM	ENSG00000227993	ENST00000434866	LIG 1	NAG	YES	ENST00000383127	118,168
2SEB	ENSG00000227993	ENST00000383127	LIG 1	NAG	YES	ENST00000383127	141,143,191,192,193
2SEB	ENSG00000227993	ENST00000434866	LIG 1	NAG	YES	ENST00000383127	116,118,166,167,168
3C5J	ENSG00000227993	ENST00000383127	LIG 1	NAG	YES	ENST00000383127	143,191,192,193
3C5J	ENSG00000227993	ENST00000434866	LIG 1	NAG	YES	ENST00000383127	118,166,167,168
3PDO	ENSG00000227993	ENST00000383127	LIG 1	GOL	YES	ENST00000383127	69,129,175
3PDO	ENSG00000227993	ENST00000434866	LIG 1	GOL	NO	ENST00000383127	NA
3S5L	ENSG00000227993	ENST00000383127	LIG 1	GOL	YES	ENST00000383127	69,119,129,175
3S5L	ENSG00000227993	ENST00000434866	LIG 1	GOL	NO	ENST00000383127	NA
4AEN	ENSG00000227993	ENST00000383127	LIG 1	GOL	YES	ENST00000383127	136,165
4AEN	ENSG00000227993	ENST00000434866	LIG 1	GOL	NO	ENST00000383127	NA
4AH2	ENSG00000227993	ENST00000383127	LIG 1	GOL	YES	ENST00000383127	69,109,129,166,167,168,175,193
4AH2	ENSG00000227993	ENST00000434866	LIG 1	GOL	NO	ENST00000383127	NA
4GBX	ENSG00000227993	ENST00000383127	LIG 2	NAG	YES	ENST00000383127	103,141,143,191,193
4GBX	ENSG00000227993	ENST00000434866	LIG 2	NAG	YES	ENST00000383127	103,116,118,166,168
4H25	ENSG00000227993	ENST00000383127	LIG 2	IPA	YES	ENST00000383127	33,50,53,122,164,165,166,171
4H25	ENSG00000227993	ENST00000434866	LIG 2	IPA	NO	ENST00000383127	NA
4MCY	ENSG00000227993	ENST00000383127	LIG 1	NAG	YES	ENST00000383127	103,141,143,191,193
4MCY	ENSG00000227993	ENST00000434866	LIG 1	NAG	YES	ENST00000383127	103,116,118,166,168
4MCZ	ENSG00000227993	ENST00000383127	LIG 1	NAG	YES	ENST00000383127	103,141,143,191,193
4MCZ	ENSG00000227993	ENST00000434866	LIG 1	NAG	YES	ENST00000383127	103,116,118,166,168
4MD0	ENSG00000227993	ENST00000383127	LIG 1	NAG	YES	ENST00000383127	141,143,191,193
4MD0	ENSG00000227993	ENST00000434866	LIG 1	NAG	YES	ENST00000383127	116,118,166,168
4MD4	ENSG00000227993	ENST00000383127	LIG 1	NAG	YES	ENST00000383127	143,191,193
4MD4	ENSG00000227993	ENST00000434866	LIG 1	NAG	YES	ENST00000383127	118,166,168
4MD5	ENSG00000227993	ENST00000383127	LIG 1	NAG	YES	ENST00000383127	141,143,191,193
4MD5	ENSG00000227993	ENST00000434866	LIG 1	NAG	YES	ENST00000383127	116,118,166,168
4MDI	ENSG00000227993	ENST00000383127	LIG 1	NAG	YES	ENST00000383127	141,143,191,193
4MDI	ENSG00000227993	ENST00000434866	LIG 1	NAG	YES	ENST00000383127	116,118,166,168
4MDJ	ENSG00000227993	ENST00000383127	LIG 1	NAG	YES	ENST00000383127	143,191,193
4MDJ	ENSG00000227993	ENST00000434866	LIG 1	NAG	YES	ENST00000383127	118,166,168
5NI9	ENSG00000227993	ENST00000383127	LIG 2	URE	YES	ENST00000383127	187
5NI9	ENSG00000227993	ENST00000434866	LIG 2	URE	YES	ENST00000383127	162
5V4M	ENSG00000227993	ENST00000383127	LIG 1	NAG	YES	ENST00000383127	101,103
5V4M	ENSG00000227993	ENST00000434866	LIG 1	NAG	YES	ENST00000383127	101,103
5V4N	ENSG00000227993	ENST00000383127	LIG 1	NAG	YES	ENST00000383127	143,191,193
5V4N	ENSG00000227993	ENST00000434866	LIG 1	NAG	YES	ENST00000383127	118,166,168
6BIJ	ENSG00000227993	ENST00000383127	LIG 1	NAG	YES	ENST00000383127	101,103,141,143,191,193
6BIJ	ENSG00000227993	ENST00000434866	LIG 1	NAG	YES	ENST00000383127	101,103,116,118,166,168
6BIL	ENSG00000227993	ENST00000383127	LIG 1	NAG	YES	ENST00000383127	101,103,141,143,193
6BIL	ENSG00000227993	ENST00000434866	LIG 1	NAG	YES	ENST00000383127	101,103,116,118,168
6BIN	ENSG00000227993	ENST00000383127	LIG 1	NAG	YES	ENST00000383127	143,191,192,193
6BIN	ENSG00000227993	ENST00000434866	LIG 1	NAG	YES	ENST00000383127	118,166,167,168
6BIR	ENSG00000227993	ENST00000383127	LIG 1	NAG	YES	ENST00000383127	103,141,143,193
6BIR	ENSG00000227993	ENST00000434866	LIG 1	NAG	YES	ENST00000383127	103,116,118,168
6BIV	ENSG00000227993	ENST00000383127	LIG 1	NAG	YES	ENST00000383127	101,103,143,191,192,193
6BIV	ENSG00000227993	ENST00000434866	LIG 1	NAG	YES	ENST00000383127	101,103,118,166,167,168
6BIX	ENSG00000227993	ENST00000383127	LIG 1	NAG	YES	ENST00000383127	101,103,141,143,191,193
6BIX	ENSG00000227993	ENST00000434866	LIG 1	NAG	YES	ENST00000383127	101,103,116,118,166,168
6BIY	ENSG00000227993	ENST00000383127	LIG 1	NAG	YES	ENST00000383127	102,103,141,143,191,193
6BIY	ENSG00000227993	ENST00000434866	LIG 1	NAG	YES	ENST00000383127	102,103,116,118,166,168
6BIZ	ENSG00000227993	ENST00000383127	LIG 1	NAG	YES	ENST00000383127	103,143,191,193
6BIZ	ENSG00000227993	ENST00000434866	LIG 1	NAG	YES	ENST00000383127	103,118,166,168
6CPL	ENSG00000227993	ENST00000383127	LIG 1	NAG	YES	ENST00000383127	141,143,191,192,193
6CPL	ENSG00000227993	ENST00000434866	LIG 1	NAG	YES	ENST00000383127	116,118,166,167,168
6CPN	ENSG00000227993	ENST00000383127	LIG 1	NAG	YES	ENST00000383127	141,143,191,193
6CPN	ENSG00000227993	ENST00000434866	LIG 1	NAG	YES	ENST00000383127	116,118,166,168
6CPO	ENSG00000227993	ENST00000383127	LIG 1	NAG	YES	ENST00000383127	101,102,103,141,143,191,192,193
6CPO	ENSG00000227993	ENST00000434866	LIG 1	NAG	YES	ENST00000383127	101,102,103,116,118,166,167,168
6CQL	ENSG00000227993	ENST00000383127	LIG 1	NAG	YES	ENST00000383127	103,143,191,192,193
6CQL	ENSG00000227993	ENST00000434866	LIG 1	NAG	YES	ENST00000383127	103,118,166,167,168
6CQN	ENSG00000227993	ENST00000383127	LIG 1	NAG	YES	ENST00000383127	103,143,191,193
6CQN	ENSG00000227993	ENST00000434866	LIG 1	NAG	YES	ENST00000383127	103,118,166,168
6CQQ	ENSG00000227993	ENST00000383127	LIG 1	NAG	YES	ENST00000383127	141,143,191,192,193
6CQQ	ENSG00000227993	ENST00000434866	LIG 1	NAG	YES	ENST00000383127	116,118,166,167,168
6CQR	ENSG00000227993	ENST00000383127	LIG 1	NAG	YES	ENST00000383127	141,143,191,193
6CQR	ENSG00000227993	ENST00000434866	LIG 1	NAG	YES	ENST00000383127	116,118,166,168
1A6A	ENSG00000204287	ENST00000374982	LIG 1	NAG	YES	ENST00000395388	103,118,119,120,166
1A6A	ENSG00000204287	ENST00000395388	LIG 1	NAG	YES	ENST00000395388	103,143,144,145,191
1BX2	ENSG00000204287	ENST00000374982	LIG 1	NAG	YES	ENST00000395388	118,166,167,168
1BX2	ENSG00000204287	ENST00000395388	LIG 1	NAG	YES	ENST00000395388	143,191,192,193
1D5M	ENSG00000204287	ENST00000374982	LIG 2	NAG	YES	ENST00000395388	116,118,166,168
1D5M	ENSG00000204287	ENST00000395388	LIG 2	NAG	YES	ENST00000395388	141,143,191,193
1DLH	ENSG00000204287	ENST00000374982	LIG 1	NAG	YES	ENST00000395388	116,118,168
1DLH	ENSG00000204287	ENST00000395388	LIG 1	NAG	YES	ENST00000395388	141,143,193
1FYT	ENSG00000204287	ENST00000374982	LIG 1	NAG	YES	ENST00000395388	101,102,103,118,166,167,168
1FYT	ENSG00000204287	ENST00000395388	LIG 1	NAG	YES	ENST00000395388	101,102,103,143,191,192,193
1J8H	ENSG00000204287	ENST00000374982	LIG 1	NAG	YES	ENST00000395388	118,166,168
1J8H	ENSG00000204287	ENST00000395388	LIG 1	NAG	YES	ENST00000395388	143,191,193
1YMM	ENSG00000204287	ENST00000374982	LIG 1	NAG	YES	ENST00000395388	118,168
1YMM	ENSG00000204287	ENST00000395388	LIG 1	NAG	YES	ENST00000395388	143,193
2SEB	ENSG00000204287	ENST00000374982	LIG 1	NAG	YES	ENST00000395388	116,118,166,167,168
2SEB	ENSG00000204287	ENST00000395388	LIG 1	NAG	YES	ENST00000395388	141,143,191,192,193
3C5J	ENSG00000204287	ENST00000374982	LIG 1	NAG	YES	ENST00000395388	118,166,167,168
3C5J	ENSG00000204287	ENST00000395388	LIG 1	NAG	YES	ENST00000395388	143,191,192,193
3PDO	ENSG00000204287	ENST00000374982	LIG 1	GOL	NO	ENST00000395388	NA
3PDO	ENSG00000204287	ENST00000395388	LIG 1	GOL	YES	ENST00000395388	69,129,175
3S5L	ENSG00000204287	ENST00000374982	LIG 1	GOL	NO	ENST00000395388	NA
3S5L	ENSG00000204287	ENST00000395388	LIG 1	GOL	YES	ENST00000395388	69,119,129,175
4AEN	ENSG00000204287	ENST00000374982	LIG 1	GOL	NO	ENST00000395388	NA
4AEN	ENSG00000204287	ENST00000395388	LIG 1	GOL	YES	ENST00000395388	136,165
4AH2	ENSG00000204287	ENST00000374982	LIG 1	GOL	NO	ENST00000395388	NA
4AH2	ENSG00000204287	ENST00000395388	LIG 1	GOL	YES	ENST00000395388	69,109,129,166,167,168,175,193
4GBX	ENSG00000204287	ENST00000374982	LIG 2	NAG	YES	ENST00000395388	103,116,118,166,168
4GBX	ENSG00000204287	ENST00000395388	LIG 2	NAG	YES	ENST00000395388	103,141,143,191,193
4H25	ENSG00000204287	ENST00000374982	LIG 2	IPA	NO	ENST00000395388	NA
4H25	ENSG00000204287	ENST00000395388	LIG 2	IPA	YES	ENST00000395388	33,50,53,122,164,165,166,171
4MCY	ENSG00000204287	ENST00000374982	LIG 1	NAG	YES	ENST00000395388	103,116,118,166,168
4MCY	ENSG00000204287	ENST00000395388	LIG 1	NAG	YES	ENST00000395388	103,141,143,191,193
4MCZ	ENSG00000204287	ENST00000374982	LIG 1	NAG	YES	ENST00000395388	103,116,118,166,168
4MCZ	ENSG00000204287	ENST00000395388	LIG 1	NAG	YES	ENST00000395388	103,141,143,191,193
4MD0	ENSG00000204287	ENST00000374982	LIG 1	NAG	YES	ENST00000395388	116,118,166,168
4MD0	ENSG00000204287	ENST00000395388	LIG 1	NAG	YES	ENST00000395388	141,143,191,193
4MD4	ENSG00000204287	ENST00000374982	LIG 1	NAG	YES	ENST00000395388	118,166,168
4MD4	ENSG00000204287	ENST00000395388	LIG 1	NAG	YES	ENST00000395388	143,191,193
4MD5	ENSG00000204287	ENST00000374982	LIG 1	NAG	YES	ENST00000395388	116,118,166,168
4MD5	ENSG00000204287	ENST00000395388	LIG 1	NAG	YES	ENST00000395388	141,143,191,193
4MDI	ENSG00000204287	ENST00000374982	LIG 1	NAG	YES	ENST00000395388	116,118,166,168
4MDI	ENSG00000204287	ENST00000395388	LIG 1	NAG	YES	ENST00000395388	141,143,191,193
4MDJ	ENSG00000204287	ENST00000374982	LIG 1	NAG	YES	ENST00000395388	118,166,168
4MDJ	ENSG00000204287	ENST00000395388	LIG 1	NAG	YES	ENST00000395388	143,191,193
5NI9	ENSG00000204287	ENST00000374982	LIG 2	URE	YES	ENST00000395388	162
5NI9	ENSG00000204287	ENST00000395388	LIG 2	URE	YES	ENST00000395388	187
5V4M	ENSG00000204287	ENST00000374982	LIG 1	NAG	YES	ENST00000395388	101,103
5V4M	ENSG00000204287	ENST00000395388	LIG 1	NAG	YES	ENST00000395388	101,103
5V4N	ENSG00000204287	ENST00000374982	LIG 1	NAG	YES	ENST00000395388	118,166,168
5V4N	ENSG00000204287	ENST00000395388	LIG 1	NAG	YES	ENST00000395388	143,191,193
6BIJ	ENSG00000204287	ENST00000374982	LIG 1	NAG	YES	ENST00000395388	101,103,116,118,166,168
6BIJ	ENSG00000204287	ENST00000395388	LIG 1	NAG	YES	ENST00000395388	101,103,141,143,191,193
6BIL	ENSG00000204287	ENST00000374982	LIG 1	NAG	YES	ENST00000395388	101,103,116,118,168
6BIL	ENSG00000204287	ENST00000395388	LIG 1	NAG	YES	ENST00000395388	101,103,141,143,193
6BIN	ENSG00000204287	ENST00000374982	LIG 1	NAG	YES	ENST00000395388	118,166,167,168
6BIN	ENSG00000204287	ENST00000395388	LIG 1	NAG	YES	ENST00000395388	143,191,192,193
6BIR	ENSG00000204287	ENST00000374982	LIG 1	NAG	YES	ENST00000395388	103,116,118,168
6BIR	ENSG00000204287	ENST00000395388	LIG 1	NAG	YES	ENST00000395388	103,141,143,193
6BIV	ENSG00000204287	ENST00000374982	LIG 1	NAG	YES	ENST00000395388	101,103,118,166,167,168
6BIV	ENSG00000204287	ENST00000395388	LIG 1	NAG	YES	ENST00000395388	101,103,143,191,192,193
6BIX	ENSG00000204287	ENST00000374982	LIG 1	NAG	YES	ENST00000395388	101,103,116,118,166,168
6BIX	ENSG00000204287	ENST00000395388	LIG 1	NAG	YES	ENST00000395388	101,103,141,143,191,193
6BIY	ENSG00000204287	ENST00000374982	LIG 1	NAG	YES	ENST00000395388	102,103,116,118,166,168
6BIY	ENSG00000204287	ENST00000395388	LIG 1	NAG	YES	ENST00000395388	102,103,141,143,191,193
6BIZ	ENSG00000204287	ENST00000374982	LIG 1	NAG	YES	ENST00000395388	103,118,166,168
6BIZ	ENSG00000204287	ENST00000395388	LIG 1	NAG	YES	ENST00000395388	103,143,191,193
6CPL	ENSG00000204287	ENST00000374982	LIG 1	NAG	YES	ENST00000395388	116,118,166,167,168
6CPL	ENSG00000204287	ENST00000395388	LIG 1	NAG	YES	ENST00000395388	141,143,191,192,193
6CPN	ENSG00000204287	ENST00000374982	LIG 1	NAG	YES	ENST00000395388	116,118,166,168
6CPN	ENSG00000204287	ENST00000395388	LIG 1	NAG	YES	ENST00000395388	141,143,191,193
6CPO	ENSG00000204287	ENST00000374982	LIG 1	NAG	YES	ENST00000395388	101,102,103,116,118,166,167,168
6CPO	ENSG00000204287	ENST00000395388	LIG 1	NAG	YES	ENST00000395388	101,102,103,141,143,191,192,193
6CQL	ENSG00000204287	ENST00000374982	LIG 1	NAG	YES	ENST00000395388	103,118,166,167,168
6CQL	ENSG00000204287	ENST00000395388	LIG 1	NAG	YES	ENST00000395388	103,143,191,192,193
6CQN	ENSG00000204287	ENST00000374982	LIG 1	NAG	YES	ENST00000395388	103,118,166,168
6CQN	ENSG00000204287	ENST00000395388	LIG 1	NAG	YES	ENST00000395388	103,143,191,193
6CQQ	ENSG00000204287	ENST00000374982	LIG 1	NAG	YES	ENST00000395388	116,118,166,167,168
6CQQ	ENSG00000204287	ENST00000395388	LIG 1	NAG	YES	ENST00000395388	141,143,191,192,193
6CQR	ENSG00000204287	ENST00000374982	LIG 1	NAG	YES	ENST00000395388	116,118,166,168
6CQR	ENSG00000204287	ENST00000395388	LIG 1	NAG	YES	ENST00000395388	141,143,191,193
1A7C	ENSG00000106366	ENST00000223095	LIG 2	NAG	YES	ENST00000223095	237,259,284,287,288
1LJ5	ENSG00000106366	ENST00000223095	LIG 1	DMS	YES	ENST00000223095	178,179,199,200,229,230,231,250,291,304,305,306,342,370,371,388,389,390,391
1LJ5	ENSG00000106366	ENST00000223095	LIG 2	ACY	YES	ENST00000223095	227,228
3R4L	ENSG00000106366	ENST00000223095	LIG 1	NAG	YES	ENST00000223095	236,237,284,287,288
5BRR	ENSG00000106366	ENST00000223095	LIG 1	GOL	YES	ENST00000223095	372,374
1A7S	ENSG00000172232	ENST00000233997	LIG 3	EOH	YES	ENST00000233997	36,38,40,41,45,48,74,76,78,79,80,89,90,91,92,107,109,116,119,146,147,148,154,157,158,175,178,192,193,194,197,200,202,212,214,218,222,224,227,230,242,243
1A7S	ENSG00000172232	ENST00000592205	LIG 3	EOH	NO	ENST00000233997	NA
1A7S	ENSG00000172232	ENST00000233997	LIG 1	NAG	YES	ENST00000233997	31,144,165,167
1A7S	ENSG00000172232	ENST00000592205	LIG 1	NAG	NO	ENST00000233997	NA
1AE5	ENSG00000172232	ENST00000233997	LIG 1	NAG	YES	ENST00000233997	31,138,167,169
1AE5	ENSG00000172232	ENST00000592205	LIG 1	NAG	NO	ENST00000233997	NA
1FY1	ENSG00000172232	ENST00000233997	LIG 3	EOH	YES	ENST00000233997	35,36,82,83,84
1FY1	ENSG00000172232	ENST00000592205	LIG 3	EOH	NO	ENST00000233997	NA
1FY1	ENSG00000172232	ENST00000233997	LIG 1	NAG	YES	ENST00000233997	140
1FY1	ENSG00000172232	ENST00000592205	LIG 1	NAG	YES	ENST00000233997	78
1FY3	ENSG00000172232	ENST00000233997	LIG 3	EOH	YES	ENST00000233997	114,240,241
1FY3	ENSG00000172232	ENST00000592205	LIG 3	EOH	NO	ENST00000233997	NA
1FY3	ENSG00000172232	ENST00000233997	LIG 1	NAG	YES	ENST00000233997	31,162,163,165
1FY3	ENSG00000172232	ENST00000592205	LIG 1	NAG	NO	ENST00000233997	NA
1A7S	ENSG00000278624	ENST00000620695	LIG 3	EOH	YES	ENST00000620695	36,38,40,41,45,48,74,76,78,79,80,89,90,91,92,107,109,116,119,146,147,148,154,157,158,175,178,192,193,194,197,200,202,212,214,218,222,224,227,230,242,243
1A7S	ENSG00000278624	ENST00000633060	LIG 3	EOH	NO	ENST00000620695	NA
1A7S	ENSG00000278624	ENST00000620695	LIG 1	NAG	YES	ENST00000620695	31,144,165,167
1A7S	ENSG00000278624	ENST00000633060	LIG 1	NAG	NO	ENST00000620695	NA
1AE5	ENSG00000278624	ENST00000620695	LIG 1	NAG	YES	ENST00000620695	31,138,167,169
1AE5	ENSG00000278624	ENST00000633060	LIG 1	NAG	NO	ENST00000620695	NA
1FY1	ENSG00000278624	ENST00000620695	LIG 3	EOH	YES	ENST00000620695	35,36,82,83,84
1FY1	ENSG00000278624	ENST00000633060	LIG 3	EOH	NO	ENST00000620695	NA
1FY1	ENSG00000278624	ENST00000620695	LIG 1	NAG	YES	ENST00000620695	140
1FY1	ENSG00000278624	ENST00000633060	LIG 1	NAG	YES	ENST00000620695	78
1FY3	ENSG00000278624	ENST00000620695	LIG 3	EOH	YES	ENST00000620695	114,240,241
1FY3	ENSG00000278624	ENST00000633060	LIG 3	EOH	NO	ENST00000620695	NA
1FY3	ENSG00000278624	ENST00000620695	LIG 1	NAG	YES	ENST00000620695	31,162,163,165
1FY3	ENSG00000278624	ENST00000633060	LIG 1	NAG	NO	ENST00000620695	NA
1AE8	ENSG00000180210	ENST00000311907	LIG 2	NAG	YES	ENST00000311907	60,408
1AE8	ENSG00000180210	ENST00000442468	LIG 2	NAG	NO	ENST00000311907	NA
1AE8	ENSG00000180210	ENST00000530231	LIG 2	NAG	YES	ENST00000311907	60,408
1AFE	ENSG00000180210	ENST00000311907	LIG 2	NAG	YES	ENST00000311907	60,408
1AFE	ENSG00000180210	ENST00000442468	LIG 2	NAG	NO	ENST00000311907	NA
1AFE	ENSG00000180210	ENST00000530231	LIG 2	NAG	YES	ENST00000311907	60,408
1BA8	ENSG00000180210	ENST00000311907	LIG 3	NAG	YES	ENST00000311907	60,408
1BA8	ENSG00000180210	ENST00000442468	LIG 3	NAG	NO	ENST00000311907	NA
1BA8	ENSG00000180210	ENST00000530231	LIG 3	NAG	YES	ENST00000311907	60,408
1BCU	ENSG00000180210	ENST00000311907	LIG 2	PRL	YES	ENST00000311907	534,535,537,540,558,560,561,563,564,570
1BCU	ENSG00000180210	ENST00000442468	LIG 2	PRL	NO	ENST00000311907	NA
1BCU	ENSG00000180210	ENST00000530231	LIG 2	PRL	YES	ENST00000311907	495,496,498,501,519,521,522,524,525,531
1D3D	ENSG00000180210	ENST00000311907	LIG 1	NAG	YES	ENST00000311907	416,418
1D3D	ENSG00000180210	ENST00000442468	LIG 1	NAG	NO	ENST00000311907	NA
1D3D	ENSG00000180210	ENST00000530231	LIG 1	NAG	YES	ENST00000311907	416,418
1D3P	ENSG00000180210	ENST00000311907	LIG 1	NAG	YES	ENST00000311907	409,416
1D3P	ENSG00000180210	ENST00000442468	LIG 1	NAG	NO	ENST00000311907	NA
1D3P	ENSG00000180210	ENST00000530231	LIG 1	NAG	YES	ENST00000311907	409,416
1D3Q	ENSG00000180210	ENST00000311907	LIG 1	NAG	YES	ENST00000311907	416
1D3Q	ENSG00000180210	ENST00000442468	LIG 1	NAG	NO	ENST00000311907	NA
1D3Q	ENSG00000180210	ENST00000530231	LIG 1	NAG	YES	ENST00000311907	416
1D3T	ENSG00000180210	ENST00000311907	LIG 1	NAG	YES	ENST00000311907	416
1D3T	ENSG00000180210	ENST00000442468	LIG 1	NAG	NO	ENST00000311907	NA
1D3T	ENSG00000180210	ENST00000530231	LIG 1	NAG	YES	ENST00000311907	416
1D4P	ENSG00000180210	ENST00000311907	LIG 1	NAG	YES	ENST00000311907	416,418
1D4P	ENSG00000180210	ENST00000442468	LIG 1	NAG	NO	ENST00000311907	NA
1D4P	ENSG00000180210	ENST00000530231	LIG 1	NAG	YES	ENST00000311907	416,418
1DOJ	ENSG00000180210	ENST00000311907	LIG 2	NAG	YES	ENST00000311907	60
1DOJ	ENSG00000180210	ENST00000442468	LIG 2	NAG	YES	ENST00000311907	34
1DOJ	ENSG00000180210	ENST00000530231	LIG 2	NAG	YES	ENST00000311907	60
1DX5	ENSG00000180210	ENST00000311907	LIG 2	NAG	YES	ENST00000311907	60,408
1DX5	ENSG00000180210	ENST00000442468	LIG 2	NAG	NO	ENST00000311907	NA
1DX5	ENSG00000180210	ENST00000530231	LIG 2	NAG	YES	ENST00000311907	60,408
1HAG	ENSG00000180210	ENST00000311907	LIG 2	NAG	YES	ENST00000311907	60,387
1HAG	ENSG00000180210	ENST00000442468	LIG 2	NAG	NO	ENST00000311907	NA
1HAG	ENSG00000180210	ENST00000530231	LIG 2	NAG	YES	ENST00000311907	60,387
1HAH	ENSG00000180210	ENST00000311907	LIG 2	NAG	YES	ENST00000311907	60,408
1HAH	ENSG00000180210	ENST00000442468	LIG 2	NAG	NO	ENST00000311907	NA
1HAH	ENSG00000180210	ENST00000530231	LIG 2	NAG	YES	ENST00000311907	60,408
1HAI	ENSG00000180210	ENST00000311907	LIG 2	NAG	YES	ENST00000311907	60,408
1HAI	ENSG00000180210	ENST00000442468	LIG 2	NAG	NO	ENST00000311907	NA
1HAI	ENSG00000180210	ENST00000530231	LIG 2	NAG	YES	ENST00000311907	60,408
1JMO	ENSG00000180210	ENST00000311907	LIG 1	NAG	YES	ENST00000311907	60
1JMO	ENSG00000180210	ENST00000442468	LIG 1	NAG	YES	ENST00000311907	34
1JMO	ENSG00000180210	ENST00000530231	LIG 1	NAG	YES	ENST00000311907	60
1JOU	ENSG00000180210	ENST00000311907	LIG 2	GOL	YES	ENST00000311907	221,477,478,511,513,516,529,530,535,568,569,577,579,580
1JOU	ENSG00000180210	ENST00000442468	LIG 2	GOL	NO	ENST00000311907	NA
1JOU	ENSG00000180210	ENST00000530231	LIG 2	GOL	NO	ENST00000311907	NA
1JOU	ENSG00000180210	ENST00000311907	LIG 3	ACY	YES	ENST00000311907	147,369,492,496,497,500,501,504
1JOU	ENSG00000180210	ENST00000442468	LIG 3	ACY	NO	ENST00000311907	NA
1JOU	ENSG00000180210	ENST00000530231	LIG 3	ACY	NO	ENST00000311907	NA
1JOU	ENSG00000180210	ENST00000311907	LIG 1	NAG	YES	ENST00000311907	60
1JOU	ENSG00000180210	ENST00000442468	LIG 1	NAG	YES	ENST00000311907	34
1JOU	ENSG00000180210	ENST00000530231	LIG 1	NAG	YES	ENST00000311907	60
1MH0	ENSG00000180210	ENST00000311907	LIG 1	NAG	YES	ENST00000311907	60,392
1MH0	ENSG00000180210	ENST00000442468	LIG 1	NAG	NO	ENST00000311907	NA
1MH0	ENSG00000180210	ENST00000530231	LIG 1	NAG	YES	ENST00000311907	60,392
1NO9	ENSG00000180210	ENST00000311907	LIG 1	NAG	YES	ENST00000311907	60,408
1NO9	ENSG00000180210	ENST00000442468	LIG 1	NAG	NO	ENST00000311907	NA
1NO9	ENSG00000180210	ENST00000530231	LIG 1	NAG	YES	ENST00000311907	60,408
1OOK	ENSG00000180210	ENST00000311907	LIG 2	NAG	YES	ENST00000311907	60
1OOK	ENSG00000180210	ENST00000442468	LIG 2	NAG	YES	ENST00000311907	34
1OOK	ENSG00000180210	ENST00000530231	LIG 2	NAG	YES	ENST00000311907	60
1P8V	ENSG00000180210	ENST00000311907	LIG 2	NAG	YES	ENST00000311907	409,416,418
1P8V	ENSG00000180210	ENST00000442468	LIG 2	NAG	NO	ENST00000311907	NA
1P8V	ENSG00000180210	ENST00000530231	LIG 2	NAG	YES	ENST00000311907	409,416,418
1RD3	ENSG00000180210	ENST00000311907	LIG 4	GOL	YES	ENST00000311907	14,60,97,338,341,342,369,372,373,374,375,376,398,417,418,419,434,444,445,455,465,492,500,501,502,550,553,563,592,593,594
1RD3	ENSG00000180210	ENST00000442468	LIG 4	GOL	NO	ENST00000311907	NA
1RD3	ENSG00000180210	ENST00000530231	LIG 4	GOL	NO	ENST00000311907	NA
1RIW	ENSG00000180210	ENST00000311907	LIG 2	NAG	YES	ENST00000311907	409,411,416
1RIW	ENSG00000180210	ENST00000442468	LIG 2	NAG	NO	ENST00000311907	NA
1RIW	ENSG00000180210	ENST00000530231	LIG 2	NAG	YES	ENST00000311907	409,411,416
1SFQ	ENSG00000180210	ENST00000311907	LIG 2	NAG	YES	ENST00000311907	60
1SFQ	ENSG00000180210	ENST00000442468	LIG 2	NAG	YES	ENST00000311907	34
1SFQ	ENSG00000180210	ENST00000530231	LIG 2	NAG	YES	ENST00000311907	60
1SG8	ENSG00000180210	ENST00000311907	LIG 1	NAG	YES	ENST00000311907	60
1SG8	ENSG00000180210	ENST00000442468	LIG 1	NAG	YES	ENST00000311907	34
1SG8	ENSG00000180210	ENST00000530231	LIG 1	NAG	YES	ENST00000311907	60
1SGI	ENSG00000180210	ENST00000311907	LIG 1	NAG	YES	ENST00000311907	60,408
1SGI	ENSG00000180210	ENST00000442468	LIG 1	NAG	NO	ENST00000311907	NA
1SGI	ENSG00000180210	ENST00000530231	LIG 1	NAG	YES	ENST00000311907	60,408
1SR5	ENSG00000180210	ENST00000311907	LIG 2	NAG	YES	ENST00000311907	60
1SR5	ENSG00000180210	ENST00000442468	LIG 2	NAG	YES	ENST00000311907	34
1SR5	ENSG00000180210	ENST00000530231	LIG 2	NAG	YES	ENST00000311907	60
1TB6	ENSG00000180210	ENST00000311907	LIG 1	NAG	YES	ENST00000311907	60,408
1TB6	ENSG00000180210	ENST00000442468	LIG 1	NAG	NO	ENST00000311907	NA
1TB6	ENSG00000180210	ENST00000530231	LIG 1	NAG	YES	ENST00000311907	60,408
1TMT	ENSG00000180210	ENST00000311907	LIG 2	NAG	YES	ENST00000311907	60
1TMT	ENSG00000180210	ENST00000442468	LIG 2	NAG	YES	ENST00000311907	34
1TMT	ENSG00000180210	ENST00000530231	LIG 2	NAG	YES	ENST00000311907	60
1TMU	ENSG00000180210	ENST00000311907	LIG 2	NAG	YES	ENST00000311907	60,408
1TMU	ENSG00000180210	ENST00000442468	LIG 2	NAG	NO	ENST00000311907	NA
1TMU	ENSG00000180210	ENST00000530231	LIG 2	NAG	YES	ENST00000311907	60,408
1TQ7	ENSG00000180210	ENST00000311907	LIG 2	NAG	YES	ENST00000311907	60,408
1TQ7	ENSG00000180210	ENST00000442468	LIG 2	NAG	NO	ENST00000311907	NA
1TQ7	ENSG00000180210	ENST00000530231	LIG 2	NAG	YES	ENST00000311907	60,408
1TWX	ENSG00000180210	ENST00000311907	LIG 2	NAG	YES	ENST00000311907	60,408
1TWX	ENSG00000180210	ENST00000442468	LIG 2	NAG	NO	ENST00000311907	NA
1TWX	ENSG00000180210	ENST00000530231	LIG 2	NAG	YES	ENST00000311907	60,408
1UMA	ENSG00000180210	ENST00000311907	LIG 2	NAG	YES	ENST00000311907	60
1UMA	ENSG00000180210	ENST00000442468	LIG 2	NAG	YES	ENST00000311907	34
1UMA	ENSG00000180210	ENST00000530231	LIG 2	NAG	YES	ENST00000311907	60
1WAY	ENSG00000180210	ENST00000311907	LIG 3	DMS	YES	ENST00000311907	97,446,478,507,508,510,516,519,526,560,567,568
1WAY	ENSG00000180210	ENST00000442468	LIG 3	DMS	NO	ENST00000311907	NA
1WAY	ENSG00000180210	ENST00000530231	LIG 3	DMS	NO	ENST00000311907	NA
1WBG	ENSG00000180210	ENST00000311907	LIG 3	DMS	YES	ENST00000311907	446,478,507,508,510,516,519,526,560,567,568
1WBG	ENSG00000180210	ENST00000442468	LIG 3	DMS	NO	ENST00000311907	NA
1WBG	ENSG00000180210	ENST00000530231	LIG 3	DMS	NO	ENST00000311907	NA
1XMN	ENSG00000180210	ENST00000311907	LIG 7	GOL	YES	ENST00000311907	14,338,341,342,343,344,345,478,509,510,512,528,549,552
1XMN	ENSG00000180210	ENST00000442468	LIG 7	GOL	NO	ENST00000311907	NA
1XMN	ENSG00000180210	ENST00000530231	LIG 7	GOL	NO	ENST00000311907	NA
1YPE	ENSG00000180210	ENST00000311907	LIG 3	GOL	YES	ENST00000311907	60,204,512,515,516,554
1YPE	ENSG00000180210	ENST00000442468	LIG 3	GOL	NO	ENST00000311907	NA
1YPE	ENSG00000180210	ENST00000530231	LIG 3	GOL	YES	ENST00000311907	60,204,473,476,477,515
1YPL	ENSG00000180210	ENST00000311907	LIG 3	GOL	YES	ENST00000311907	60,445
1YPL	ENSG00000180210	ENST00000442468	LIG 3	GOL	NO	ENST00000311907	NA
1YPL	ENSG00000180210	ENST00000530231	LIG 3	GOL	YES	ENST00000311907	60,445
1Z8I	ENSG00000180210	ENST00000311907	LIG 2	NAG	YES	ENST00000311907	60
1Z8I	ENSG00000180210	ENST00000442468	LIG 2	NAG	YES	ENST00000311907	34
1Z8I	ENSG00000180210	ENST00000530231	LIG 2	NAG	YES	ENST00000311907	60
1Z8J	ENSG00000180210	ENST00000311907	LIG 2	NAG	YES	ENST00000311907	60,408
1Z8J	ENSG00000180210	ENST00000442468	LIG 2	NAG	NO	ENST00000311907	NA
1Z8J	ENSG00000180210	ENST00000530231	LIG 2	NAG	YES	ENST00000311907	60,408
2AFQ	ENSG00000180210	ENST00000311907	LIG 1	GOL	YES	ENST00000311907	60,129,380,382,386,405,415,418,421,477,512,560,568,570,571
2AFQ	ENSG00000180210	ENST00000442468	LIG 1	GOL	NO	ENST00000311907	NA
2AFQ	ENSG00000180210	ENST00000530231	LIG 1	GOL	NO	ENST00000311907	NA
2B5T	ENSG00000180210	ENST00000311907	LIG 5	GOL	YES	ENST00000311907	1,14,60,129,366,367,368,409,435,440,471,473,479,482,503,504,505,550,580,582,585,589
2B5T	ENSG00000180210	ENST00000442468	LIG 5	GOL	NO	ENST00000311907	NA
2B5T	ENSG00000180210	ENST00000530231	LIG 5	GOL	NO	ENST00000311907	NA
2B5T	ENSG00000180210	ENST00000311907	LIG 1	NAG	YES	ENST00000311907	60
2B5T	ENSG00000180210	ENST00000442468	LIG 1	NAG	YES	ENST00000311907	34
2B5T	ENSG00000180210	ENST00000530231	LIG 1	NAG	YES	ENST00000311907	60
2C8X	ENSG00000180210	ENST00000311907	LIG 1	DMS	YES	ENST00000311907	475,476,478,507,510,526
2C8X	ENSG00000180210	ENST00000442468	LIG 1	DMS	NO	ENST00000311907	NA
2C8X	ENSG00000180210	ENST00000530231	LIG 1	DMS	NO	ENST00000311907	NA
2C8Y	ENSG00000180210	ENST00000311907	LIG 1	DMS	YES	ENST00000311907	390,405,475,476,478,480,507,510,526,537,538,539
2C8Y	ENSG00000180210	ENST00000442468	LIG 1	DMS	NO	ENST00000311907	NA
2C8Y	ENSG00000180210	ENST00000530231	LIG 1	DMS	NO	ENST00000311907	NA
2C8Z	ENSG00000180210	ENST00000311907	LIG 1	DMS	YES	ENST00000311907	478,507,508,510,526
2C8Z	ENSG00000180210	ENST00000442468	LIG 1	DMS	NO	ENST00000311907	NA
2C8Z	ENSG00000180210	ENST00000530231	LIG 1	DMS	NO	ENST00000311907	NA
2C90	ENSG00000180210	ENST00000311907	LIG 1	DMS	YES	ENST00000311907	478,507,508,510,526
2C90	ENSG00000180210	ENST00000442468	LIG 1	DMS	NO	ENST00000311907	NA
2C90	ENSG00000180210	ENST00000530231	LIG 1	DMS	NO	ENST00000311907	NA
2C93	ENSG00000180210	ENST00000311907	LIG 1	DMS	YES	ENST00000311907	129,204,389,390,405,475,538,539,540
2C93	ENSG00000180210	ENST00000442468	LIG 1	DMS	NO	ENST00000311907	NA
2C93	ENSG00000180210	ENST00000530231	LIG 1	DMS	NO	ENST00000311907	NA
2OD3	ENSG00000180210	ENST00000311907	LIG 2	NAG	YES	ENST00000311907	60
2OD3	ENSG00000180210	ENST00000442468	LIG 2	NAG	YES	ENST00000311907	34
2OD3	ENSG00000180210	ENST00000530231	LIG 2	NAG	YES	ENST00000311907	60
2PGB	ENSG00000180210	ENST00000311907	LIG 1	NAG	YES	ENST00000311907	60
2PGB	ENSG00000180210	ENST00000442468	LIG 1	NAG	YES	ENST00000311907	34
2PGB	ENSG00000180210	ENST00000530231	LIG 1	NAG	YES	ENST00000311907	60
2PGQ	ENSG00000180210	ENST00000311907	LIG 2	NAG	YES	ENST00000311907	60,408
2PGQ	ENSG00000180210	ENST00000442468	LIG 2	NAG	NO	ENST00000311907	NA
2PGQ	ENSG00000180210	ENST00000530231	LIG 2	NAG	YES	ENST00000311907	60,408
2ZFQ	ENSG00000180210	ENST00000311907	LIG 4	GOL	YES	ENST00000311907	60,408
2ZFQ	ENSG00000180210	ENST00000442468	LIG 4	GOL	NO	ENST00000311907	NA
2ZFQ	ENSG00000180210	ENST00000530231	LIG 4	GOL	YES	ENST00000311907	60,408
2ZFR	ENSG00000180210	ENST00000311907	LIG 3	GOL	YES	ENST00000311907	204,473,553
2ZFR	ENSG00000180210	ENST00000442468	LIG 3	GOL	NO	ENST00000311907	NA
2ZFR	ENSG00000180210	ENST00000530231	LIG 3	GOL	NO	ENST00000311907	NA
2ZHF	ENSG00000180210	ENST00000311907	LIG 3	GOL	YES	ENST00000311907	60,408
2ZHF	ENSG00000180210	ENST00000442468	LIG 3	GOL	NO	ENST00000311907	NA
2ZHF	ENSG00000180210	ENST00000530231	LIG 3	GOL	YES	ENST00000311907	60,408
3B9F	ENSG00000180210	ENST00000311907	LIG 4	GOL	YES	ENST00000311907	60,77,398,424,425,455,457,459,478,509,510,512,515,528,529,592,593
3B9F	ENSG00000180210	ENST00000442468	LIG 4	GOL	NO	ENST00000311907	NA
3B9F	ENSG00000180210	ENST00000530231	LIG 4	GOL	NO	ENST00000311907	NA
3BEF	ENSG00000180210	ENST00000311907	LIG 3	NAG	YES	ENST00000311907	60
3BEF	ENSG00000180210	ENST00000442468	LIG 3	NAG	YES	ENST00000311907	34
3BEF	ENSG00000180210	ENST00000530231	LIG 3	NAG	YES	ENST00000311907	60
3BEI	ENSG00000180210	ENST00000311907	LIG 2	GOL	YES	ENST00000311907	129,477,478,480,504,505,506,507,523,571
3BEI	ENSG00000180210	ENST00000442468	LIG 2	GOL	NO	ENST00000311907	NA
3BEI	ENSG00000180210	ENST00000530231	LIG 2	GOL	NO	ENST00000311907	NA
3BEI	ENSG00000180210	ENST00000311907	LIG 1	NAG	YES	ENST00000311907	60,408
3BEI	ENSG00000180210	ENST00000442468	LIG 1	NAG	NO	ENST00000311907	NA
3BEI	ENSG00000180210	ENST00000530231	LIG 1	NAG	YES	ENST00000311907	60,408
3BIU	ENSG00000180210	ENST00000311907	LIG 2	NAG	YES	ENST00000311907	60
3BIU	ENSG00000180210	ENST00000442468	LIG 2	NAG	YES	ENST00000311907	34
3BIU	ENSG00000180210	ENST00000530231	LIG 2	NAG	YES	ENST00000311907	60
3BIV	ENSG00000180210	ENST00000311907	LIG 2	NAG	YES	ENST00000311907	60,408
3BIV	ENSG00000180210	ENST00000442468	LIG 2	NAG	NO	ENST00000311907	NA
3BIV	ENSG00000180210	ENST00000530231	LIG 2	NAG	YES	ENST00000311907	60,408
3BV9	ENSG00000180210	ENST00000311907	LIG 2	GOL	YES	ENST00000311907	60,439,440,441,583,584
3BV9	ENSG00000180210	ENST00000442468	LIG 2	GOL	NO	ENST00000311907	NA
3BV9	ENSG00000180210	ENST00000530231	LIG 2	GOL	YES	ENST00000311907	60,439,440,441,544,545
3DD2	ENSG00000180210	ENST00000311907	LIG 4	ACY	YES	ENST00000311907	60,367,368,521
3DD2	ENSG00000180210	ENST00000442468	LIG 4	ACY	NO	ENST00000311907	NA
3DD2	ENSG00000180210	ENST00000530231	LIG 4	ACY	YES	ENST00000311907	60,367,368,482
3GIC	ENSG00000180210	ENST00000311907	LIG 1	NAG	YES	ENST00000311907	60
3GIC	ENSG00000180210	ENST00000442468	LIG 1	NAG	YES	ENST00000311907	34
3GIC	ENSG00000180210	ENST00000530231	LIG 1	NAG	YES	ENST00000311907	60
3HKJ	ENSG00000180210	ENST00000311907	LIG 3	NAG	YES	ENST00000311907	60
3HKJ	ENSG00000180210	ENST00000442468	LIG 3	NAG	YES	ENST00000311907	34
3HKJ	ENSG00000180210	ENST00000530231	LIG 3	NAG	YES	ENST00000311907	60
3JZ1	ENSG00000180210	ENST00000311907	LIG 2	NAG	YES	ENST00000311907	60,408
3JZ1	ENSG00000180210	ENST00000442468	LIG 2	NAG	NO	ENST00000311907	NA
3JZ1	ENSG00000180210	ENST00000530231	LIG 2	NAG	YES	ENST00000311907	60,408
3JZ1	ENSG00000180210	ENST00000311907	LIG 3	GOL	YES	ENST00000311907	505,506,508,511,524,525
3JZ1	ENSG00000180210	ENST00000442468	LIG 3	GOL	NO	ENST00000311907	NA
3JZ1	ENSG00000180210	ENST00000530231	LIG 3	GOL	YES	ENST00000311907	466,467,469,472,485,486
3JZ2	ENSG00000180210	ENST00000311907	LIG 2	GOL	YES	ENST00000311907	60,339,342,373,374,375,376,378,405,418,439,449,465,498,522,535,538,545,548,558,559,560,575,576
3JZ2	ENSG00000180210	ENST00000442468	LIG 2	GOL	NO	ENST00000311907	NA
3JZ2	ENSG00000180210	ENST00000530231	LIG 2	GOL	NO	ENST00000311907	NA
3JZ2	ENSG00000180210	ENST00000311907	LIG 1	NAG	YES	ENST00000311907	60,408
3JZ2	ENSG00000180210	ENST00000442468	LIG 1	NAG	NO	ENST00000311907	NA
3JZ2	ENSG00000180210	ENST00000530231	LIG 1	NAG	YES	ENST00000311907	60,408
3LU9	ENSG00000180210	ENST00000311907	LIG 2	GOL	YES	ENST00000311907	508,509,511,514,527,528
3LU9	ENSG00000180210	ENST00000442468	LIG 2	GOL	NO	ENST00000311907	NA
3LU9	ENSG00000180210	ENST00000530231	LIG 2	GOL	YES	ENST00000311907	469,470,472,475,488,489
3LU9	ENSG00000180210	ENST00000311907	LIG 1	NAG	YES	ENST00000311907	60
3LU9	ENSG00000180210	ENST00000442468	LIG 1	NAG	YES	ENST00000311907	34
3LU9	ENSG00000180210	ENST00000530231	LIG 1	NAG	YES	ENST00000311907	60
3NXP	ENSG00000180210	ENST00000311907	LIG 3	GOL	YES	ENST00000311907	282,283,367,418,421,564,568,571
3NXP	ENSG00000180210	ENST00000442468	LIG 3	GOL	NO	ENST00000311907	NA
3NXP	ENSG00000180210	ENST00000530231	LIG 3	GOL	YES	ENST00000311907	282,283,367,418,421,525,529,532
3NXP	ENSG00000180210	ENST00000311907	LIG 2	TRS	YES	ENST00000311907	424,426,474,515,516,517,518,549,550
3NXP	ENSG00000180210	ENST00000442468	LIG 2	TRS	NO	ENST00000311907	NA
3NXP	ENSG00000180210	ENST00000530231	LIG 2	TRS	NO	ENST00000311907	NA
3NXP	ENSG00000180210	ENST00000311907	LIG 1	NAG	YES	ENST00000311907	389,460
3NXP	ENSG00000180210	ENST00000442468	LIG 1	NAG	NO	ENST00000311907	NA
3NXP	ENSG00000180210	ENST00000530231	LIG 1	NAG	NO	ENST00000311907	NA
3P17	ENSG00000180210	ENST00000311907	LIG 2	NAG	YES	ENST00000311907	60,408
3P17	ENSG00000180210	ENST00000442468	LIG 2	NAG	NO	ENST00000311907	NA
3P17	ENSG00000180210	ENST00000530231	LIG 2	NAG	YES	ENST00000311907	60,408
3P6Z	ENSG00000180210	ENST00000311907	LIG 4	NAG	YES	ENST00000311907	416,418
3P6Z	ENSG00000180210	ENST00000442468	LIG 4	NAG	NO	ENST00000311907	NA
3P6Z	ENSG00000180210	ENST00000530231	LIG 4	NAG	YES	ENST00000311907	416,418
3PMH	ENSG00000180210	ENST00000311907	LIG 1	NAG	YES	ENST00000311907	60
3PMH	ENSG00000180210	ENST00000442468	LIG 1	NAG	YES	ENST00000311907	34
3PMH	ENSG00000180210	ENST00000530231	LIG 1	NAG	YES	ENST00000311907	60
3QGN	ENSG00000180210	ENST00000311907	LIG 1	NAG	YES	ENST00000311907	60
3QGN	ENSG00000180210	ENST00000442468	LIG 1	NAG	YES	ENST00000311907	34
3QGN	ENSG00000180210	ENST00000530231	LIG 1	NAG	YES	ENST00000311907	60
3QLP	ENSG00000180210	ENST00000311907	LIG 2	NAG	YES	ENST00000311907	60
3QLP	ENSG00000180210	ENST00000442468	LIG 2	NAG	YES	ENST00000311907	34
3QLP	ENSG00000180210	ENST00000530231	LIG 2	NAG	YES	ENST00000311907	60
3QTO	ENSG00000180210	ENST00000311907	LIG 3	GOL	YES	ENST00000311907	60,389,390,538,539
3QTO	ENSG00000180210	ENST00000442468	LIG 3	GOL	NO	ENST00000311907	NA
3QTO	ENSG00000180210	ENST00000530231	LIG 3	GOL	YES	ENST00000311907	60,389,390,499,500
3QTO	ENSG00000180210	ENST00000311907	LIG 1	NAG	YES	ENST00000311907	60,408
3QTO	ENSG00000180210	ENST00000442468	LIG 1	NAG	NO	ENST00000311907	NA
3QTO	ENSG00000180210	ENST00000530231	LIG 1	NAG	YES	ENST00000311907	60,408
3QTV	ENSG00000180210	ENST00000311907	LIG 1	NAG	YES	ENST00000311907	60,408
3QTV	ENSG00000180210	ENST00000442468	LIG 1	NAG	NO	ENST00000311907	NA
3QTV	ENSG00000180210	ENST00000530231	LIG 1	NAG	YES	ENST00000311907	60,408
3QTV	ENSG00000180210	ENST00000311907	LIG 4	GOL	YES	ENST00000311907	60,389,390,538,539
3QTV	ENSG00000180210	ENST00000442468	LIG 4	GOL	NO	ENST00000311907	NA
3QTV	ENSG00000180210	ENST00000530231	LIG 4	GOL	YES	ENST00000311907	60,389,390,499,500
3QWC	ENSG00000180210	ENST00000311907	LIG 1	NAG	YES	ENST00000311907	60,408
3QWC	ENSG00000180210	ENST00000442468	LIG 1	NAG	NO	ENST00000311907	NA
3QWC	ENSG00000180210	ENST00000530231	LIG 1	NAG	YES	ENST00000311907	60,408
3QWC	ENSG00000180210	ENST00000311907	LIG 2	GOL	YES	ENST00000311907	60,389,390,538,539
3QWC	ENSG00000180210	ENST00000442468	LIG 2	GOL	NO	ENST00000311907	NA
3QWC	ENSG00000180210	ENST00000530231	LIG 2	GOL	YES	ENST00000311907	60,389,390,499,500
3QX5	ENSG00000180210	ENST00000311907	LIG 3	GOL	YES	ENST00000311907	60,389,390,538,539
3QX5	ENSG00000180210	ENST00000442468	LIG 3	GOL	NO	ENST00000311907	NA
3QX5	ENSG00000180210	ENST00000530231	LIG 3	GOL	YES	ENST00000311907	60,389,390,499,500
3QX5	ENSG00000180210	ENST00000311907	LIG 1	NAG	YES	ENST00000311907	60,408
3QX5	ENSG00000180210	ENST00000442468	LIG 1	NAG	NO	ENST00000311907	NA
3QX5	ENSG00000180210	ENST00000530231	LIG 1	NAG	YES	ENST00000311907	60,408
3R3G	ENSG00000180210	ENST00000311907	LIG 1	NAG	YES	ENST00000311907	60,408
3R3G	ENSG00000180210	ENST00000442468	LIG 1	NAG	NO	ENST00000311907	NA
3R3G	ENSG00000180210	ENST00000530231	LIG 1	NAG	YES	ENST00000311907	60,408
3RLW	ENSG00000180210	ENST00000311907	LIG 1	NAG	YES	ENST00000311907	60,408
3RLW	ENSG00000180210	ENST00000442468	LIG 1	NAG	NO	ENST00000311907	NA
3RLW	ENSG00000180210	ENST00000530231	LIG 1	NAG	YES	ENST00000311907	60,408
3RLW	ENSG00000180210	ENST00000311907	LIG 4	GOL	YES	ENST00000311907	60,389,390,478,480,494,509,511,514,527,528,538,539,562,564,565
3RLW	ENSG00000180210	ENST00000442468	LIG 4	GOL	NO	ENST00000311907	NA
3RLW	ENSG00000180210	ENST00000530231	LIG 4	GOL	NO	ENST00000311907	NA
3RLY	ENSG00000180210	ENST00000311907	LIG 4	GOL	YES	ENST00000311907	480,508,509,511,514,527,528
3RLY	ENSG00000180210	ENST00000442468	LIG 4	GOL	NO	ENST00000311907	NA
3RLY	ENSG00000180210	ENST00000530231	LIG 4	GOL	NO	ENST00000311907	NA
3RLY	ENSG00000180210	ENST00000311907	LIG 1	NAG	YES	ENST00000311907	60,408
3RLY	ENSG00000180210	ENST00000442468	LIG 1	NAG	NO	ENST00000311907	NA
3RLY	ENSG00000180210	ENST00000530231	LIG 1	NAG	YES	ENST00000311907	60,408
3RM0	ENSG00000180210	ENST00000311907	LIG 4	GOL	YES	ENST00000311907	480,508,509,510,511,514,527,528
3RM0	ENSG00000180210	ENST00000442468	LIG 4	GOL	NO	ENST00000311907	NA
3RM0	ENSG00000180210	ENST00000530231	LIG 4	GOL	NO	ENST00000311907	NA
3RM0	ENSG00000180210	ENST00000311907	LIG 1	NAG	YES	ENST00000311907	60,408
3RM0	ENSG00000180210	ENST00000442468	LIG 1	NAG	NO	ENST00000311907	NA
3RM0	ENSG00000180210	ENST00000530231	LIG 1	NAG	YES	ENST00000311907	60,408
3RM2	ENSG00000180210	ENST00000311907	LIG 4	GOL	YES	ENST00000311907	60,389,390,508,509,511,514,527,528,538,539
3RM2	ENSG00000180210	ENST00000442468	LIG 4	GOL	NO	ENST00000311907	NA
3RM2	ENSG00000180210	ENST00000530231	LIG 4	GOL	YES	ENST00000311907	60,389,390,469,470,472,475,488,489,499,500
3RM2	ENSG00000180210	ENST00000311907	LIG 1	NAG	YES	ENST00000311907	60,408
3RM2	ENSG00000180210	ENST00000442468	LIG 1	NAG	NO	ENST00000311907	NA
3RM2	ENSG00000180210	ENST00000530231	LIG 1	NAG	YES	ENST00000311907	60,408
3RML	ENSG00000180210	ENST00000311907	LIG 3	GOL	YES	ENST00000311907	60,389,390,508,509,511,514,527,528,538,539
3RML	ENSG00000180210	ENST00000442468	LIG 3	GOL	NO	ENST00000311907	NA
3RML	ENSG00000180210	ENST00000530231	LIG 3	GOL	YES	ENST00000311907	60,389,390,469,470,472,475,488,489,499,500
3RML	ENSG00000180210	ENST00000311907	LIG 1	NAG	YES	ENST00000311907	60,408
3RML	ENSG00000180210	ENST00000442468	LIG 1	NAG	NO	ENST00000311907	NA
3RML	ENSG00000180210	ENST00000530231	LIG 1	NAG	YES	ENST00000311907	60,408
3RMM	ENSG00000180210	ENST00000311907	LIG 3	GOL	YES	ENST00000311907	60,389,390,480,508,509,510,511,514,527,528,538,539
3RMM	ENSG00000180210	ENST00000442468	LIG 3	GOL	NO	ENST00000311907	NA
3RMM	ENSG00000180210	ENST00000530231	LIG 3	GOL	NO	ENST00000311907	NA
3RMM	ENSG00000180210	ENST00000311907	LIG 1	NAG	YES	ENST00000311907	60,408
3RMM	ENSG00000180210	ENST00000442468	LIG 1	NAG	NO	ENST00000311907	NA
3RMM	ENSG00000180210	ENST00000530231	LIG 1	NAG	YES	ENST00000311907	60,408
3RMN	ENSG00000180210	ENST00000311907	LIG 4	GOL	YES	ENST00000311907	60,389,390,405,508,509,511,514,527,528,538,539
3RMN	ENSG00000180210	ENST00000442468	LIG 4	GOL	NO	ENST00000311907	NA
3RMN	ENSG00000180210	ENST00000530231	LIG 4	GOL	YES	ENST00000311907	60,389,390,405,469,470,472,475,488,489,499,500
3RMN	ENSG00000180210	ENST00000311907	LIG 1	NAG	YES	ENST00000311907	60,408
3RMN	ENSG00000180210	ENST00000442468	LIG 1	NAG	NO	ENST00000311907	NA
3RMN	ENSG00000180210	ENST00000530231	LIG 1	NAG	YES	ENST00000311907	60,408
3RMO	ENSG00000180210	ENST00000311907	LIG 3	GOL	YES	ENST00000311907	60,389,390,480,508,509,510,511,514,527,528,538,539
3RMO	ENSG00000180210	ENST00000442468	LIG 3	GOL	NO	ENST00000311907	NA
3RMO	ENSG00000180210	ENST00000530231	LIG 3	GOL	NO	ENST00000311907	NA
3RMO	ENSG00000180210	ENST00000311907	LIG 1	NAG	YES	ENST00000311907	60
3RMO	ENSG00000180210	ENST00000442468	LIG 1	NAG	YES	ENST00000311907	34
3RMO	ENSG00000180210	ENST00000530231	LIG 1	NAG	YES	ENST00000311907	60
3S7H	ENSG00000180210	ENST00000311907	LIG 2	GOL	YES	ENST00000311907	129,341,344,345,346,477,547,550,574,576
3S7H	ENSG00000180210	ENST00000442468	LIG 2	GOL	NO	ENST00000311907	NA
3S7H	ENSG00000180210	ENST00000530231	LIG 2	GOL	NO	ENST00000311907	NA
3S7H	ENSG00000180210	ENST00000311907	LIG 1	NAG	YES	ENST00000311907	60,408
3S7H	ENSG00000180210	ENST00000442468	LIG 1	NAG	NO	ENST00000311907	NA
3S7H	ENSG00000180210	ENST00000530231	LIG 1	NAG	YES	ENST00000311907	60,408
3S7K	ENSG00000180210	ENST00000311907	LIG 1	TRS	YES	ENST00000311907	478,480,509,510,511,512,515,528,529
3S7K	ENSG00000180210	ENST00000442468	LIG 1	TRS	NO	ENST00000311907	NA
3S7K	ENSG00000180210	ENST00000530231	LIG 1	TRS	NO	ENST00000311907	NA
3SHA	ENSG00000180210	ENST00000311907	LIG 1	NAG	YES	ENST00000311907	60,408
3SHA	ENSG00000180210	ENST00000442468	LIG 1	NAG	NO	ENST00000311907	NA
3SHA	ENSG00000180210	ENST00000530231	LIG 1	NAG	YES	ENST00000311907	60,408
3SHA	ENSG00000180210	ENST00000311907	LIG 4	GOL	YES	ENST00000311907	60,389,390,478,508,509,511,514,527,528,538,539
3SHA	ENSG00000180210	ENST00000442468	LIG 4	GOL	NO	ENST00000311907	NA
3SHA	ENSG00000180210	ENST00000530231	LIG 4	GOL	NO	ENST00000311907	NA
3SHC	ENSG00000180210	ENST00000311907	LIG 1	NAG	YES	ENST00000311907	60,408
3SHC	ENSG00000180210	ENST00000442468	LIG 1	NAG	NO	ENST00000311907	NA
3SHC	ENSG00000180210	ENST00000530231	LIG 1	NAG	YES	ENST00000311907	60,408
3SI3	ENSG00000180210	ENST00000311907	LIG 2	GOL	YES	ENST00000311907	538,562,563,564,565
3SI3	ENSG00000180210	ENST00000442468	LIG 2	GOL	NO	ENST00000311907	NA
3SI3	ENSG00000180210	ENST00000530231	LIG 2	GOL	YES	ENST00000311907	499,523,524,525,526
3SI3	ENSG00000180210	ENST00000311907	LIG 1	NAG	YES	ENST00000311907	60,408
3SI3	ENSG00000180210	ENST00000442468	LIG 1	NAG	NO	ENST00000311907	NA
3SI3	ENSG00000180210	ENST00000530231	LIG 1	NAG	YES	ENST00000311907	60,408
3SI4	ENSG00000180210	ENST00000311907	LIG 1	NAG	YES	ENST00000311907	60,408
3SI4	ENSG00000180210	ENST00000442468	LIG 1	NAG	NO	ENST00000311907	NA
3SI4	ENSG00000180210	ENST00000530231	LIG 1	NAG	YES	ENST00000311907	60,408
3SI4	ENSG00000180210	ENST00000311907	LIG 4	GOL	YES	ENST00000311907	60,389,390,538,539
3SI4	ENSG00000180210	ENST00000442468	LIG 4	GOL	NO	ENST00000311907	NA
3SI4	ENSG00000180210	ENST00000530231	LIG 4	GOL	YES	ENST00000311907	60,389,390,499,500
3SQE	ENSG00000180210	ENST00000311907	LIG 1	GOL	YES	ENST00000311907	462,494,495,497,500,510,513,514
3SQE	ENSG00000180210	ENST00000442468	LIG 1	GOL	NO	ENST00000311907	NA
3SQE	ENSG00000180210	ENST00000530231	LIG 1	GOL	NO	ENST00000311907	NA
3SV2	ENSG00000180210	ENST00000311907	LIG 4	GOL	YES	ENST00000311907	60,389,390,508,509,510,511,514,519,527,528,539,563
3SV2	ENSG00000180210	ENST00000442468	LIG 4	GOL	NO	ENST00000311907	NA
3SV2	ENSG00000180210	ENST00000530231	LIG 4	GOL	YES	ENST00000311907	60,389,390,469,470,471,472,475,480,488,489,500,524
3SV2	ENSG00000180210	ENST00000311907	LIG 1	NAG	YES	ENST00000311907	60,408
3SV2	ENSG00000180210	ENST00000442468	LIG 1	NAG	NO	ENST00000311907	NA
3SV2	ENSG00000180210	ENST00000530231	LIG 1	NAG	YES	ENST00000311907	60,408
3T5F	ENSG00000180210	ENST00000311907	LIG 4	GOL	YES	ENST00000311907	60,97,389,444,445,480,508,509,510,511,514,527,528,538,539
3T5F	ENSG00000180210	ENST00000442468	LIG 4	GOL	NO	ENST00000311907	NA
3T5F	ENSG00000180210	ENST00000530231	LIG 4	GOL	NO	ENST00000311907	NA
3T5F	ENSG00000180210	ENST00000311907	LIG 1	NAG	YES	ENST00000311907	60,408
3T5F	ENSG00000180210	ENST00000442468	LIG 1	NAG	NO	ENST00000311907	NA
3T5F	ENSG00000180210	ENST00000530231	LIG 1	NAG	YES	ENST00000311907	60,408
3U69	ENSG00000180210	ENST00000311907	LIG 1	NAG	YES	ENST00000311907	416
3U69	ENSG00000180210	ENST00000442468	LIG 1	NAG	NO	ENST00000311907	NA
3U69	ENSG00000180210	ENST00000530231	LIG 1	NAG	YES	ENST00000311907	416
3U8O	ENSG00000180210	ENST00000311907	LIG 2	NAG	YES	ENST00000311907	416
3U8O	ENSG00000180210	ENST00000442468	LIG 2	NAG	NO	ENST00000311907	NA
3U8O	ENSG00000180210	ENST00000530231	LIG 2	NAG	YES	ENST00000311907	416
3U8R	ENSG00000180210	ENST00000311907	LIG 2	NAG	YES	ENST00000311907	416
3U8R	ENSG00000180210	ENST00000442468	LIG 2	NAG	NO	ENST00000311907	NA
3U8R	ENSG00000180210	ENST00000530231	LIG 2	NAG	YES	ENST00000311907	416
3U8T	ENSG00000180210	ENST00000311907	LIG 2	NAG	YES	ENST00000311907	416
3U8T	ENSG00000180210	ENST00000442468	LIG 2	NAG	NO	ENST00000311907	NA
3U8T	ENSG00000180210	ENST00000530231	LIG 2	NAG	YES	ENST00000311907	416
3U98	ENSG00000180210	ENST00000311907	LIG 1	NAG	YES	ENST00000311907	60,408
3U98	ENSG00000180210	ENST00000442468	LIG 1	NAG	NO	ENST00000311907	NA
3U98	ENSG00000180210	ENST00000530231	LIG 1	NAG	YES	ENST00000311907	60,408
3U9A	ENSG00000180210	ENST00000311907	LIG 3	GOL	YES	ENST00000311907	60,389,390,509,511,514,527,528,538,539
3U9A	ENSG00000180210	ENST00000442468	LIG 3	GOL	NO	ENST00000311907	NA
3U9A	ENSG00000180210	ENST00000530231	LIG 3	GOL	YES	ENST00000311907	60,389,390,470,472,475,488,489,499,500
3U9A	ENSG00000180210	ENST00000311907	LIG 1	NAG	YES	ENST00000311907	60,408
3U9A	ENSG00000180210	ENST00000442468	LIG 1	NAG	NO	ENST00000311907	NA
3U9A	ENSG00000180210	ENST00000530231	LIG 1	NAG	YES	ENST00000311907	60,408
3UWJ	ENSG00000180210	ENST00000311907	LIG 1	NAG	YES	ENST00000311907	60,408
3UWJ	ENSG00000180210	ENST00000442468	LIG 1	NAG	NO	ENST00000311907	NA
3UWJ	ENSG00000180210	ENST00000530231	LIG 1	NAG	YES	ENST00000311907	60,408
3VXE	ENSG00000180210	ENST00000311907	LIG 3	NAG	YES	ENST00000311907	60
3VXE	ENSG00000180210	ENST00000442468	LIG 3	NAG	YES	ENST00000311907	34
3VXE	ENSG00000180210	ENST00000530231	LIG 3	NAG	YES	ENST00000311907	60
3VXF	ENSG00000180210	ENST00000311907	LIG 3	NAG	YES	ENST00000311907	60,408
3VXF	ENSG00000180210	ENST00000442468	LIG 3	NAG	NO	ENST00000311907	NA
3VXF	ENSG00000180210	ENST00000530231	LIG 3	NAG	YES	ENST00000311907	60,408
4AX9	ENSG00000180210	ENST00000311907	LIG 2	NAG	YES	ENST00000311907	60
4AX9	ENSG00000180210	ENST00000442468	LIG 2	NAG	YES	ENST00000311907	34
4AX9	ENSG00000180210	ENST00000530231	LIG 2	NAG	YES	ENST00000311907	60
4AYV	ENSG00000180210	ENST00000311907	LIG 2	NAG	YES	ENST00000311907	409,416
4AYV	ENSG00000180210	ENST00000442468	LIG 2	NAG	NO	ENST00000311907	NA
4AYV	ENSG00000180210	ENST00000530231	LIG 2	NAG	YES	ENST00000311907	409,416
4AYY	ENSG00000180210	ENST00000311907	LIG 2	NAG	YES	ENST00000311907	409,416
4AYY	ENSG00000180210	ENST00000442468	LIG 2	NAG	NO	ENST00000311907	NA
4AYY	ENSG00000180210	ENST00000530231	LIG 2	NAG	YES	ENST00000311907	409,416
4AZ2	ENSG00000180210	ENST00000311907	LIG 2	NAG	YES	ENST00000311907	416
4AZ2	ENSG00000180210	ENST00000442468	LIG 2	NAG	NO	ENST00000311907	NA
4AZ2	ENSG00000180210	ENST00000530231	LIG 2	NAG	YES	ENST00000311907	416
4BAH	ENSG00000180210	ENST00000311907	LIG 2	NAG	YES	ENST00000311907	409,416,418
4BAH	ENSG00000180210	ENST00000442468	LIG 2	NAG	NO	ENST00000311907	NA
4BAH	ENSG00000180210	ENST00000530231	LIG 2	NAG	YES	ENST00000311907	409,416,418
4BAK	ENSG00000180210	ENST00000311907	LIG 2	NAG	YES	ENST00000311907	409,416,418
4BAK	ENSG00000180210	ENST00000442468	LIG 2	NAG	NO	ENST00000311907	NA
4BAK	ENSG00000180210	ENST00000530231	LIG 2	NAG	YES	ENST00000311907	409,416,418
4BAM	ENSG00000180210	ENST00000311907	LIG 2	NAG	YES	ENST00000311907	409,416,418
4BAM	ENSG00000180210	ENST00000442468	LIG 2	NAG	NO	ENST00000311907	NA
4BAM	ENSG00000180210	ENST00000530231	LIG 2	NAG	YES	ENST00000311907	409,416,418
4BAN	ENSG00000180210	ENST00000311907	LIG 2	NAG	YES	ENST00000311907	409,416,418
4BAN	ENSG00000180210	ENST00000442468	LIG 2	NAG	NO	ENST00000311907	NA
4BAN	ENSG00000180210	ENST00000530231	LIG 2	NAG	YES	ENST00000311907	409,416,418
4BAQ	ENSG00000180210	ENST00000311907	LIG 2	NAG	YES	ENST00000311907	409,416,418
4BAQ	ENSG00000180210	ENST00000442468	LIG 2	NAG	NO	ENST00000311907	NA
4BAQ	ENSG00000180210	ENST00000530231	LIG 2	NAG	YES	ENST00000311907	409,416,418
4BOH	ENSG00000180210	ENST00000311907	LIG 2	NAG	YES	ENST00000311907	416,418
4BOH	ENSG00000180210	ENST00000442468	LIG 2	NAG	NO	ENST00000311907	NA
4BOH	ENSG00000180210	ENST00000530231	LIG 2	NAG	YES	ENST00000311907	416,418
4CH2	ENSG00000180210	ENST00000311907	LIG 3	GOL	YES	ENST00000311907	331,332,333,334,336,371,372,373,374,375,376,427,428,429,477,523,581,583
4CH2	ENSG00000180210	ENST00000442468	LIG 3	GOL	NO	ENST00000311907	NA
4CH2	ENSG00000180210	ENST00000530231	LIG 3	GOL	NO	ENST00000311907	NA
4CH8	ENSG00000180210	ENST00000311907	LIG 4	GOL	YES	ENST00000311907	371,373,374,375,376,378,427,428,477,515
4CH8	ENSG00000180210	ENST00000442468	LIG 4	GOL	NO	ENST00000311907	NA
4CH8	ENSG00000180210	ENST00000530231	LIG 4	GOL	NO	ENST00000311907	NA
4DIH	ENSG00000180210	ENST00000311907	LIG 2	NAG	YES	ENST00000311907	60
4DIH	ENSG00000180210	ENST00000442468	LIG 2	NAG	YES	ENST00000311907	34
4DIH	ENSG00000180210	ENST00000530231	LIG 2	NAG	YES	ENST00000311907	60
4DII	ENSG00000180210	ENST00000311907	LIG 2	NAG	YES	ENST00000311907	60
4DII	ENSG00000180210	ENST00000442468	LIG 2	NAG	YES	ENST00000311907	34
4DII	ENSG00000180210	ENST00000530231	LIG 2	NAG	YES	ENST00000311907	60
4E05	ENSG00000180210	ENST00000311907	LIG 1	NAG	YES	ENST00000311907	416,418
4E05	ENSG00000180210	ENST00000442468	LIG 1	NAG	NO	ENST00000311907	NA
4E05	ENSG00000180210	ENST00000530231	LIG 1	NAG	YES	ENST00000311907	416,418
4E06	ENSG00000180210	ENST00000311907	LIG 1	NAG	YES	ENST00000311907	416
4E06	ENSG00000180210	ENST00000442468	LIG 1	NAG	NO	ENST00000311907	NA
4E06	ENSG00000180210	ENST00000530231	LIG 1	NAG	YES	ENST00000311907	416
4E7R	ENSG00000180210	ENST00000311907	LIG 4	GOL	YES	ENST00000311907	508,509,510,513,526,527,574
4E7R	ENSG00000180210	ENST00000442468	LIG 4	GOL	NO	ENST00000311907	NA
4E7R	ENSG00000180210	ENST00000530231	LIG 4	GOL	YES	ENST00000311907	469,470,471,474,487,488,535
4E7R	ENSG00000180210	ENST00000311907	LIG 1	NAG	YES	ENST00000311907	60,408
4E7R	ENSG00000180210	ENST00000442468	LIG 1	NAG	NO	ENST00000311907	NA
4E7R	ENSG00000180210	ENST00000530231	LIG 1	NAG	YES	ENST00000311907	60,408
4HFP	ENSG00000180210	ENST00000311907	LIG 1	15U	YES	ENST00000311907	60,97,149,405,522,537,538,540,562,563,564,566,567,573
4HFP	ENSG00000180210	ENST00000442468	LIG 1	15U	NO	ENST00000311907	NA
4HFP	ENSG00000180210	ENST00000530231	LIG 1	15U	YES	ENST00000311907	60,97,149,405,483,498,499,501,523,524,525,527,528,534
4LOY	ENSG00000180210	ENST00000311907	LIG 2	NAG	YES	ENST00000311907	60
4LOY	ENSG00000180210	ENST00000442468	LIG 2	NAG	YES	ENST00000311907	34
4LOY	ENSG00000180210	ENST00000530231	LIG 2	NAG	YES	ENST00000311907	60
4LXB	ENSG00000180210	ENST00000311907	LIG 2	NAG	YES	ENST00000311907	60,407
4LXB	ENSG00000180210	ENST00000442468	LIG 2	NAG	NO	ENST00000311907	NA
4LXB	ENSG00000180210	ENST00000530231	LIG 2	NAG	YES	ENST00000311907	60,407
4LZ1	ENSG00000180210	ENST00000311907	LIG 2	NAG	YES	ENST00000311907	60
4LZ1	ENSG00000180210	ENST00000442468	LIG 2	NAG	YES	ENST00000311907	34
4LZ1	ENSG00000180210	ENST00000530231	LIG 2	NAG	YES	ENST00000311907	60
4LZ4	ENSG00000180210	ENST00000311907	LIG 1	NAG	YES	ENST00000311907	60
4LZ4	ENSG00000180210	ENST00000442468	LIG 1	NAG	YES	ENST00000311907	34
4LZ4	ENSG00000180210	ENST00000530231	LIG 1	NAG	YES	ENST00000311907	60
4MLF	ENSG00000180210	ENST00000311907	LIG 1	NAG	YES	ENST00000311907	60
4MLF	ENSG00000180210	ENST00000442468	LIG 1	NAG	YES	ENST00000311907	34
4MLF	ENSG00000180210	ENST00000530231	LIG 1	NAG	YES	ENST00000311907	60
4NZQ	ENSG00000180210	ENST00000311907	LIG 1	NAG	YES	ENST00000311907	121,128,143,145,155,371,378
4NZQ	ENSG00000180210	ENST00000442468	LIG 1	NAG	NO	ENST00000311907	NA
4NZQ	ENSG00000180210	ENST00000530231	LIG 1	NAG	YES	ENST00000311907	121,128,143,145,155,371,378
4O03	ENSG00000180210	ENST00000311907	LIG 1	NAG	YES	ENST00000311907	121,122,143,369,376
4O03	ENSG00000180210	ENST00000442468	LIG 1	NAG	NO	ENST00000311907	NA
4O03	ENSG00000180210	ENST00000530231	LIG 1	NAG	YES	ENST00000311907	121,122,143,369,376
4RKJ	ENSG00000180210	ENST00000311907	LIG 1	GOL	YES	ENST00000311907	14,478,508,509,511,514,527,528,535,536,561,562,564
4RKJ	ENSG00000180210	ENST00000442468	LIG 1	GOL	NO	ENST00000311907	NA
4RKJ	ENSG00000180210	ENST00000530231	LIG 1	GOL	NO	ENST00000311907	NA
4RKO	ENSG00000180210	ENST00000311907	LIG 3	GOL	YES	ENST00000311907	14,329,332,333,334,478,508,509,511,527,548,551
4RKO	ENSG00000180210	ENST00000442468	LIG 3	GOL	NO	ENST00000311907	NA
4RKO	ENSG00000180210	ENST00000530231	LIG 3	GOL	NO	ENST00000311907	NA
4RKO	ENSG00000180210	ENST00000311907	LIG 4	NAG	YES	ENST00000311907	60
4RKO	ENSG00000180210	ENST00000442468	LIG 4	NAG	YES	ENST00000311907	34
4RKO	ENSG00000180210	ENST00000530231	LIG 4	NAG	YES	ENST00000311907	60
4RN6	ENSG00000180210	ENST00000311907	LIG 1	15U	YES	ENST00000311907	60,97,389,431,476,480,520,545,546,547,548
4RN6	ENSG00000180210	ENST00000442468	LIG 1	15U	NO	ENST00000311907	NA
4RN6	ENSG00000180210	ENST00000530231	LIG 1	15U	NO	ENST00000311907	NA
4THN	ENSG00000180210	ENST00000311907	LIG 1	NAG	YES	ENST00000311907	60,408
4THN	ENSG00000180210	ENST00000442468	LIG 1	NAG	NO	ENST00000311907	NA
4THN	ENSG00000180210	ENST00000530231	LIG 1	NAG	YES	ENST00000311907	60,408
4UD9	ENSG00000180210	ENST00000311907	LIG 2	DMS	YES	ENST00000311907	204,475,476,478,510,513,529
4UD9	ENSG00000180210	ENST00000442468	LIG 2	DMS	NO	ENST00000311907	NA
4UD9	ENSG00000180210	ENST00000530231	LIG 2	DMS	NO	ENST00000311907	NA
4UD9	ENSG00000180210	ENST00000311907	LIG 3	GOL	YES	ENST00000311907	204,439,449,473,476,513,527,577,580,581
4UD9	ENSG00000180210	ENST00000442468	LIG 3	GOL	NO	ENST00000311907	NA
4UD9	ENSG00000180210	ENST00000530231	LIG 3	GOL	NO	ENST00000311907	NA
4UD9	ENSG00000180210	ENST00000311907	LIG 6	NAG	YES	ENST00000311907	60
4UD9	ENSG00000180210	ENST00000442468	LIG 6	NAG	YES	ENST00000311907	34
4UD9	ENSG00000180210	ENST00000530231	LIG 6	NAG	YES	ENST00000311907	60
4UDW	ENSG00000180210	ENST00000311907	LIG 3	GOL	YES	ENST00000311907	511,522,523,524
4UDW	ENSG00000180210	ENST00000442468	LIG 3	GOL	NO	ENST00000311907	NA
4UDW	ENSG00000180210	ENST00000530231	LIG 3	GOL	YES	ENST00000311907	472,483,484,485
4UDW	ENSG00000180210	ENST00000311907	LIG 4	NAG	YES	ENST00000311907	60,408
4UDW	ENSG00000180210	ENST00000442468	LIG 4	NAG	NO	ENST00000311907	NA
4UDW	ENSG00000180210	ENST00000530231	LIG 4	NAG	YES	ENST00000311907	60,408
4UE7	ENSG00000180210	ENST00000311907	LIG 1	GOL	YES	ENST00000311907	441,443,449,511,519,524,575,578
4UE7	ENSG00000180210	ENST00000442468	LIG 1	GOL	NO	ENST00000311907	NA
4UE7	ENSG00000180210	ENST00000530231	LIG 1	GOL	YES	ENST00000311907	441,443,449,472,480,485,536,539
4UE7	ENSG00000180210	ENST00000311907	LIG 3	DMS	YES	ENST00000311907	60,204,405,447,475,476,478,508,511,527
4UE7	ENSG00000180210	ENST00000442468	LIG 3	DMS	NO	ENST00000311907	NA
4UE7	ENSG00000180210	ENST00000530231	LIG 3	DMS	NO	ENST00000311907	NA
4UE7	ENSG00000180210	ENST00000311907	LIG 6	NAG	YES	ENST00000311907	60
4UE7	ENSG00000180210	ENST00000442468	LIG 6	NAG	YES	ENST00000311907	34
4UE7	ENSG00000180210	ENST00000530231	LIG 6	NAG	YES	ENST00000311907	60
4UEH	ENSG00000180210	ENST00000311907	LIG 5	GOL	YES	ENST00000311907	449,526,579,580
4UEH	ENSG00000180210	ENST00000442468	LIG 5	GOL	NO	ENST00000311907	NA
4UEH	ENSG00000180210	ENST00000530231	LIG 5	GOL	YES	ENST00000311907	449,487,540,541
4UEH	ENSG00000180210	ENST00000311907	LIG 2	NAG	YES	ENST00000311907	60,408
4UEH	ENSG00000180210	ENST00000442468	LIG 2	NAG	NO	ENST00000311907	NA
4UEH	ENSG00000180210	ENST00000530231	LIG 2	NAG	YES	ENST00000311907	60,408
4UFD	ENSG00000180210	ENST00000311907	LIG 4	GOL	YES	ENST00000311907	441,443,519
4UFD	ENSG00000180210	ENST00000442468	LIG 4	GOL	NO	ENST00000311907	NA
4UFD	ENSG00000180210	ENST00000530231	LIG 4	GOL	YES	ENST00000311907	441,443,480
4UFD	ENSG00000180210	ENST00000311907	LIG 3	NAG	YES	ENST00000311907	60,408
4UFD	ENSG00000180210	ENST00000442468	LIG 3	NAG	NO	ENST00000311907	NA
4UFD	ENSG00000180210	ENST00000530231	LIG 3	NAG	YES	ENST00000311907	60,408
4UFE	ENSG00000180210	ENST00000311907	LIG 3	NAG	YES	ENST00000311907	60,408
4UFE	ENSG00000180210	ENST00000442468	LIG 3	NAG	NO	ENST00000311907	NA
4UFE	ENSG00000180210	ENST00000530231	LIG 3	NAG	YES	ENST00000311907	60,408
4UFF	ENSG00000180210	ENST00000311907	LIG 3	NAG	YES	ENST00000311907	60,408
4UFF	ENSG00000180210	ENST00000442468	LIG 3	NAG	NO	ENST00000311907	NA
4UFF	ENSG00000180210	ENST00000530231	LIG 3	NAG	YES	ENST00000311907	60,408
4UFG	ENSG00000180210	ENST00000311907	LIG 3	NAG	YES	ENST00000311907	60,408
4UFG	ENSG00000180210	ENST00000442468	LIG 3	NAG	NO	ENST00000311907	NA
4UFG	ENSG00000180210	ENST00000530231	LIG 3	NAG	YES	ENST00000311907	60,408
4YES	ENSG00000180210	ENST00000311907	LIG 1	GOL	YES	ENST00000311907	461,540,601,602
4YES	ENSG00000180210	ENST00000442468	LIG 1	GOL	NO	ENST00000311907	NA
4YES	ENSG00000180210	ENST00000530231	LIG 1	GOL	NO	ENST00000311907	NA
4YES	ENSG00000180210	ENST00000311907	LIG 2	NAG	YES	ENST00000311907	409,416
4YES	ENSG00000180210	ENST00000442468	LIG 2	NAG	NO	ENST00000311907	NA
4YES	ENSG00000180210	ENST00000530231	LIG 2	NAG	YES	ENST00000311907	409,416
5A2M	ENSG00000180210	ENST00000311907	LIG 2	GOL	YES	ENST00000311907	519
5A2M	ENSG00000180210	ENST00000442468	LIG 2	GOL	NO	ENST00000311907	NA
5A2M	ENSG00000180210	ENST00000530231	LIG 2	GOL	YES	ENST00000311907	480
5A2M	ENSG00000180210	ENST00000311907	LIG 4	NAG	YES	ENST00000311907	60,408
5A2M	ENSG00000180210	ENST00000442468	LIG 4	NAG	NO	ENST00000311907	NA
5A2M	ENSG00000180210	ENST00000530231	LIG 4	NAG	YES	ENST00000311907	60,408
5AF9	ENSG00000180210	ENST00000311907	LIG 2	DMS	YES	ENST00000311907	204,478,508,511,527
5AF9	ENSG00000180210	ENST00000442468	LIG 2	DMS	NO	ENST00000311907	NA
5AF9	ENSG00000180210	ENST00000530231	LIG 2	DMS	NO	ENST00000311907	NA
5AF9	ENSG00000180210	ENST00000311907	LIG 5	GOL	YES	ENST00000311907	204,439,449,511,525,575,578,579
5AF9	ENSG00000180210	ENST00000442468	LIG 5	GOL	NO	ENST00000311907	NA
5AF9	ENSG00000180210	ENST00000530231	LIG 5	GOL	YES	ENST00000311907	204,439,449,472,486,536,539,540
5AF9	ENSG00000180210	ENST00000311907	LIG 1	NAG	YES	ENST00000311907	60
5AF9	ENSG00000180210	ENST00000442468	LIG 1	NAG	YES	ENST00000311907	34
5AF9	ENSG00000180210	ENST00000530231	LIG 1	NAG	YES	ENST00000311907	60
5AFY	ENSG00000180210	ENST00000311907	LIG 2	DMS	YES	ENST00000311907	204,475,476,478,508,511,527
5AFY	ENSG00000180210	ENST00000442468	LIG 2	DMS	NO	ENST00000311907	NA
5AFY	ENSG00000180210	ENST00000530231	LIG 2	DMS	NO	ENST00000311907	NA
5AFY	ENSG00000180210	ENST00000311907	LIG 4	GOL	YES	ENST00000311907	1,395,396,511,524,575,578,587
5AFY	ENSG00000180210	ENST00000442468	LIG 4	GOL	NO	ENST00000311907	NA
5AFY	ENSG00000180210	ENST00000530231	LIG 4	GOL	YES	ENST00000311907	1,395,396,472,485,536,539,548
5AFY	ENSG00000180210	ENST00000311907	LIG 6	NAG	YES	ENST00000311907	60,408
5AFY	ENSG00000180210	ENST00000442468	LIG 6	NAG	NO	ENST00000311907	NA
5AFY	ENSG00000180210	ENST00000530231	LIG 6	NAG	YES	ENST00000311907	60,408
5AFZ	ENSG00000180210	ENST00000311907	LIG 5	NAG	YES	ENST00000311907	60,408
5AFZ	ENSG00000180210	ENST00000442468	LIG 5	NAG	NO	ENST00000311907	NA
5AFZ	ENSG00000180210	ENST00000530231	LIG 5	NAG	YES	ENST00000311907	60,408
5AHG	ENSG00000180210	ENST00000311907	LIG 3	GOL	YES	ENST00000311907	204,473,476
5AHG	ENSG00000180210	ENST00000442468	LIG 3	GOL	NO	ENST00000311907	NA
5AHG	ENSG00000180210	ENST00000530231	LIG 3	GOL	NO	ENST00000311907	NA
5AHG	ENSG00000180210	ENST00000311907	LIG 5	NAG	YES	ENST00000311907	60
5AHG	ENSG00000180210	ENST00000442468	LIG 5	NAG	YES	ENST00000311907	34
5AHG	ENSG00000180210	ENST00000530231	LIG 5	NAG	YES	ENST00000311907	60
5AHG	ENSG00000180210	ENST00000311907	LIG 1	DMS	YES	ENST00000311907	204,475,476,478,508,511,527
5AHG	ENSG00000180210	ENST00000442468	LIG 1	DMS	NO	ENST00000311907	NA
5AHG	ENSG00000180210	ENST00000530231	LIG 1	DMS	NO	ENST00000311907	NA
5DO4	ENSG00000180210	ENST00000311907	LIG 4	GOL	YES	ENST00000311907	333,396,483,487,576,612,615
5DO4	ENSG00000180210	ENST00000442468	LIG 4	GOL	NO	ENST00000311907	NA
5DO4	ENSG00000180210	ENST00000530231	LIG 4	GOL	NO	ENST00000311907	NA
5DO4	ENSG00000180210	ENST00000311907	LIG 2	NAG	YES	ENST00000311907	416,418
5DO4	ENSG00000180210	ENST00000442468	LIG 2	NAG	NO	ENST00000311907	NA
5DO4	ENSG00000180210	ENST00000530231	LIG 2	NAG	YES	ENST00000311907	416,418
5E8E	ENSG00000180210	ENST00000311907	LIG 5	CIT	YES	ENST00000311907	450,452,611,612
5E8E	ENSG00000180210	ENST00000442468	LIG 5	CIT	NO	ENST00000311907	NA
5E8E	ENSG00000180210	ENST00000530231	LIG 5	CIT	NO	ENST00000311907	NA
5EDK	ENSG00000180210	ENST00000311907	LIG 1	NAG	YES	ENST00000311907	121,131,154,155,156,200,234
5EDK	ENSG00000180210	ENST00000442468	LIG 1	NAG	YES	ENST00000311907	95,105,128,129,130,174,208
5EDK	ENSG00000180210	ENST00000530231	LIG 1	NAG	YES	ENST00000311907	121,131,154,155,156,200,234
5EW1	ENSG00000180210	ENST00000311907	LIG 1	NAG	YES	ENST00000311907	60
5EW1	ENSG00000180210	ENST00000442468	LIG 1	NAG	YES	ENST00000311907	34
5EW1	ENSG00000180210	ENST00000530231	LIG 1	NAG	YES	ENST00000311907	60
5EW2	ENSG00000180210	ENST00000311907	LIG 1	NAG	YES	ENST00000311907	60
5EW2	ENSG00000180210	ENST00000442468	LIG 1	NAG	YES	ENST00000311907	34
5EW2	ENSG00000180210	ENST00000530231	LIG 1	NAG	YES	ENST00000311907	60
5GDS	ENSG00000180210	ENST00000311907	LIG 1	NAG	YES	ENST00000311907	60,408
5GDS	ENSG00000180210	ENST00000442468	LIG 1	NAG	NO	ENST00000311907	NA
5GDS	ENSG00000180210	ENST00000530231	LIG 1	NAG	YES	ENST00000311907	60,408
5JFD	ENSG00000180210	ENST00000311907	LIG 3	GOL	YES	ENST00000311907	60,389,390,441,443,448,449,522,539,540
5JFD	ENSG00000180210	ENST00000442468	LIG 3	GOL	NO	ENST00000311907	NA
5JFD	ENSG00000180210	ENST00000530231	LIG 3	GOL	YES	ENST00000311907	60,389,390,441,443,448,449,483,500,501
5JFD	ENSG00000180210	ENST00000311907	LIG 2	NAG	YES	ENST00000311907	60
5JFD	ENSG00000180210	ENST00000442468	LIG 2	NAG	YES	ENST00000311907	34
5JFD	ENSG00000180210	ENST00000530231	LIG 2	NAG	YES	ENST00000311907	60
5JFD	ENSG00000180210	ENST00000311907	LIG 4	DMS	YES	ENST00000311907	478,512,528
5JFD	ENSG00000180210	ENST00000442468	LIG 4	DMS	NO	ENST00000311907	NA
5JFD	ENSG00000180210	ENST00000530231	LIG 4	DMS	NO	ENST00000311907	NA
5JZY	ENSG00000180210	ENST00000311907	LIG 1	NAG	YES	ENST00000311907	60,408
5JZY	ENSG00000180210	ENST00000442468	LIG 1	NAG	NO	ENST00000311907	NA
5JZY	ENSG00000180210	ENST00000530231	LIG 1	NAG	YES	ENST00000311907	60,408
5JZY	ENSG00000180210	ENST00000311907	LIG 2	DMS	YES	ENST00000311907	14,129,204,478,482,508,509,511,517,527,568,569
5JZY	ENSG00000180210	ENST00000442468	LIG 2	DMS	NO	ENST00000311907	NA
5JZY	ENSG00000180210	ENST00000530231	LIG 2	DMS	NO	ENST00000311907	NA
5L6N	ENSG00000180210	ENST00000311907	LIG 1	NAG	YES	ENST00000311907	416,418
5L6N	ENSG00000180210	ENST00000442468	LIG 1	NAG	NO	ENST00000311907	NA
5L6N	ENSG00000180210	ENST00000530231	LIG 1	NAG	YES	ENST00000311907	416,418
5MJT	ENSG00000180210	ENST00000311907	LIG 4	GOL	YES	ENST00000311907	60,389,390,440,441,443,449,511,517,518,522,523,524,538,539,561,562,569,570,572,575,578
5MJT	ENSG00000180210	ENST00000442468	LIG 4	GOL	NO	ENST00000311907	NA
5MJT	ENSG00000180210	ENST00000530231	LIG 4	GOL	YES	ENST00000311907	60,389,390,440,441,443,449,472,478,479,483,484,485,499,500,522,523,530,531,533,536,539
5MJT	ENSG00000180210	ENST00000311907	LIG 2	DMS	YES	ENST00000311907	478,508,511,527
5MJT	ENSG00000180210	ENST00000442468	LIG 2	DMS	NO	ENST00000311907	NA
5MJT	ENSG00000180210	ENST00000530231	LIG 2	DMS	NO	ENST00000311907	NA
5MLS	ENSG00000180210	ENST00000311907	LIG 4	GOL	YES	ENST00000311907	60,204,389,390,441,443,449,511,516,522,523,524,538,539,575,578
5MLS	ENSG00000180210	ENST00000442468	LIG 4	GOL	NO	ENST00000311907	NA
5MLS	ENSG00000180210	ENST00000530231	LIG 4	GOL	YES	ENST00000311907	60,204,389,390,441,443,449,472,477,483,484,485,499,500,536,539
5MLS	ENSG00000180210	ENST00000311907	LIG 2	DMS	YES	ENST00000311907	478,480,508,511,527
5MLS	ENSG00000180210	ENST00000442468	LIG 2	DMS	NO	ENST00000311907	NA
5MLS	ENSG00000180210	ENST00000530231	LIG 2	DMS	NO	ENST00000311907	NA
5MM6	ENSG00000180210	ENST00000311907	LIG 1	GOL	YES	ENST00000311907	60,389,390,441,443,449,511,519,522,523,524,539,575,578
5MM6	ENSG00000180210	ENST00000442468	LIG 1	GOL	NO	ENST00000311907	NA
5MM6	ENSG00000180210	ENST00000530231	LIG 1	GOL	YES	ENST00000311907	60,389,390,441,443,449,472,480,483,484,485,500,536,539
5MM6	ENSG00000180210	ENST00000311907	LIG 2	DMS	YES	ENST00000311907	204,478,508,509,511,527
5MM6	ENSG00000180210	ENST00000442468	LIG 2	DMS	NO	ENST00000311907	NA
5MM6	ENSG00000180210	ENST00000530231	LIG 2	DMS	NO	ENST00000311907	NA
5NHU	ENSG00000180210	ENST00000311907	LIG 2	NAG	YES	ENST00000311907	409,416
5NHU	ENSG00000180210	ENST00000442468	LIG 2	NAG	NO	ENST00000311907	NA
5NHU	ENSG00000180210	ENST00000530231	LIG 2	NAG	YES	ENST00000311907	409,416
6EO6	ENSG00000180210	ENST00000311907	LIG 2	NAG	YES	ENST00000311907	416
6EO6	ENSG00000180210	ENST00000442468	LIG 2	NAG	NO	ENST00000311907	NA
6EO6	ENSG00000180210	ENST00000530231	LIG 2	NAG	YES	ENST00000311907	416
6EO7	ENSG00000180210	ENST00000311907	LIG 2	NAG	YES	ENST00000311907	416
6EO7	ENSG00000180210	ENST00000442468	LIG 2	NAG	NO	ENST00000311907	NA
6EO7	ENSG00000180210	ENST00000530231	LIG 2	NAG	YES	ENST00000311907	416
6EO8	ENSG00000180210	ENST00000311907	LIG 2	DMS	YES	ENST00000311907	60,186,368,405,447,478,501,502,503,506,507,509,515,521,522,525,539,558,559,567,576
6EO8	ENSG00000180210	ENST00000442468	LIG 2	DMS	NO	ENST00000311907	NA
6EO8	ENSG00000180210	ENST00000530231	LIG 2	DMS	NO	ENST00000311907	NA
6EO9	ENSG00000180210	ENST00000311907	LIG 2	DMS	YES	ENST00000311907	14,60,129,186,204,368,405,447,449,478,482,504,505,508,511,523,524,525,527,560,578,579
6EO9	ENSG00000180210	ENST00000442468	LIG 2	DMS	NO	ENST00000311907	NA
6EO9	ENSG00000180210	ENST00000530231	LIG 2	DMS	NO	ENST00000311907	NA
6V5T	ENSG00000180210	ENST00000311907	LIG 1	GOL	YES	ENST00000311907	60,389,431,480,547,549
6V5T	ENSG00000180210	ENST00000442468	LIG 1	GOL	NO	ENST00000311907	NA
6V5T	ENSG00000180210	ENST00000530231	LIG 1	GOL	NO	ENST00000311907	NA
1AI0	ENSG00000254647	ENST00000250971	LIG 1	IPH	YES	ENST00000250971,ENST00000381330,ENST00000397262	29,34,35,38,95,99,100,105
1AI0	ENSG00000254647	ENST00000381330	LIG 1	IPH	YES	ENST00000250971,ENST00000381330,ENST00000397262	29,34,35,38,95,99,100,105
1AI0	ENSG00000254647	ENST00000397262	LIG 1	IPH	YES	ENST00000250971,ENST00000381330,ENST00000397262	29,34,35,38,95,99,100,105
1AI0	ENSG00000254647	ENST00000421783	LIG 1	IPH	NO	ENST00000250971,ENST00000381330,ENST00000397262	NA
1AI0	ENSG00000254647	ENST00000512523	LIG 1	IPH	YES	ENST00000250971,ENST00000381330,ENST00000397262	29,34,35,38,83,87,88,93
1AIY	ENSG00000254647	ENST00000250971	LIG 1	IPH	YES	ENST00000381330,ENST00000250971,ENST00000397262	34,35,38,95,98,99,100
1AIY	ENSG00000254647	ENST00000381330	LIG 1	IPH	YES	ENST00000381330,ENST00000250971,ENST00000397262	34,35,38,95,98,99,100
1AIY	ENSG00000254647	ENST00000397262	LIG 1	IPH	YES	ENST00000381330,ENST00000250971,ENST00000397262	34,35,38,95,98,99,100
1AIY	ENSG00000254647	ENST00000421783	LIG 1	IPH	NO	ENST00000381330,ENST00000250971,ENST00000397262	NA
1AIY	ENSG00000254647	ENST00000512523	LIG 1	IPH	YES	ENST00000381330,ENST00000250971,ENST00000397262	34,35,38,83,86,87,88
1EVR	ENSG00000254647	ENST00000250971	LIG 1	RCO	YES	ENST00000250971,ENST00000381330,ENST00000397262	27,29,30,35,38,41,95,98,99,100,102,106
1EVR	ENSG00000254647	ENST00000381330	LIG 1	RCO	YES	ENST00000250971,ENST00000381330,ENST00000397262	27,29,30,35,38,41,95,98,99,100,102,106
1EVR	ENSG00000254647	ENST00000397262	LIG 1	RCO	YES	ENST00000250971,ENST00000381330,ENST00000397262	27,29,30,35,38,41,95,98,99,100,102,106
1EVR	ENSG00000254647	ENST00000421783	LIG 1	RCO	NO	ENST00000250971,ENST00000381330,ENST00000397262	NA
1EVR	ENSG00000254647	ENST00000512523	LIG 1	RCO	YES	ENST00000250971,ENST00000381330,ENST00000397262	27,29,30,35,38,41,83,86,87,88,90,94
1G7A	ENSG00000254647	ENST00000250971	LIG 2	GOL	YES	ENST00000397262,ENST00000381330,ENST00000250971	31,35
1G7A	ENSG00000254647	ENST00000381330	LIG 2	GOL	YES	ENST00000397262,ENST00000381330,ENST00000250971	31,35
1G7A	ENSG00000254647	ENST00000397262	LIG 2	GOL	YES	ENST00000397262,ENST00000381330,ENST00000250971	31,35
1G7A	ENSG00000254647	ENST00000421783	LIG 2	GOL	YES	ENST00000397262,ENST00000381330,ENST00000250971	31,35
1G7A	ENSG00000254647	ENST00000512523	LIG 2	GOL	YES	ENST00000397262,ENST00000381330,ENST00000250971	31,35
1G7B	ENSG00000254647	ENST00000250971	LIG 1	GOL	YES	ENST00000250971,ENST00000397262,ENST00000381330	31
1G7B	ENSG00000254647	ENST00000381330	LIG 1	GOL	YES	ENST00000250971,ENST00000397262,ENST00000381330	31
1G7B	ENSG00000254647	ENST00000397262	LIG 1	GOL	YES	ENST00000250971,ENST00000397262,ENST00000381330	31
1G7B	ENSG00000254647	ENST00000421783	LIG 1	GOL	YES	ENST00000250971,ENST00000397262,ENST00000381330	31
1G7B	ENSG00000254647	ENST00000512523	LIG 1	GOL	YES	ENST00000250971,ENST00000397262,ENST00000381330	31
1QIY	ENSG00000254647	ENST00000250971	LIG 1	IPH	YES	ENST00000250971,ENST00000381330,ENST00000397262	29,35,95,98,99,100
1QIY	ENSG00000254647	ENST00000381330	LIG 1	IPH	YES	ENST00000250971,ENST00000381330,ENST00000397262	29,35,95,98,99,100
1QIY	ENSG00000254647	ENST00000397262	LIG 1	IPH	YES	ENST00000250971,ENST00000381330,ENST00000397262	29,35,95,98,99,100
1QIY	ENSG00000254647	ENST00000421783	LIG 1	IPH	NO	ENST00000250971,ENST00000381330,ENST00000397262	NA
1QIY	ENSG00000254647	ENST00000512523	LIG 1	IPH	YES	ENST00000250971,ENST00000381330,ENST00000397262	29,35,83,86,87,88
1QIZ	ENSG00000254647	ENST00000250971	LIG 1	RCO	YES	ENST00000397262,ENST00000381330,ENST00000250971	29,35,38,41,95,98,99,100
1QIZ	ENSG00000254647	ENST00000381330	LIG 1	RCO	YES	ENST00000397262,ENST00000381330,ENST00000250971	29,35,38,41,95,98,99,100
1QIZ	ENSG00000254647	ENST00000397262	LIG 1	RCO	YES	ENST00000397262,ENST00000381330,ENST00000250971	29,35,38,41,95,98,99,100
1QIZ	ENSG00000254647	ENST00000421783	LIG 1	RCO	NO	ENST00000397262,ENST00000381330,ENST00000250971	NA
1QIZ	ENSG00000254647	ENST00000512523	LIG 1	RCO	YES	ENST00000397262,ENST00000381330,ENST00000250971	29,35,38,41,83,86,87,88
1TYL	ENSG00000254647	ENST00000250971	LIG 1	TYL	YES	ENST00000397262,ENST00000381330,ENST00000250971	35,38
1TYL	ENSG00000254647	ENST00000381330	LIG 1	TYL	YES	ENST00000397262,ENST00000381330,ENST00000250971	35,38
1TYL	ENSG00000254647	ENST00000397262	LIG 1	TYL	YES	ENST00000397262,ENST00000381330,ENST00000250971	35,38
1TYL	ENSG00000254647	ENST00000421783	LIG 1	TYL	YES	ENST00000397262,ENST00000381330,ENST00000250971	35,38
1TYL	ENSG00000254647	ENST00000512523	LIG 1	TYL	YES	ENST00000397262,ENST00000381330,ENST00000250971	35,38
1TYM	ENSG00000254647	ENST00000250971	LIG 1	TYL	YES	ENST00000381330,ENST00000397262,ENST00000250971	35
1TYM	ENSG00000254647	ENST00000381330	LIG 1	TYL	YES	ENST00000381330,ENST00000397262,ENST00000250971	35
1TYM	ENSG00000254647	ENST00000397262	LIG 1	TYL	YES	ENST00000381330,ENST00000397262,ENST00000250971	35
1TYM	ENSG00000254647	ENST00000421783	LIG 1	TYL	YES	ENST00000381330,ENST00000397262,ENST00000250971	35
1TYM	ENSG00000254647	ENST00000512523	LIG 1	TYL	YES	ENST00000381330,ENST00000397262,ENST00000250971	35
1W8P	ENSG00000254647	ENST00000250971	LIG 1	IPH	YES	ENST00000381330,ENST00000250971,ENST00000397262	26,29,35,38,95,98,99,100
1W8P	ENSG00000254647	ENST00000381330	LIG 1	IPH	YES	ENST00000381330,ENST00000250971,ENST00000397262	26,29,35,38,95,98,99,100
1W8P	ENSG00000254647	ENST00000397262	LIG 1	IPH	YES	ENST00000381330,ENST00000250971,ENST00000397262	26,29,35,38,95,98,99,100
1W8P	ENSG00000254647	ENST00000421783	LIG 1	IPH	NO	ENST00000381330,ENST00000250971,ENST00000397262	NA
1W8P	ENSG00000254647	ENST00000512523	LIG 1	IPH	YES	ENST00000381330,ENST00000250971,ENST00000397262	26,29,35,38,83,86,87,88
1XDA	ENSG00000254647	ENST00000250971	LIG 1	IPH	YES	ENST00000381330,ENST00000250971,ENST00000397262	29
1XDA	ENSG00000254647	ENST00000381330	LIG 1	IPH	YES	ENST00000381330,ENST00000250971,ENST00000397262	29
1XDA	ENSG00000254647	ENST00000397262	LIG 1	IPH	YES	ENST00000381330,ENST00000250971,ENST00000397262	29
1XDA	ENSG00000254647	ENST00000421783	LIG 1	IPH	YES	ENST00000381330,ENST00000250971,ENST00000397262	29
1XDA	ENSG00000254647	ENST00000512523	LIG 1	IPH	YES	ENST00000381330,ENST00000250971,ENST00000397262	29
1XW7	ENSG00000254647	ENST00000250971	LIG 1	IPH	YES	ENST00000381330,ENST00000397262,ENST00000250971	35,38,95,99,100
1XW7	ENSG00000254647	ENST00000381330	LIG 1	IPH	YES	ENST00000381330,ENST00000397262,ENST00000250971	35,38,95,99,100
1XW7	ENSG00000254647	ENST00000397262	LIG 1	IPH	YES	ENST00000381330,ENST00000397262,ENST00000250971	35,38,95,99,100
1XW7	ENSG00000254647	ENST00000421783	LIG 1	IPH	NO	ENST00000381330,ENST00000397262,ENST00000250971	NA
1XW7	ENSG00000254647	ENST00000512523	LIG 1	IPH	YES	ENST00000381330,ENST00000397262,ENST00000250971	35,38,83,87,88
1ZEG	ENSG00000254647	ENST00000250971	LIG 1	IPH	YES	ENST00000250971,ENST00000381330,ENST00000397262	35,37,40,41,95,98,99,100
1ZEG	ENSG00000254647	ENST00000381330	LIG 1	IPH	YES	ENST00000250971,ENST00000381330,ENST00000397262	35,37,40,41,95,98,99,100
1ZEG	ENSG00000254647	ENST00000397262	LIG 1	IPH	YES	ENST00000250971,ENST00000381330,ENST00000397262	35,37,40,41,95,98,99,100
1ZEG	ENSG00000254647	ENST00000421783	LIG 1	IPH	NO	ENST00000250971,ENST00000381330,ENST00000397262	NA
1ZEG	ENSG00000254647	ENST00000512523	LIG 1	IPH	YES	ENST00000250971,ENST00000381330,ENST00000397262	35,37,40,41,83,86,87,88
1ZNJ	ENSG00000254647	ENST00000250971	LIG 1	IPH	YES	ENST00000250971,ENST00000397262,ENST00000381330	27,29,30,35,95,98,99,100
1ZNJ	ENSG00000254647	ENST00000381330	LIG 1	IPH	YES	ENST00000250971,ENST00000397262,ENST00000381330	27,29,30,35,95,98,99,100
1ZNJ	ENSG00000254647	ENST00000397262	LIG 1	IPH	YES	ENST00000250971,ENST00000397262,ENST00000381330	27,29,30,35,95,98,99,100
1ZNJ	ENSG00000254647	ENST00000421783	LIG 1	IPH	NO	ENST00000250971,ENST00000397262,ENST00000381330	NA
1ZNJ	ENSG00000254647	ENST00000512523	LIG 1	IPH	YES	ENST00000250971,ENST00000397262,ENST00000381330	27,29,30,35,83,86,87,88
2AIY	ENSG00000254647	ENST00000250971	LIG 1	IPH	YES	ENST00000397262,ENST00000381330,ENST00000250971	30,35,38,41,99,100,105
2AIY	ENSG00000254647	ENST00000381330	LIG 1	IPH	YES	ENST00000397262,ENST00000381330,ENST00000250971	30,35,38,41,99,100,105
2AIY	ENSG00000254647	ENST00000397262	LIG 1	IPH	YES	ENST00000397262,ENST00000381330,ENST00000250971	30,35,38,41,99,100,105
2AIY	ENSG00000254647	ENST00000421783	LIG 1	IPH	NO	ENST00000397262,ENST00000381330,ENST00000250971	NA
2AIY	ENSG00000254647	ENST00000512523	LIG 1	IPH	YES	ENST00000397262,ENST00000381330,ENST00000250971	30,35,38,41,87,88,93
2OLY	ENSG00000254647	ENST00000250971	LIG 1	RCO	YES	ENST00000250971,ENST00000381330,ENST00000397262	26,29,35,37,38,40,41,95,98,99,100
2OLY	ENSG00000254647	ENST00000381330	LIG 1	RCO	YES	ENST00000250971,ENST00000381330,ENST00000397262	26,29,35,37,38,40,41,95,98,99,100
2OLY	ENSG00000254647	ENST00000397262	LIG 1	RCO	YES	ENST00000250971,ENST00000381330,ENST00000397262	26,29,35,37,38,40,41,95,98,99,100
2OLY	ENSG00000254647	ENST00000421783	LIG 1	RCO	NO	ENST00000250971,ENST00000381330,ENST00000397262	NA
2OLY	ENSG00000254647	ENST00000512523	LIG 1	RCO	YES	ENST00000250971,ENST00000381330,ENST00000397262	26,29,35,37,38,40,41,83,86,87,88
2OLY	ENSG00000254647	ENST00000250971	LIG 2	URE	YES	ENST00000250971,ENST00000381330,ENST00000397262	50,51,52,53,94,98,99,100,103,104
2OLY	ENSG00000254647	ENST00000381330	LIG 2	URE	YES	ENST00000250971,ENST00000381330,ENST00000397262	50,51,52,53,94,98,99,100,103,104
2OLY	ENSG00000254647	ENST00000397262	LIG 2	URE	YES	ENST00000250971,ENST00000381330,ENST00000397262	50,51,52,53,94,98,99,100,103,104
2OLY	ENSG00000254647	ENST00000421783	LIG 2	URE	NO	ENST00000250971,ENST00000381330,ENST00000397262	NA
2OLY	ENSG00000254647	ENST00000512523	LIG 2	URE	YES	ENST00000250971,ENST00000381330,ENST00000397262	50,51,52,53,82,86,87,88,91,92
2OLY	ENSG00000254647	ENST00000250971	LIG 3	GOL	YES	ENST00000250971,ENST00000381330,ENST00000397262	26,27,30,31
2OLY	ENSG00000254647	ENST00000381330	LIG 3	GOL	YES	ENST00000250971,ENST00000381330,ENST00000397262	26,27,30,31
2OLY	ENSG00000254647	ENST00000397262	LIG 3	GOL	YES	ENST00000250971,ENST00000381330,ENST00000397262	26,27,30,31
2OLY	ENSG00000254647	ENST00000421783	LIG 3	GOL	YES	ENST00000250971,ENST00000381330,ENST00000397262	26,27,30,31
2OLY	ENSG00000254647	ENST00000512523	LIG 3	GOL	YES	ENST00000250971,ENST00000381330,ENST00000397262	26,27,30,31
2OLZ	ENSG00000254647	ENST00000250971	LIG 1	RCO	YES	ENST00000397262,ENST00000381330,ENST00000250971	29,30,35,38,41,95,98,99,100,105
2OLZ	ENSG00000254647	ENST00000381330	LIG 1	RCO	YES	ENST00000397262,ENST00000381330,ENST00000250971	29,30,35,38,41,95,98,99,100,105
2OLZ	ENSG00000254647	ENST00000397262	LIG 1	RCO	YES	ENST00000397262,ENST00000381330,ENST00000250971	29,30,35,38,41,95,98,99,100,105
2OLZ	ENSG00000254647	ENST00000421783	LIG 1	RCO	NO	ENST00000397262,ENST00000381330,ENST00000250971	NA
2OLZ	ENSG00000254647	ENST00000512523	LIG 1	RCO	YES	ENST00000397262,ENST00000381330,ENST00000250971	29,30,35,38,41,83,86,87,88,93
2OM0	ENSG00000254647	ENST00000250971	LIG 1	RCO	YES	ENST00000381330,ENST00000397262,ENST00000250971	29,31,35,38,41,95,98,99,100,105
2OM0	ENSG00000254647	ENST00000381330	LIG 1	RCO	YES	ENST00000381330,ENST00000397262,ENST00000250971	29,31,35,38,41,95,98,99,100,105
2OM0	ENSG00000254647	ENST00000397262	LIG 1	RCO	YES	ENST00000381330,ENST00000397262,ENST00000250971	29,31,35,38,41,95,98,99,100,105
2OM0	ENSG00000254647	ENST00000421783	LIG 1	RCO	NO	ENST00000381330,ENST00000397262,ENST00000250971	NA
2OM0	ENSG00000254647	ENST00000512523	LIG 1	RCO	YES	ENST00000381330,ENST00000397262,ENST00000250971	29,31,35,38,41,83,86,87,88,93
2OM0	ENSG00000254647	ENST00000250971	LIG 2	URE	YES	ENST00000381330,ENST00000397262,ENST00000250971	94,98,99,100,104
2OM0	ENSG00000254647	ENST00000381330	LIG 2	URE	YES	ENST00000381330,ENST00000397262,ENST00000250971	94,98,99,100,104
2OM0	ENSG00000254647	ENST00000397262	LIG 2	URE	YES	ENST00000381330,ENST00000397262,ENST00000250971	94,98,99,100,104
2OM0	ENSG00000254647	ENST00000421783	LIG 2	URE	NO	ENST00000381330,ENST00000397262,ENST00000250971	NA
2OM0	ENSG00000254647	ENST00000512523	LIG 2	URE	YES	ENST00000381330,ENST00000397262,ENST00000250971	82,86,87,88,92
2OM1	ENSG00000254647	ENST00000250971	LIG 1	RCO	YES	ENST00000397262,ENST00000250971,ENST00000381330	29,30,31,35,38,41,95,98,99,100
2OM1	ENSG00000254647	ENST00000381330	LIG 1	RCO	YES	ENST00000397262,ENST00000250971,ENST00000381330	29,30,31,35,38,41,95,98,99,100
2OM1	ENSG00000254647	ENST00000397262	LIG 1	RCO	YES	ENST00000397262,ENST00000250971,ENST00000381330	29,30,31,35,38,41,95,98,99,100
2OM1	ENSG00000254647	ENST00000421783	LIG 1	RCO	NO	ENST00000397262,ENST00000250971,ENST00000381330	NA
2OM1	ENSG00000254647	ENST00000512523	LIG 1	RCO	YES	ENST00000397262,ENST00000250971,ENST00000381330	29,30,31,35,38,41,83,86,87,88
2OMG	ENSG00000254647	ENST00000250971	LIG 2	URE	YES	ENST00000381330,ENST00000397262,ENST00000250971	27,30,94,96,98,99,100,104
2OMG	ENSG00000254647	ENST00000381330	LIG 2	URE	YES	ENST00000381330,ENST00000397262,ENST00000250971	27,30,94,96,98,99,100,104
2OMG	ENSG00000254647	ENST00000397262	LIG 2	URE	YES	ENST00000381330,ENST00000397262,ENST00000250971	27,30,94,96,98,99,100,104
2OMG	ENSG00000254647	ENST00000421783	LIG 2	URE	NO	ENST00000381330,ENST00000397262,ENST00000250971	NA
2OMG	ENSG00000254647	ENST00000512523	LIG 2	URE	YES	ENST00000381330,ENST00000397262,ENST00000250971	27,30,82,84,86,87,88,92
2OMH	ENSG00000254647	ENST00000250971	LIG 2	URE	YES	ENST00000381330,ENST00000397262,ENST00000250971	94,98,99,100,104
2OMH	ENSG00000254647	ENST00000381330	LIG 2	URE	YES	ENST00000381330,ENST00000397262,ENST00000250971	94,98,99,100,104
2OMH	ENSG00000254647	ENST00000397262	LIG 2	URE	YES	ENST00000381330,ENST00000397262,ENST00000250971	94,98,99,100,104
2OMH	ENSG00000254647	ENST00000421783	LIG 2	URE	NO	ENST00000381330,ENST00000397262,ENST00000250971	NA
2OMH	ENSG00000254647	ENST00000512523	LIG 2	URE	YES	ENST00000381330,ENST00000397262,ENST00000250971	82,86,87,88,92
2OMH	ENSG00000254647	ENST00000250971	LIG 1	RCO	YES	ENST00000381330,ENST00000397262,ENST00000250971	29,35,38,95,98,99,100,105
2OMH	ENSG00000254647	ENST00000381330	LIG 1	RCO	YES	ENST00000381330,ENST00000397262,ENST00000250971	29,35,38,95,98,99,100,105
2OMH	ENSG00000254647	ENST00000397262	LIG 1	RCO	YES	ENST00000381330,ENST00000397262,ENST00000250971	29,35,38,95,98,99,100,105
2OMH	ENSG00000254647	ENST00000421783	LIG 1	RCO	NO	ENST00000381330,ENST00000397262,ENST00000250971	NA
2OMH	ENSG00000254647	ENST00000512523	LIG 1	RCO	YES	ENST00000381330,ENST00000397262,ENST00000250971	29,35,38,83,86,87,88,93
2OMI	ENSG00000254647	ENST00000250971	LIG 1	RCO	YES	ENST00000381330,ENST00000397262,ENST00000250971	29,30,31,34,35,38,41,95,98,99,100
2OMI	ENSG00000254647	ENST00000381330	LIG 1	RCO	YES	ENST00000381330,ENST00000397262,ENST00000250971	29,30,31,34,35,38,41,95,98,99,100
2OMI	ENSG00000254647	ENST00000397262	LIG 1	RCO	YES	ENST00000381330,ENST00000397262,ENST00000250971	29,30,31,34,35,38,41,95,98,99,100
2OMI	ENSG00000254647	ENST00000421783	LIG 1	RCO	NO	ENST00000381330,ENST00000397262,ENST00000250971	NA
2OMI	ENSG00000254647	ENST00000512523	LIG 1	RCO	YES	ENST00000381330,ENST00000397262,ENST00000250971	29,30,31,34,35,38,41,83,86,87,88
2VK0	ENSG00000254647	ENST00000250971	LIG 1	MPB	YES	ENST00000250971,ENST00000397262,ENST00000381330	42
2VK0	ENSG00000254647	ENST00000381330	LIG 1	MPB	YES	ENST00000250971,ENST00000397262,ENST00000381330	42
2VK0	ENSG00000254647	ENST00000397262	LIG 1	MPB	YES	ENST00000250971,ENST00000397262,ENST00000381330	42
2VK0	ENSG00000254647	ENST00000421783	LIG 1	MPB	YES	ENST00000250971,ENST00000397262,ENST00000381330	42
2VK0	ENSG00000254647	ENST00000512523	LIG 1	MPB	YES	ENST00000250971,ENST00000397262,ENST00000381330	42
2W44	ENSG00000254647	ENST00000250971	LIG 1	RCO	YES	ENST00000397262,ENST00000381330,ENST00000250971	29,31,35,38,95,98,99,100
2W44	ENSG00000254647	ENST00000381330	LIG 1	RCO	YES	ENST00000397262,ENST00000381330,ENST00000250971	29,31,35,38,95,98,99,100
2W44	ENSG00000254647	ENST00000397262	LIG 1	RCO	YES	ENST00000397262,ENST00000381330,ENST00000250971	29,31,35,38,95,98,99,100
2W44	ENSG00000254647	ENST00000421783	LIG 1	RCO	NO	ENST00000397262,ENST00000381330,ENST00000250971	NA
2W44	ENSG00000254647	ENST00000512523	LIG 1	RCO	YES	ENST00000397262,ENST00000381330,ENST00000250971	29,31,35,38,83,86,87,88
2WS6	ENSG00000254647	ENST00000250971	LIG 1	IPH	YES	ENST00000381330,ENST00000397262,ENST00000250971	26,29,30,35,95,98,99,100
2WS6	ENSG00000254647	ENST00000381330	LIG 1	IPH	YES	ENST00000381330,ENST00000397262,ENST00000250971	26,29,30,35,95,98,99,100
2WS6	ENSG00000254647	ENST00000397262	LIG 1	IPH	YES	ENST00000381330,ENST00000397262,ENST00000250971	26,29,30,35,95,98,99,100
2WS6	ENSG00000254647	ENST00000421783	LIG 1	IPH	NO	ENST00000381330,ENST00000397262,ENST00000250971	NA
2WS6	ENSG00000254647	ENST00000512523	LIG 1	IPH	YES	ENST00000381330,ENST00000397262,ENST00000250971	26,29,30,35,83,86,87,88
2WS7	ENSG00000254647	ENST00000250971	LIG 1	IPH	YES	ENST00000381330,ENST00000397262,ENST00000250971	26,29,31,34,35,38,95,98,99,100
2WS7	ENSG00000254647	ENST00000381330	LIG 1	IPH	YES	ENST00000381330,ENST00000397262,ENST00000250971	26,29,31,34,35,38,95,98,99,100
2WS7	ENSG00000254647	ENST00000397262	LIG 1	IPH	YES	ENST00000381330,ENST00000397262,ENST00000250971	26,29,31,34,35,38,95,98,99,100
2WS7	ENSG00000254647	ENST00000421783	LIG 1	IPH	NO	ENST00000381330,ENST00000397262,ENST00000250971	NA
2WS7	ENSG00000254647	ENST00000512523	LIG 1	IPH	YES	ENST00000381330,ENST00000397262,ENST00000250971	26,29,31,34,35,38,83,86,87,88
3AIY	ENSG00000254647	ENST00000250971	LIG 1	IPH	YES	ENST00000250971,ENST00000397262,ENST00000381330	30,35,38,41,95,99,100,105
3AIY	ENSG00000254647	ENST00000381330	LIG 1	IPH	YES	ENST00000250971,ENST00000397262,ENST00000381330	30,35,38,41,95,99,100,105
3AIY	ENSG00000254647	ENST00000397262	LIG 1	IPH	YES	ENST00000250971,ENST00000397262,ENST00000381330	30,35,38,41,95,99,100,105
3AIY	ENSG00000254647	ENST00000421783	LIG 1	IPH	NO	ENST00000250971,ENST00000397262,ENST00000381330	NA
3AIY	ENSG00000254647	ENST00000512523	LIG 1	IPH	YES	ENST00000250971,ENST00000397262,ENST00000381330	30,35,38,41,83,87,88,93
3P33	ENSG00000254647	ENST00000250971	LIG 1	IPH	YES	ENST00000381330,ENST00000397262,ENST00000250971	35,95,98,99,100
3P33	ENSG00000254647	ENST00000381330	LIG 1	IPH	YES	ENST00000381330,ENST00000397262,ENST00000250971	35,95,98,99,100
3P33	ENSG00000254647	ENST00000397262	LIG 1	IPH	YES	ENST00000381330,ENST00000397262,ENST00000250971	35,95,98,99,100
3P33	ENSG00000254647	ENST00000421783	LIG 1	IPH	NO	ENST00000381330,ENST00000397262,ENST00000250971	NA
3P33	ENSG00000254647	ENST00000512523	LIG 1	IPH	YES	ENST00000381330,ENST00000397262,ENST00000250971	35,83,86,87,88
3ROV	ENSG00000254647	ENST00000250971	LIG 1	IPH	YES	ENST00000397262,ENST00000381330,ENST00000250971	29,41,95,98,99,100,105
3ROV	ENSG00000254647	ENST00000381330	LIG 1	IPH	YES	ENST00000397262,ENST00000381330,ENST00000250971	29,41,95,98,99,100,105
3ROV	ENSG00000254647	ENST00000397262	LIG 1	IPH	YES	ENST00000397262,ENST00000381330,ENST00000250971	29,41,95,98,99,100,105
3ROV	ENSG00000254647	ENST00000421783	LIG 1	IPH	NO	ENST00000397262,ENST00000381330,ENST00000250971	NA
3ROV	ENSG00000254647	ENST00000512523	LIG 1	IPH	YES	ENST00000397262,ENST00000381330,ENST00000250971	29,41,83,86,87,88,93
3ZQR	ENSG00000254647	ENST00000250971	LIG 1	IPH	YES	ENST00000381330,ENST00000250971,ENST00000397262	29,30,31,35,41,95,98,99,100
3ZQR	ENSG00000254647	ENST00000381330	LIG 1	IPH	YES	ENST00000381330,ENST00000250971,ENST00000397262	29,30,31,35,41,95,98,99,100
3ZQR	ENSG00000254647	ENST00000397262	LIG 1	IPH	YES	ENST00000381330,ENST00000250971,ENST00000397262	29,30,31,35,41,95,98,99,100
3ZQR	ENSG00000254647	ENST00000421783	LIG 1	IPH	NO	ENST00000381330,ENST00000250971,ENST00000397262	NA
3ZQR	ENSG00000254647	ENST00000512523	LIG 1	IPH	YES	ENST00000381330,ENST00000250971,ENST00000397262	29,30,31,35,41,83,86,87,88
3ZS2	ENSG00000254647	ENST00000250971	LIG 1	IPH	YES	ENST00000250971,ENST00000381330,ENST00000397262	26,29,30,31,35,38,41,95,98,99,100,105
3ZS2	ENSG00000254647	ENST00000381330	LIG 1	IPH	YES	ENST00000250971,ENST00000381330,ENST00000397262	26,29,30,31,35,38,41,95,98,99,100,105
3ZS2	ENSG00000254647	ENST00000397262	LIG 1	IPH	YES	ENST00000250971,ENST00000381330,ENST00000397262	26,29,30,31,35,38,41,95,98,99,100,105
3ZS2	ENSG00000254647	ENST00000421783	LIG 1	IPH	NO	ENST00000250971,ENST00000381330,ENST00000397262	NA
3ZS2	ENSG00000254647	ENST00000512523	LIG 1	IPH	YES	ENST00000250971,ENST00000381330,ENST00000397262	26,29,30,31,35,38,41,83,86,87,88,93
3ZU1	ENSG00000254647	ENST00000250971	LIG 1	RCO	YES	ENST00000381330,ENST00000250971,ENST00000397262	35,38,95,98,99,100,105
3ZU1	ENSG00000254647	ENST00000381330	LIG 1	RCO	YES	ENST00000381330,ENST00000250971,ENST00000397262	35,38,95,98,99,100,105
3ZU1	ENSG00000254647	ENST00000397262	LIG 1	RCO	YES	ENST00000381330,ENST00000250971,ENST00000397262	35,38,95,98,99,100,105
3ZU1	ENSG00000254647	ENST00000421783	LIG 1	RCO	NO	ENST00000381330,ENST00000250971,ENST00000397262	NA
3ZU1	ENSG00000254647	ENST00000512523	LIG 1	RCO	YES	ENST00000381330,ENST00000250971,ENST00000397262	35,38,83,86,87,88,93
4AIY	ENSG00000254647	ENST00000250971	LIG 1	IPH	YES	ENST00000250971,ENST00000397262,ENST00000381330	30,35,38,41,95,99,100,105
4AIY	ENSG00000254647	ENST00000381330	LIG 1	IPH	YES	ENST00000250971,ENST00000397262,ENST00000381330	30,35,38,41,95,99,100,105
4AIY	ENSG00000254647	ENST00000397262	LIG 1	IPH	YES	ENST00000250971,ENST00000397262,ENST00000381330	30,35,38,41,95,99,100,105
4AIY	ENSG00000254647	ENST00000421783	LIG 1	IPH	NO	ENST00000250971,ENST00000397262,ENST00000381330	NA
4AIY	ENSG00000254647	ENST00000512523	LIG 1	IPH	YES	ENST00000250971,ENST00000397262,ENST00000381330	30,35,38,41,83,87,88,93
4AJX	ENSG00000254647	ENST00000250971	LIG 2	RCO	YES	ENST00000381330,ENST00000397262,ENST00000250971	29,30,34,35,38,41,95,98,99,100
4AJX	ENSG00000254647	ENST00000381330	LIG 2	RCO	YES	ENST00000381330,ENST00000397262,ENST00000250971	29,30,34,35,38,41,95,98,99,100
4AJX	ENSG00000254647	ENST00000397262	LIG 2	RCO	YES	ENST00000381330,ENST00000397262,ENST00000250971	29,30,34,35,38,41,95,98,99,100
4AJX	ENSG00000254647	ENST00000421783	LIG 2	RCO	NO	ENST00000381330,ENST00000397262,ENST00000250971	NA
4AJX	ENSG00000254647	ENST00000512523	LIG 2	RCO	YES	ENST00000381330,ENST00000397262,ENST00000250971	29,30,34,35,38,41,83,86,87,88
4AJZ	ENSG00000254647	ENST00000250971	LIG 1	IPH	YES	ENST00000381330,ENST00000397262,ENST00000250971	29
4AJZ	ENSG00000254647	ENST00000381330	LIG 1	IPH	YES	ENST00000381330,ENST00000397262,ENST00000250971	29
4AJZ	ENSG00000254647	ENST00000397262	LIG 1	IPH	YES	ENST00000381330,ENST00000397262,ENST00000250971	29
4AJZ	ENSG00000254647	ENST00000421783	LIG 1	IPH	YES	ENST00000381330,ENST00000397262,ENST00000250971	29
4AJZ	ENSG00000254647	ENST00000512523	LIG 1	IPH	YES	ENST00000381330,ENST00000397262,ENST00000250971	29
4AKJ	ENSG00000254647	ENST00000250971	LIG 1	IPH	YES	ENST00000250971,ENST00000397262,ENST00000381330	35,95,98,99,100
4AKJ	ENSG00000254647	ENST00000381330	LIG 1	IPH	YES	ENST00000250971,ENST00000397262,ENST00000381330	35,95,98,99,100
4AKJ	ENSG00000254647	ENST00000397262	LIG 1	IPH	YES	ENST00000250971,ENST00000397262,ENST00000381330	35,95,98,99,100
4AKJ	ENSG00000254647	ENST00000421783	LIG 1	IPH	NO	ENST00000250971,ENST00000397262,ENST00000381330	NA
4AKJ	ENSG00000254647	ENST00000512523	LIG 1	IPH	YES	ENST00000250971,ENST00000397262,ENST00000381330	35,83,86,87,88
4IUZ	ENSG00000254647	ENST00000250971	LIG 2	GOL	YES	ENST00000381330,ENST00000250971,ENST00000397262	32,33,35,36,50
4IUZ	ENSG00000254647	ENST00000381330	LIG 2	GOL	YES	ENST00000381330,ENST00000250971,ENST00000397262	32,33,35,36,50
4IUZ	ENSG00000254647	ENST00000397262	LIG 2	GOL	YES	ENST00000381330,ENST00000250971,ENST00000397262	32,33,35,36,50
4IUZ	ENSG00000254647	ENST00000421783	LIG 2	GOL	YES	ENST00000381330,ENST00000250971,ENST00000397262	32,33,35,36,50
4IUZ	ENSG00000254647	ENST00000512523	LIG 2	GOL	YES	ENST00000381330,ENST00000250971,ENST00000397262	32,33,35,36,50
4P65	ENSG00000254647	ENST00000250971	LIG 1	IPH	YES	ENST00000381330,ENST00000397262,ENST00000250971	29,30,35,95,98,99,100
4P65	ENSG00000254647	ENST00000381330	LIG 1	IPH	YES	ENST00000381330,ENST00000397262,ENST00000250971	29,30,35,95,98,99,100
4P65	ENSG00000254647	ENST00000397262	LIG 1	IPH	YES	ENST00000381330,ENST00000397262,ENST00000250971	29,30,35,95,98,99,100
4P65	ENSG00000254647	ENST00000421783	LIG 1	IPH	NO	ENST00000381330,ENST00000397262,ENST00000250971	NA
4P65	ENSG00000254647	ENST00000512523	LIG 1	IPH	YES	ENST00000381330,ENST00000397262,ENST00000250971	29,30,35,83,86,87,88
5AIY	ENSG00000254647	ENST00000250971	LIG 1	IPH	YES	ENST00000397262,ENST00000250971,ENST00000381330	29,30,35,38,41,99,100,105
5AIY	ENSG00000254647	ENST00000381330	LIG 1	IPH	YES	ENST00000397262,ENST00000250971,ENST00000381330	29,30,35,38,41,99,100,105
5AIY	ENSG00000254647	ENST00000397262	LIG 1	IPH	YES	ENST00000397262,ENST00000250971,ENST00000381330	29,30,35,38,41,99,100,105
5AIY	ENSG00000254647	ENST00000421783	LIG 1	IPH	NO	ENST00000397262,ENST00000250971,ENST00000381330	NA
5AIY	ENSG00000254647	ENST00000512523	LIG 1	IPH	YES	ENST00000397262,ENST00000250971,ENST00000381330	29,30,35,38,41,87,88,93
5BQQ	ENSG00000254647	ENST00000250971	LIG 1	IPH	YES	ENST00000381330,ENST00000250971,ENST00000397262	29,35,38,95,98,99,100
5BQQ	ENSG00000254647	ENST00000381330	LIG 1	IPH	YES	ENST00000381330,ENST00000250971,ENST00000397262	29,35,38,95,98,99,100
5BQQ	ENSG00000254647	ENST00000397262	LIG 1	IPH	YES	ENST00000381330,ENST00000250971,ENST00000397262	29,35,38,95,98,99,100
5BQQ	ENSG00000254647	ENST00000421783	LIG 1	IPH	NO	ENST00000381330,ENST00000250971,ENST00000397262	NA
5BQQ	ENSG00000254647	ENST00000512523	LIG 1	IPH	YES	ENST00000381330,ENST00000250971,ENST00000397262	29,35,38,83,86,87,88
5EMS	ENSG00000254647	ENST00000250971	LIG 1	IPH	YES	ENST00000397262,ENST00000250971,ENST00000381330	29,35,95,98,99,100
5EMS	ENSG00000254647	ENST00000381330	LIG 1	IPH	YES	ENST00000397262,ENST00000250971,ENST00000381330	29,35,95,98,99,100
5EMS	ENSG00000254647	ENST00000397262	LIG 1	IPH	YES	ENST00000397262,ENST00000250971,ENST00000381330	29,35,95,98,99,100
5EMS	ENSG00000254647	ENST00000421783	LIG 1	IPH	NO	ENST00000397262,ENST00000250971,ENST00000381330	NA
5EMS	ENSG00000254647	ENST00000512523	LIG 1	IPH	YES	ENST00000397262,ENST00000250971,ENST00000381330	29,35,83,86,87,88
5HPR	ENSG00000254647	ENST00000250971	LIG 1	GOL	YES	ENST00000381330,ENST00000250971,ENST00000397262	28,29,30,34,37,49
5HPR	ENSG00000254647	ENST00000381330	LIG 1	GOL	YES	ENST00000381330,ENST00000250971,ENST00000397262	28,29,30,34,37,49
5HPR	ENSG00000254647	ENST00000397262	LIG 1	GOL	YES	ENST00000381330,ENST00000250971,ENST00000397262	28,29,30,34,37,49
5HPR	ENSG00000254647	ENST00000421783	LIG 1	GOL	YES	ENST00000381330,ENST00000250971,ENST00000397262	28,29,30,34,37,49
5HPR	ENSG00000254647	ENST00000512523	LIG 1	GOL	YES	ENST00000381330,ENST00000250971,ENST00000397262	28,29,30,34,37,49
5HPU	ENSG00000254647	ENST00000250971	LIG 1	IPH	YES	ENST00000381330,ENST00000397262,ENST00000250971	35,95,99,100,105
5HPU	ENSG00000254647	ENST00000381330	LIG 1	IPH	YES	ENST00000381330,ENST00000397262,ENST00000250971	35,95,99,100,105
5HPU	ENSG00000254647	ENST00000397262	LIG 1	IPH	YES	ENST00000381330,ENST00000397262,ENST00000250971	35,95,99,100,105
5HPU	ENSG00000254647	ENST00000421783	LIG 1	IPH	NO	ENST00000381330,ENST00000397262,ENST00000250971	NA
5HPU	ENSG00000254647	ENST00000512523	LIG 1	IPH	YES	ENST00000381330,ENST00000397262,ENST00000250971	35,83,87,88,93
5HRQ	ENSG00000254647	ENST00000250971	LIG 1	IPH	YES	ENST00000381330,ENST00000250971,ENST00000397262	29,35,95,98,99,100
5HRQ	ENSG00000254647	ENST00000381330	LIG 1	IPH	YES	ENST00000381330,ENST00000250971,ENST00000397262	29,35,95,98,99,100
5HRQ	ENSG00000254647	ENST00000397262	LIG 1	IPH	YES	ENST00000381330,ENST00000250971,ENST00000397262	29,35,95,98,99,100
5HRQ	ENSG00000254647	ENST00000421783	LIG 1	IPH	NO	ENST00000381330,ENST00000250971,ENST00000397262	NA
5HRQ	ENSG00000254647	ENST00000512523	LIG 1	IPH	YES	ENST00000381330,ENST00000250971,ENST00000397262	29,35,83,86,87,88
5UDP	ENSG00000254647	ENST00000250971	LIG 1	IPH	YES	ENST00000397262,ENST00000381330,ENST00000250971	26,29,30,35,95,98,99,100
5UDP	ENSG00000254647	ENST00000381330	LIG 1	IPH	YES	ENST00000397262,ENST00000381330,ENST00000250971	26,29,30,35,95,98,99,100
5UDP	ENSG00000254647	ENST00000397262	LIG 1	IPH	YES	ENST00000397262,ENST00000381330,ENST00000250971	26,29,30,35,95,98,99,100
5UDP	ENSG00000254647	ENST00000421783	LIG 1	IPH	NO	ENST00000397262,ENST00000381330,ENST00000250971	NA
5UDP	ENSG00000254647	ENST00000512523	LIG 1	IPH	YES	ENST00000397262,ENST00000381330,ENST00000250971	26,29,30,35,83,86,87,88
5UQA	ENSG00000254647	ENST00000250971	LIG 1	IPH	YES	ENST00000397262,ENST00000250971,ENST00000381330	29,35,95,98,99,100
5UQA	ENSG00000254647	ENST00000381330	LIG 1	IPH	YES	ENST00000397262,ENST00000250971,ENST00000381330	29,35,95,98,99,100
5UQA	ENSG00000254647	ENST00000397262	LIG 1	IPH	YES	ENST00000397262,ENST00000250971,ENST00000381330	29,35,95,98,99,100
5UQA	ENSG00000254647	ENST00000421783	LIG 1	IPH	NO	ENST00000397262,ENST00000250971,ENST00000381330	NA
5UQA	ENSG00000254647	ENST00000512523	LIG 1	IPH	YES	ENST00000397262,ENST00000250971,ENST00000381330	29,35,83,86,87,88
5URU	ENSG00000254647	ENST00000250971	LIG 1	IPH	YES	ENST00000381330,ENST00000397262,ENST00000250971	35,95,98,99,100
5URU	ENSG00000254647	ENST00000381330	LIG 1	IPH	YES	ENST00000381330,ENST00000397262,ENST00000250971	35,95,98,99,100
5URU	ENSG00000254647	ENST00000397262	LIG 1	IPH	YES	ENST00000381330,ENST00000397262,ENST00000250971	35,95,98,99,100
5URU	ENSG00000254647	ENST00000421783	LIG 1	IPH	NO	ENST00000381330,ENST00000397262,ENST00000250971	NA
5URU	ENSG00000254647	ENST00000512523	LIG 1	IPH	YES	ENST00000381330,ENST00000397262,ENST00000250971	35,83,86,87,88
5USS	ENSG00000254647	ENST00000250971	LIG 1	IPH	YES	ENST00000381330,ENST00000397262,ENST00000250971	35,95,98,99,100
5USS	ENSG00000254647	ENST00000381330	LIG 1	IPH	YES	ENST00000381330,ENST00000397262,ENST00000250971	35,95,98,99,100
5USS	ENSG00000254647	ENST00000397262	LIG 1	IPH	YES	ENST00000381330,ENST00000397262,ENST00000250971	35,95,98,99,100
5USS	ENSG00000254647	ENST00000421783	LIG 1	IPH	NO	ENST00000381330,ENST00000397262,ENST00000250971	NA
5USS	ENSG00000254647	ENST00000512523	LIG 1	IPH	YES	ENST00000381330,ENST00000397262,ENST00000250971	35,83,86,87,88
5UU3	ENSG00000254647	ENST00000250971	LIG 1	IPH	YES	ENST00000250971,ENST00000397262,ENST00000381330	29,34,35,95,98,99,100,105
5UU3	ENSG00000254647	ENST00000381330	LIG 1	IPH	YES	ENST00000250971,ENST00000397262,ENST00000381330	29,34,35,95,98,99,100,105
5UU3	ENSG00000254647	ENST00000397262	LIG 1	IPH	YES	ENST00000250971,ENST00000397262,ENST00000381330	29,34,35,95,98,99,100,105
5UU3	ENSG00000254647	ENST00000421783	LIG 1	IPH	NO	ENST00000250971,ENST00000397262,ENST00000381330	NA
5UU3	ENSG00000254647	ENST00000512523	LIG 1	IPH	YES	ENST00000250971,ENST00000397262,ENST00000381330	29,34,35,83,86,87,88,93
5UU4	ENSG00000254647	ENST00000250971	LIG 1	IPH	YES	ENST00000397262,ENST00000250971,ENST00000381330	34,35,95,98,99,100,105
5UU4	ENSG00000254647	ENST00000381330	LIG 1	IPH	YES	ENST00000397262,ENST00000250971,ENST00000381330	34,35,95,98,99,100,105
5UU4	ENSG00000254647	ENST00000397262	LIG 1	IPH	YES	ENST00000397262,ENST00000250971,ENST00000381330	34,35,95,98,99,100,105
5UU4	ENSG00000254647	ENST00000421783	LIG 1	IPH	NO	ENST00000397262,ENST00000250971,ENST00000381330	NA
5UU4	ENSG00000254647	ENST00000512523	LIG 1	IPH	YES	ENST00000397262,ENST00000250971,ENST00000381330	34,35,83,86,87,88,93
6CK2	ENSG00000254647	ENST00000250971	LIG 1	IPH	YES	ENST00000397262,ENST00000250971,ENST00000381330	38
6CK2	ENSG00000254647	ENST00000381330	LIG 1	IPH	YES	ENST00000397262,ENST00000250971,ENST00000381330	38
6CK2	ENSG00000254647	ENST00000397262	LIG 1	IPH	YES	ENST00000397262,ENST00000250971,ENST00000381330	38
6CK2	ENSG00000254647	ENST00000421783	LIG 1	IPH	YES	ENST00000397262,ENST00000250971,ENST00000381330	38
6CK2	ENSG00000254647	ENST00000512523	LIG 1	IPH	YES	ENST00000397262,ENST00000250971,ENST00000381330	38
6NWV	ENSG00000254647	ENST00000250971	LIG 2	GOL	YES	ENST00000397262,ENST00000381330,ENST00000250971	27,29,31,52,99,100,101
6NWV	ENSG00000254647	ENST00000381330	LIG 2	GOL	YES	ENST00000397262,ENST00000381330,ENST00000250971	27,29,31,52,99,100,101
6NWV	ENSG00000254647	ENST00000397262	LIG 2	GOL	YES	ENST00000397262,ENST00000381330,ENST00000250971	27,29,31,52,99,100,101
6NWV	ENSG00000254647	ENST00000421783	LIG 2	GOL	NO	ENST00000397262,ENST00000381330,ENST00000250971	NA
6NWV	ENSG00000254647	ENST00000512523	LIG 2	GOL	YES	ENST00000397262,ENST00000381330,ENST00000250971	27,29,31,52,87,88,89
6TYH	ENSG00000254647	ENST00000250971	LIG 3	GOL	YES	ENST00000381330,ENST00000250971,ENST00000397262	26,27,30,31
6TYH	ENSG00000254647	ENST00000381330	LIG 3	GOL	YES	ENST00000381330,ENST00000250971,ENST00000397262	26,27,30,31
6TYH	ENSG00000254647	ENST00000397262	LIG 3	GOL	YES	ENST00000381330,ENST00000250971,ENST00000397262	26,27,30,31
6TYH	ENSG00000254647	ENST00000421783	LIG 3	GOL	YES	ENST00000381330,ENST00000250971,ENST00000397262	26,27,30,31
6TYH	ENSG00000254647	ENST00000512523	LIG 3	GOL	YES	ENST00000381330,ENST00000250971,ENST00000397262	26,27,30,31
6TYH	ENSG00000254647	ENST00000250971	LIG 1	IPH	YES	ENST00000381330,ENST00000250971,ENST00000397262	29,35,41,42
6TYH	ENSG00000254647	ENST00000381330	LIG 1	IPH	YES	ENST00000381330,ENST00000250971,ENST00000397262	29,35,41,42
6TYH	ENSG00000254647	ENST00000397262	LIG 1	IPH	YES	ENST00000381330,ENST00000250971,ENST00000397262	29,35,41,42
6TYH	ENSG00000254647	ENST00000421783	LIG 1	IPH	YES	ENST00000381330,ENST00000250971,ENST00000397262	29,35,41,42
6TYH	ENSG00000254647	ENST00000512523	LIG 1	IPH	YES	ENST00000381330,ENST00000250971,ENST00000397262	29,35,41,42
6VEP	ENSG00000254647	ENST00000250971	LIG 1	NAG	YES	ENST00000250971,ENST00000381330,ENST00000397262	45,46,110
6VEP	ENSG00000254647	ENST00000381330	LIG 1	NAG	YES	ENST00000250971,ENST00000381330,ENST00000397262	45,46,110
6VEP	ENSG00000254647	ENST00000397262	LIG 1	NAG	YES	ENST00000250971,ENST00000381330,ENST00000397262	45,46,110
6VEP	ENSG00000254647	ENST00000421783	LIG 1	NAG	NO	ENST00000250971,ENST00000381330,ENST00000397262	NA
6VEP	ENSG00000254647	ENST00000512523	LIG 1	NAG	YES	ENST00000250971,ENST00000381330,ENST00000397262	45,46,98
1AM6	ENSG00000104267	ENST00000285379	LIG 1	HAE	YES	ENST00000285379	94,96,119,197,198,199
1AM6	ENSG00000104267	ENST00000520127	LIG 1	HAE	NO	ENST00000285379	NA
1AM6	ENSG00000104267	ENST00000522742	LIG 1	HAE	NO	ENST00000285379	NA
1AVN	ENSG00000104267	ENST00000285379	LIG 2	HSM	YES	ENST00000285379	62,64,67,92
1AVN	ENSG00000104267	ENST00000520127	LIG 2	HSM	NO	ENST00000285379	NA
1AVN	ENSG00000104267	ENST00000522742	LIG 2	HSM	NO	ENST00000285379	NA
1BV3	ENSG00000104267	ENST00000285379	LIG 2	URE	YES	ENST00000285379	94,96,119,197,198,199
1BV3	ENSG00000104267	ENST00000520127	LIG 2	URE	NO	ENST00000285379	NA
1BV3	ENSG00000104267	ENST00000522742	LIG 2	URE	NO	ENST00000285379	NA
1CAY	ENSG00000104267	ENST00000285379	LIG 1	ACY	YES	ENST00000285379	94,119,142,197,198,208
1CAY	ENSG00000104267	ENST00000520127	LIG 1	ACY	NO	ENST00000285379	NA
1CAY	ENSG00000104267	ENST00000522742	LIG 1	ACY	NO	ENST00000285379	NA
1CAZ	ENSG00000104267	ENST00000285379	LIG 1	ACY	YES	ENST00000285379	94,96,119,121,142,197,198,208
1CAZ	ENSG00000104267	ENST00000520127	LIG 1	ACY	NO	ENST00000285379	NA
1CAZ	ENSG00000104267	ENST00000522742	LIG 1	ACY	NO	ENST00000285379	NA
1CIL	ENSG00000104267	ENST00000285379	LIG 1	ETS	YES	ENST00000285379	92,94,96,119,121,130,197,198,199,200,208
1CIL	ENSG00000104267	ENST00000520127	LIG 1	ETS	NO	ENST00000285379	NA
1CIL	ENSG00000104267	ENST00000522742	LIG 1	ETS	NO	ENST00000285379	NA
1H4N	ENSG00000104267	ENST00000285379	LIG 1	TRS	YES	ENST00000285379	94,96,119,121,197,198,199,208
1H4N	ENSG00000104267	ENST00000520127	LIG 1	TRS	NO	ENST00000285379	NA
1H4N	ENSG00000104267	ENST00000522742	LIG 1	TRS	NO	ENST00000285379	NA
1LUG	ENSG00000104267	ENST00000285379	LIG 3	GOL	YES	ENST00000285379	13,14,17,23,24,62,64,65,67,92,94,199,248
1LUG	ENSG00000104267	ENST00000520127	LIG 3	GOL	NO	ENST00000285379	NA
1LUG	ENSG00000104267	ENST00000522742	LIG 3	GOL	NO	ENST00000285379	NA
1OQ5	ENSG00000104267	ENST00000285379	LIG 1	CEL	YES	ENST00000285379	67,69,92,94,96,119,121,130,197,198,199,201,203,208
1OQ5	ENSG00000104267	ENST00000520127	LIG 1	CEL	NO	ENST00000285379	NA
1OQ5	ENSG00000104267	ENST00000522742	LIG 1	CEL	NO	ENST00000285379	NA
1YDA	ENSG00000104267	ENST00000285379	LIG 1	AZM	YES	ENST00000285379	92,94,119,121,130,142,197,198,199,208
1YDA	ENSG00000104267	ENST00000520127	LIG 1	AZM	NO	ENST00000285379	NA
1YDA	ENSG00000104267	ENST00000522742	LIG 1	AZM	NO	ENST00000285379	NA
1YDB	ENSG00000104267	ENST00000285379	LIG 1	AZM	YES	ENST00000285379	92,94,96,119,130,142,197,198,199,208
1YDB	ENSG00000104267	ENST00000520127	LIG 1	AZM	NO	ENST00000285379	NA
1YDB	ENSG00000104267	ENST00000522742	LIG 1	AZM	NO	ENST00000285379	NA
1YDD	ENSG00000104267	ENST00000285379	LIG 1	AZM	YES	ENST00000285379	94,96,119,121,130,142,197,198,199
1YDD	ENSG00000104267	ENST00000520127	LIG 1	AZM	NO	ENST00000285379	NA
1YDD	ENSG00000104267	ENST00000522742	LIG 1	AZM	NO	ENST00000285379	NA
1Z9Y	ENSG00000104267	ENST00000285379	LIG 1	FUN	YES	ENST00000285379	64,94,96,119,121,130,142,197,198,199,208
1Z9Y	ENSG00000104267	ENST00000520127	LIG 1	FUN	NO	ENST00000285379	NA
1Z9Y	ENSG00000104267	ENST00000522742	LIG 1	FUN	NO	ENST00000285379	NA
1ZE8	ENSG00000104267	ENST00000285379	LIG 3	GOL	YES	ENST00000285379	62,64,65,67,92,94,199
1ZE8	ENSG00000104267	ENST00000520127	LIG 3	GOL	NO	ENST00000285379	NA
1ZE8	ENSG00000104267	ENST00000522742	LIG 3	GOL	NO	ENST00000285379	NA
1ZFK	ENSG00000104267	ENST00000285379	LIG 4	GOL	YES	ENST00000285379	62,64,65,67,92,94,199
1ZFK	ENSG00000104267	ENST00000520127	LIG 4	GOL	NO	ENST00000285379	NA
1ZFK	ENSG00000104267	ENST00000522742	LIG 4	GOL	NO	ENST00000285379	NA
1ZFQ	ENSG00000104267	ENST00000285379	LIG 3	GOL	YES	ENST00000285379	62,64,65,67,92,94,199
1ZFQ	ENSG00000104267	ENST00000520127	LIG 3	GOL	NO	ENST00000285379	NA
1ZFQ	ENSG00000104267	ENST00000522742	LIG 3	GOL	NO	ENST00000285379	NA
1ZGE	ENSG00000104267	ENST00000285379	LIG 3	GOL	YES	ENST00000285379	62,64,65,67,92,94,199
1ZGE	ENSG00000104267	ENST00000520127	LIG 3	GOL	NO	ENST00000285379	NA
1ZGE	ENSG00000104267	ENST00000522742	LIG 3	GOL	NO	ENST00000285379	NA
1ZSB	ENSG00000104267	ENST00000285379	LIG 1	AZM	YES	ENST00000285379	92,94,96,119,121,130,142,197,198,199,208
1ZSB	ENSG00000104267	ENST00000520127	LIG 1	AZM	NO	ENST00000285379	NA
1ZSB	ENSG00000104267	ENST00000522742	LIG 1	AZM	NO	ENST00000285379	NA
2AW1	ENSG00000104267	ENST00000285379	LIG 2	COX	YES	ENST00000285379	96,119,121,130,134,140,197,198,199,200,208
2AW1	ENSG00000104267	ENST00000520127	LIG 2	COX	NO	ENST00000285379	NA
2AW1	ENSG00000104267	ENST00000522742	LIG 2	COX	NO	ENST00000285379	NA
2AW1	ENSG00000104267	ENST00000285379	LIG 3	GOL	YES	ENST00000285379	39,62,64,65,67,92,94,199,254,256
2AW1	ENSG00000104267	ENST00000520127	LIG 3	GOL	NO	ENST00000285379	NA
2AW1	ENSG00000104267	ENST00000522742	LIG 3	GOL	NO	ENST00000285379	NA
2F14	ENSG00000104267	ENST00000285379	LIG 3	GOL	YES	ENST00000285379	62,64,65,67,91,92,94,130,199
2F14	ENSG00000104267	ENST00000520127	LIG 3	GOL	NO	ENST00000285379	NA
2F14	ENSG00000104267	ENST00000522742	LIG 3	GOL	NO	ENST00000285379	NA
2FMG	ENSG00000104267	ENST00000285379	LIG 1	PHE	YES	ENST00000285379	5,64,67,92,200
2FMG	ENSG00000104267	ENST00000520127	LIG 1	PHE	NO	ENST00000285379	NA
2FMG	ENSG00000104267	ENST00000522742	LIG 1	PHE	NO	ENST00000285379	NA
2FOQ	ENSG00000104267	ENST00000285379	LIG 2	GOL	YES	ENST00000285379	62,64,65,67,92,94,199
2FOQ	ENSG00000104267	ENST00000520127	LIG 2	GOL	NO	ENST00000285379	NA
2FOQ	ENSG00000104267	ENST00000522742	LIG 2	GOL	NO	ENST00000285379	NA
2FOU	ENSG00000104267	ENST00000285379	LIG 2	GOL	YES	ENST00000285379	62,64,65,67,92,94,199
2FOU	ENSG00000104267	ENST00000520127	LIG 2	GOL	NO	ENST00000285379	NA
2FOU	ENSG00000104267	ENST00000522742	LIG 2	GOL	NO	ENST00000285379	NA
2GEH	ENSG00000104267	ENST00000285379	LIG 1	NHY	YES	ENST00000285379	94,96,119,121,142,197,198
2GEH	ENSG00000104267	ENST00000520127	LIG 1	NHY	NO	ENST00000285379	NA
2GEH	ENSG00000104267	ENST00000522742	LIG 1	NHY	NO	ENST00000285379	NA
2H4N	ENSG00000104267	ENST00000285379	LIG 1	AZM	YES	ENST00000285379	92,94,96,119,121,130,197,198,199,208
2H4N	ENSG00000104267	ENST00000520127	LIG 1	AZM	NO	ENST00000285379	NA
2H4N	ENSG00000104267	ENST00000522742	LIG 1	AZM	NO	ENST00000285379	NA
2HD6	ENSG00000104267	ENST00000285379	LIG 3	GOL	YES	ENST00000285379	62,64,65,67,92,94,199
2HD6	ENSG00000104267	ENST00000520127	LIG 3	GOL	NO	ENST00000285379	NA
2HD6	ENSG00000104267	ENST00000522742	LIG 3	GOL	NO	ENST00000285379	NA
2HKK	ENSG00000104267	ENST00000285379	LIG 1	ALE	YES	ENST00000285379	62,67,91,92,130,199
2HKK	ENSG00000104267	ENST00000520127	LIG 1	ALE	NO	ENST00000285379	NA
2HKK	ENSG00000104267	ENST00000522742	LIG 1	ALE	NO	ENST00000285379	NA
2HL4	ENSG00000104267	ENST00000285379	LIG 3	GOL	YES	ENST00000285379	62,64,65,67,92,94
2HL4	ENSG00000104267	ENST00000520127	LIG 3	GOL	NO	ENST00000285379	NA
2HL4	ENSG00000104267	ENST00000522742	LIG 3	GOL	NO	ENST00000285379	NA
2HNC	ENSG00000104267	ENST00000285379	LIG 3	GOL	YES	ENST00000285379	39,62,64,65,67,92,94,199,254,256
2HNC	ENSG00000104267	ENST00000520127	LIG 3	GOL	NO	ENST00000285379	NA
2HNC	ENSG00000104267	ENST00000522742	LIG 3	GOL	NO	ENST00000285379	NA
2HOC	ENSG00000104267	ENST00000285379	LIG 3	GOL	YES	ENST00000285379	62,64,65,67,92,94,199
2HOC	ENSG00000104267	ENST00000520127	LIG 3	GOL	NO	ENST00000285379	NA
2HOC	ENSG00000104267	ENST00000522742	LIG 3	GOL	NO	ENST00000285379	NA
2NNG	ENSG00000104267	ENST00000285379	LIG 2	GOL	YES	ENST00000285379	62,64,65,67,92,94,199
2NNG	ENSG00000104267	ENST00000520127	LIG 2	GOL	NO	ENST00000285379	NA
2NNG	ENSG00000104267	ENST00000522742	LIG 2	GOL	NO	ENST00000285379	NA
2NNO	ENSG00000104267	ENST00000285379	LIG 2	GOL	YES	ENST00000285379	62,64,65,67,92,94,199
2NNO	ENSG00000104267	ENST00000520127	LIG 2	GOL	NO	ENST00000285379	NA
2NNO	ENSG00000104267	ENST00000522742	LIG 2	GOL	NO	ENST00000285379	NA
2NNS	ENSG00000104267	ENST00000285379	LIG 2	GOL	YES	ENST00000285379	62,64,65,67,92,94,199
2NNS	ENSG00000104267	ENST00000520127	LIG 2	GOL	NO	ENST00000285379	NA
2NNS	ENSG00000104267	ENST00000522742	LIG 2	GOL	NO	ENST00000285379	NA
2NNV	ENSG00000104267	ENST00000285379	LIG 2	GOL	YES	ENST00000285379	62,64,65,67,92,94,199
2NNV	ENSG00000104267	ENST00000520127	LIG 2	GOL	NO	ENST00000285379	NA
2NNV	ENSG00000104267	ENST00000522742	LIG 2	GOL	NO	ENST00000285379	NA
2POU	ENSG00000104267	ENST00000285379	LIG 1	I7A	YES	ENST00000285379	64,67,92,94,96,119,121,130,140,142,197,198,199,208
2POU	ENSG00000104267	ENST00000520127	LIG 1	I7A	NO	ENST00000285379	NA
2POU	ENSG00000104267	ENST00000522742	LIG 1	I7A	NO	ENST00000285379	NA
2Q1B	ENSG00000104267	ENST00000285379	LIG 1	BEZ	YES	ENST00000285379	135,136,137,204
2Q1B	ENSG00000104267	ENST00000520127	LIG 1	BEZ	NO	ENST00000285379	NA
2Q1B	ENSG00000104267	ENST00000522742	LIG 1	BEZ	NO	ENST00000285379	NA
2Q1Q	ENSG00000104267	ENST00000285379	LIG 1	OSP	YES	ENST00000285379	67,92,94,96,119,121,142,197,198,199,208
2Q1Q	ENSG00000104267	ENST00000520127	LIG 1	OSP	NO	ENST00000285379	NA
2Q1Q	ENSG00000104267	ENST00000522742	LIG 1	OSP	NO	ENST00000285379	NA
2Q38	ENSG00000104267	ENST00000285379	LIG 3	GOL	YES	ENST00000285379	34,36,111,112,113,167,168,171,233,234
2Q38	ENSG00000104267	ENST00000520127	LIG 3	GOL	NO	ENST00000285379	NA
2Q38	ENSG00000104267	ENST00000522742	LIG 3	GOL	NO	ENST00000285379	NA
2Q38	ENSG00000104267	ENST00000285379	LIG 2	BEZ	YES	ENST00000285379	135,136,137,204
2Q38	ENSG00000104267	ENST00000520127	LIG 2	BEZ	NO	ENST00000285379	NA
2Q38	ENSG00000104267	ENST00000522742	LIG 2	BEZ	NO	ENST00000285379	NA
2QO8	ENSG00000104267	ENST00000285379	LIG 3	GOL	YES	ENST00000285379	39,62,64,65,67,92,199,254,256
2QO8	ENSG00000104267	ENST00000520127	LIG 3	GOL	NO	ENST00000285379	NA
2QO8	ENSG00000104267	ENST00000522742	LIG 3	GOL	NO	ENST00000285379	NA
2QOA	ENSG00000104267	ENST00000285379	LIG 3	GOL	YES	ENST00000285379	62,64,65,67,92,199
2QOA	ENSG00000104267	ENST00000520127	LIG 3	GOL	NO	ENST00000285379	NA
2QOA	ENSG00000104267	ENST00000522742	LIG 3	GOL	NO	ENST00000285379	NA
2VVA	ENSG00000104267	ENST00000285379	LIG 3	GOL	YES	ENST00000285379	112,114,148,187,188,189,214
2VVA	ENSG00000104267	ENST00000520127	LIG 3	GOL	NO	ENST00000285379	NA
2VVA	ENSG00000104267	ENST00000522742	LIG 3	GOL	NO	ENST00000285379	NA
2VVA	ENSG00000104267	ENST00000285379	LIG 2	CO2	YES	ENST00000285379	94,95,97,116,119,121,142,147,197,198,208,222,225
2VVA	ENSG00000104267	ENST00000520127	LIG 2	CO2	NO	ENST00000285379	NA
2VVA	ENSG00000104267	ENST00000522742	LIG 2	CO2	NO	ENST00000285379	NA
2VVB	ENSG00000104267	ENST00000285379	LIG 3	CO2	YES	ENST00000285379	95,97,116,147,222,225
2VVB	ENSG00000104267	ENST00000520127	LIG 3	CO2	NO	ENST00000285379	NA
2VVB	ENSG00000104267	ENST00000522742	LIG 3	CO2	NO	ENST00000285379	NA
2VVB	ENSG00000104267	ENST00000285379	LIG 4	GOL	YES	ENST00000285379	114,148,187,188,189,214
2VVB	ENSG00000104267	ENST00000520127	LIG 4	GOL	NO	ENST00000285379	NA
2VVB	ENSG00000104267	ENST00000522742	LIG 4	GOL	NO	ENST00000285379	NA
2WEG	ENSG00000104267	ENST00000285379	LIG 2	GOL	YES	ENST00000285379	62,64,65,67,92,94,199
2WEG	ENSG00000104267	ENST00000520127	LIG 2	GOL	NO	ENST00000285379	NA
2WEG	ENSG00000104267	ENST00000522742	LIG 2	GOL	NO	ENST00000285379	NA
2WEH	ENSG00000104267	ENST00000285379	LIG 2	GOL	YES	ENST00000285379	62,64,65,67,92,94,199
2WEH	ENSG00000104267	ENST00000520127	LIG 2	GOL	NO	ENST00000285379	NA
2WEH	ENSG00000104267	ENST00000522742	LIG 2	GOL	NO	ENST00000285379	NA
2WEJ	ENSG00000104267	ENST00000285379	LIG 2	GOL	YES	ENST00000285379	62,64,65,67,92,94,199
2WEJ	ENSG00000104267	ENST00000520127	LIG 2	GOL	NO	ENST00000285379	NA
2WEJ	ENSG00000104267	ENST00000522742	LIG 2	GOL	NO	ENST00000285379	NA
2WEO	ENSG00000104267	ENST00000285379	LIG 3	DMS	YES	ENST00000285379	5,11,15,16,19,20
2WEO	ENSG00000104267	ENST00000520127	LIG 3	DMS	YES	ENST00000285379	5,11,15,16,19,20
2WEO	ENSG00000104267	ENST00000522742	LIG 3	DMS	YES	ENST00000285379	5,11,15,16,19,20
2WEO	ENSG00000104267	ENST00000285379	LIG 2	GOL	YES	ENST00000285379	62,64,65,67,92,94,199
2WEO	ENSG00000104267	ENST00000520127	LIG 2	GOL	NO	ENST00000285379	NA
2WEO	ENSG00000104267	ENST00000522742	LIG 2	GOL	NO	ENST00000285379	NA
2X7S	ENSG00000104267	ENST00000285379	LIG 1	GOL	YES	ENST00000285379	108,109,111,229,237,238,240
2X7S	ENSG00000104267	ENST00000520127	LIG 1	GOL	NO	ENST00000285379	NA
2X7S	ENSG00000104267	ENST00000522742	LIG 1	GOL	NO	ENST00000285379	NA
2X7T	ENSG00000104267	ENST00000285379	LIG 2	GOL	YES	ENST00000285379	187,189
2X7T	ENSG00000104267	ENST00000520127	LIG 2	GOL	NO	ENST00000285379	NA
2X7T	ENSG00000104267	ENST00000522742	LIG 2	GOL	NO	ENST00000285379	NA
2X7U	ENSG00000104267	ENST00000285379	LIG 2	GOL	YES	ENST00000285379	17,24,164,165,166,167,168,179,181,233
2X7U	ENSG00000104267	ENST00000520127	LIG 2	GOL	NO	ENST00000285379	NA
2X7U	ENSG00000104267	ENST00000522742	LIG 2	GOL	NO	ENST00000285379	NA
3BET	ENSG00000104267	ENST00000285379	LIG 2	GOL	YES	ENST00000285379	62,64,65,67,92,199
3BET	ENSG00000104267	ENST00000520127	LIG 2	GOL	NO	ENST00000285379	NA
3BET	ENSG00000104267	ENST00000522742	LIG 2	GOL	NO	ENST00000285379	NA
3C7P	ENSG00000104267	ENST00000285379	LIG 3	GOL	YES	ENST00000285379	62,64,65,67,92,199
3C7P	ENSG00000104267	ENST00000520127	LIG 3	GOL	NO	ENST00000285379	NA
3C7P	ENSG00000104267	ENST00000522742	LIG 3	GOL	NO	ENST00000285379	NA
3CAJ	ENSG00000104267	ENST00000285379	LIG 3	GOL	YES	ENST00000285379	62,64,65,67,92,94,199
3CAJ	ENSG00000104267	ENST00000520127	LIG 3	GOL	NO	ENST00000285379	NA
3CAJ	ENSG00000104267	ENST00000522742	LIG 3	GOL	NO	ENST00000285379	NA
3D92	ENSG00000104267	ENST00000285379	LIG 1	CO2	YES	ENST00000285379	94,95,97,116,119,121,142,147,197,198,208,222,225
3D92	ENSG00000104267	ENST00000520127	LIG 1	CO2	NO	ENST00000285379	NA
3D92	ENSG00000104267	ENST00000522742	LIG 1	CO2	NO	ENST00000285379	NA
3D92	ENSG00000104267	ENST00000285379	LIG 2	GOL	YES	ENST00000285379	7,13,62,64,65,67,92,199,242,244,246
3D92	ENSG00000104267	ENST00000520127	LIG 2	GOL	NO	ENST00000285379	NA
3D92	ENSG00000104267	ENST00000522742	LIG 2	GOL	NO	ENST00000285379	NA
3D93	ENSG00000104267	ENST00000285379	LIG 2	GOL	YES	ENST00000285379	7,13,242,244,246
3D93	ENSG00000104267	ENST00000520127	LIG 2	GOL	NO	ENST00000285379	NA
3D93	ENSG00000104267	ENST00000522742	LIG 2	GOL	NO	ENST00000285379	NA
3D93	ENSG00000104267	ENST00000285379	LIG 1	CO2	YES	ENST00000285379	94,95,97,116,119,121,142,147,197,198,208,222,225
3D93	ENSG00000104267	ENST00000520127	LIG 1	CO2	NO	ENST00000285379	NA
3D93	ENSG00000104267	ENST00000522742	LIG 1	CO2	NO	ENST00000285379	NA
3DAZ	ENSG00000104267	ENST00000285379	LIG 1	MZM	YES	ENST00000285379	92,94,96,119,121,130,197,198,199,200,208
3DAZ	ENSG00000104267	ENST00000520127	LIG 1	MZM	NO	ENST00000285379	NA
3DAZ	ENSG00000104267	ENST00000522742	LIG 1	MZM	NO	ENST00000285379	NA
3DC3	ENSG00000104267	ENST00000285379	LIG 1	AZM	YES	ENST00000285379	92,94,96,119,121,130,197,198,199,208
3DC3	ENSG00000104267	ENST00000520127	LIG 1	AZM	NO	ENST00000285379	NA
3DC3	ENSG00000104267	ENST00000522742	LIG 1	AZM	NO	ENST00000285379	NA
3DCS	ENSG00000104267	ENST00000285379	LIG 1	MZM	YES	ENST00000285379	92,94,96,119,121,130,197,198,199,200,208
3DCS	ENSG00000104267	ENST00000520127	LIG 1	MZM	NO	ENST00000285379	NA
3DCS	ENSG00000104267	ENST00000522742	LIG 1	MZM	NO	ENST00000285379	NA
3F8E	ENSG00000104267	ENST00000285379	LIG 2	BEZ	YES	ENST00000285379	135,136,137,204
3F8E	ENSG00000104267	ENST00000520127	LIG 2	BEZ	NO	ENST00000285379	NA
3F8E	ENSG00000104267	ENST00000522742	LIG 2	BEZ	NO	ENST00000285379	NA
3FFP	ENSG00000104267	ENST00000285379	LIG 2	BEZ	YES	ENST00000285379	135,136,137,204
3FFP	ENSG00000104267	ENST00000520127	LIG 2	BEZ	NO	ENST00000285379	NA
3FFP	ENSG00000104267	ENST00000522742	LIG 2	BEZ	NO	ENST00000285379	NA
3HKN	ENSG00000104267	ENST00000285379	LIG 2	GOL	YES	ENST00000285379	7,13,38,40,242,244,246,257,259,260
3HKN	ENSG00000104267	ENST00000520127	LIG 2	GOL	NO	ENST00000285379	NA
3HKN	ENSG00000104267	ENST00000522742	LIG 2	GOL	NO	ENST00000285379	NA
3HKQ	ENSG00000104267	ENST00000285379	LIG 2	GOL	YES	ENST00000285379	7,13,242,244,246
3HKQ	ENSG00000104267	ENST00000520127	LIG 2	GOL	NO	ENST00000285379	NA
3HKQ	ENSG00000104267	ENST00000522742	LIG 2	GOL	NO	ENST00000285379	NA
3HKU	ENSG00000104267	ENST00000285379	LIG 1	TOR	YES	ENST00000285379	62,65,67,92,94,96,119,121,130,142,197,198,199
3HKU	ENSG00000104267	ENST00000520127	LIG 1	TOR	NO	ENST00000285379	NA
3HKU	ENSG00000104267	ENST00000522742	LIG 1	TOR	NO	ENST00000285379	NA
3HS4	ENSG00000104267	ENST00000285379	LIG 2	AZM	YES	ENST00000285379	4,5,11,15,16,19,20,92,96,109,114,119,121,130,191,197,198,199,208,212,213,214
3HS4	ENSG00000104267	ENST00000520127	LIG 2	AZM	NO	ENST00000285379	NA
3HS4	ENSG00000104267	ENST00000522742	LIG 2	AZM	NO	ENST00000285379	NA
3HS4	ENSG00000104267	ENST00000285379	LIG 1	GOL	YES	ENST00000285379	62,64,65,67,92,94,199
3HS4	ENSG00000104267	ENST00000520127	LIG 1	GOL	NO	ENST00000285379	NA
3HS4	ENSG00000104267	ENST00000522742	LIG 1	GOL	NO	ENST00000285379	NA
3IEO	ENSG00000104267	ENST00000285379	LIG 1	AMJ	YES	ENST00000285379	91,92,121,130
3IEO	ENSG00000104267	ENST00000520127	LIG 1	AMJ	NO	ENST00000285379	NA
3IEO	ENSG00000104267	ENST00000522742	LIG 1	AMJ	NO	ENST00000285379	NA
3IEO	ENSG00000104267	ENST00000285379	LIG 2	BEZ	YES	ENST00000285379	135,136,137,204
3IEO	ENSG00000104267	ENST00000520127	LIG 2	BEZ	NO	ENST00000285379	NA
3IEO	ENSG00000104267	ENST00000522742	LIG 2	BEZ	NO	ENST00000285379	NA
3IGP	ENSG00000104267	ENST00000285379	LIG 2	GOL	YES	ENST00000285379	7,62,64,65,67,92,199,242,244,246
3IGP	ENSG00000104267	ENST00000520127	LIG 2	GOL	NO	ENST00000285379	NA
3IGP	ENSG00000104267	ENST00000522742	LIG 2	GOL	NO	ENST00000285379	NA
3K34	ENSG00000104267	ENST00000285379	LIG 3	GOL	YES	ENST00000285379	14,17,23,24,62,64,65,67,92,94,111,112,199,248
3K34	ENSG00000104267	ENST00000520127	LIG 3	GOL	NO	ENST00000285379	NA
3K34	ENSG00000104267	ENST00000522742	LIG 3	GOL	NO	ENST00000285379	NA
3KS3	ENSG00000104267	ENST00000285379	LIG 1	GOL	YES	ENST00000285379	7,13,242,244,246
3KS3	ENSG00000104267	ENST00000520127	LIG 1	GOL	NO	ENST00000285379	NA
3KS3	ENSG00000104267	ENST00000522742	LIG 1	GOL	NO	ENST00000285379	NA
3M1J	ENSG00000104267	ENST00000285379	LIG 2	DMS	YES	ENST00000285379	92,94,197,199
3M1J	ENSG00000104267	ENST00000520127	LIG 2	DMS	NO	ENST00000285379	NA
3M1J	ENSG00000104267	ENST00000522742	LIG 2	DMS	NO	ENST00000285379	NA
3M2N	ENSG00000104267	ENST00000285379	LIG 2	DMS	YES	ENST00000285379	7,91,92,130,242,244,246
3M2N	ENSG00000104267	ENST00000520127	LIG 2	DMS	NO	ENST00000285379	NA
3M2N	ENSG00000104267	ENST00000522742	LIG 2	DMS	NO	ENST00000285379	NA
3M3X	ENSG00000104267	ENST00000285379	LIG 1	DMS	YES	ENST00000285379	7,242,244
3M3X	ENSG00000104267	ENST00000520127	LIG 1	DMS	NO	ENST00000285379	NA
3M3X	ENSG00000104267	ENST00000522742	LIG 1	DMS	NO	ENST00000285379	NA
3M40	ENSG00000104267	ENST00000285379	LIG 2	DMS	YES	ENST00000285379	7,13,242,244,246
3M40	ENSG00000104267	ENST00000520127	LIG 2	DMS	NO	ENST00000285379	NA
3M40	ENSG00000104267	ENST00000522742	LIG 2	DMS	NO	ENST00000285379	NA
3M5E	ENSG00000104267	ENST00000285379	LIG 1	DMS	YES	ENST00000285379	7,242,244,246
3M5E	ENSG00000104267	ENST00000520127	LIG 1	DMS	NO	ENST00000285379	NA
3M5E	ENSG00000104267	ENST00000522742	LIG 1	DMS	NO	ENST00000285379	NA
3M67	ENSG00000104267	ENST00000285379	LIG 2	DMS	YES	ENST00000285379	7,67,92,130,242,244,246
3M67	ENSG00000104267	ENST00000520127	LIG 2	DMS	NO	ENST00000285379	NA
3M67	ENSG00000104267	ENST00000522742	LIG 2	DMS	NO	ENST00000285379	NA
3M96	ENSG00000104267	ENST00000285379	LIG 1	DMS	YES	ENST00000285379	7,92,130,242,244
3M96	ENSG00000104267	ENST00000520127	LIG 1	DMS	NO	ENST00000285379	NA
3M96	ENSG00000104267	ENST00000522742	LIG 1	DMS	NO	ENST00000285379	NA
3M98	ENSG00000104267	ENST00000285379	LIG 3	DMS	YES	ENST00000285379	7,242,244,246
3M98	ENSG00000104267	ENST00000520127	LIG 3	DMS	NO	ENST00000285379	NA
3M98	ENSG00000104267	ENST00000522742	LIG 3	DMS	NO	ENST00000285379	NA
3MHI	ENSG00000104267	ENST00000285379	LIG 2	DMS	YES	ENST00000285379	7,91,92,130,242,244,246
3MHI	ENSG00000104267	ENST00000520127	LIG 2	DMS	NO	ENST00000285379	NA
3MHI	ENSG00000104267	ENST00000522742	LIG 2	DMS	NO	ENST00000285379	NA
3MHL	ENSG00000104267	ENST00000285379	LIG 1	DMS	YES	ENST00000285379	7,62,67,92,94,199,242,244,246
3MHL	ENSG00000104267	ENST00000520127	LIG 1	DMS	NO	ENST00000285379	NA
3MHL	ENSG00000104267	ENST00000522742	LIG 1	DMS	NO	ENST00000285379	NA
3MHM	ENSG00000104267	ENST00000285379	LIG 1	DMS	YES	ENST00000285379	7,242,244,246
3MHM	ENSG00000104267	ENST00000520127	LIG 1	DMS	NO	ENST00000285379	NA
3MHM	ENSG00000104267	ENST00000522742	LIG 1	DMS	NO	ENST00000285379	NA
3MHO	ENSG00000104267	ENST00000285379	LIG 1	DMS	YES	ENST00000285379	7,67,91,92,130,242,244,246
3MHO	ENSG00000104267	ENST00000520127	LIG 1	DMS	NO	ENST00000285379	NA
3MHO	ENSG00000104267	ENST00000522742	LIG 1	DMS	NO	ENST00000285379	NA
3ML2	ENSG00000104267	ENST00000285379	LIG 2	GOL	YES	ENST00000285379	62,64,65,67,92,199
3ML2	ENSG00000104267	ENST00000520127	LIG 2	GOL	NO	ENST00000285379	NA
3ML2	ENSG00000104267	ENST00000522742	LIG 2	GOL	NO	ENST00000285379	NA
3MMF	ENSG00000104267	ENST00000285379	LIG 2	GOL	YES	ENST00000285379	62,64,65,67,92,94,199
3MMF	ENSG00000104267	ENST00000520127	LIG 2	GOL	NO	ENST00000285379	NA
3MMF	ENSG00000104267	ENST00000522742	LIG 2	GOL	NO	ENST00000285379	NA
3MNA	ENSG00000104267	ENST00000285379	LIG 2	GOL	YES	ENST00000285379	62,64,65,67,92,94,199
3MNA	ENSG00000104267	ENST00000520127	LIG 2	GOL	NO	ENST00000285379	NA
3MNA	ENSG00000104267	ENST00000522742	LIG 2	GOL	NO	ENST00000285379	NA
3MNU	ENSG00000104267	ENST00000285379	LIG 2	GOL	YES	ENST00000285379	62,64,65,67,92,199
3MNU	ENSG00000104267	ENST00000520127	LIG 2	GOL	NO	ENST00000285379	NA
3MNU	ENSG00000104267	ENST00000522742	LIG 2	GOL	NO	ENST00000285379	NA
3MYQ	ENSG00000104267	ENST00000285379	LIG 2	DMS	YES	ENST00000285379	7,13,67,92,130,242,244,246
3MYQ	ENSG00000104267	ENST00000520127	LIG 2	DMS	NO	ENST00000285379	NA
3MYQ	ENSG00000104267	ENST00000522742	LIG 2	DMS	NO	ENST00000285379	NA
3MZC	ENSG00000104267	ENST00000285379	LIG 2	GOL	YES	ENST00000285379	62,64,65,67,92,94,199
3MZC	ENSG00000104267	ENST00000520127	LIG 2	GOL	NO	ENST00000285379	NA
3MZC	ENSG00000104267	ENST00000522742	LIG 2	GOL	NO	ENST00000285379	NA
3N0N	ENSG00000104267	ENST00000285379	LIG 2	GOL	YES	ENST00000285379	62,64,65,67,92,94,199
3N0N	ENSG00000104267	ENST00000520127	LIG 2	GOL	NO	ENST00000285379	NA
3N0N	ENSG00000104267	ENST00000522742	LIG 2	GOL	NO	ENST00000285379	NA
3N2P	ENSG00000104267	ENST00000285379	LIG 3	GOL	YES	ENST00000285379	62,64,65,67,92,94,199
3N2P	ENSG00000104267	ENST00000520127	LIG 3	GOL	NO	ENST00000285379	NA
3N2P	ENSG00000104267	ENST00000522742	LIG 3	GOL	NO	ENST00000285379	NA
3N2P	ENSG00000104267	ENST00000285379	LIG 2	DMS	YES	ENST00000285379	60,62,67,69
3N2P	ENSG00000104267	ENST00000520127	LIG 2	DMS	YES	ENST00000285379	60,62,67,69
3N2P	ENSG00000104267	ENST00000522742	LIG 2	DMS	YES	ENST00000285379	60,62,67,69
3N3J	ENSG00000104267	ENST00000285379	LIG 1	GOL	YES	ENST00000285379	62,64,65,67,92,94,199
3N3J	ENSG00000104267	ENST00000520127	LIG 1	GOL	NO	ENST00000285379	NA
3N3J	ENSG00000104267	ENST00000522742	LIG 1	GOL	NO	ENST00000285379	NA
3N4B	ENSG00000104267	ENST00000285379	LIG 2	GOL	YES	ENST00000285379	62,64,65,67,92,94,199
3N4B	ENSG00000104267	ENST00000520127	LIG 2	GOL	NO	ENST00000285379	NA
3N4B	ENSG00000104267	ENST00000522742	LIG 2	GOL	NO	ENST00000285379	NA
3NB5	ENSG00000104267	ENST00000285379	LIG 2	GOL	YES	ENST00000285379	7,13,38,39,40,62,64,65,67,92,199,242,244,246,257,259,260
3NB5	ENSG00000104267	ENST00000520127	LIG 2	GOL	NO	ENST00000285379	NA
3NB5	ENSG00000104267	ENST00000522742	LIG 2	GOL	NO	ENST00000285379	NA
3OIK	ENSG00000104267	ENST00000285379	LIG 2	GOL	YES	ENST00000285379	67,92
3OIK	ENSG00000104267	ENST00000520127	LIG 2	GOL	NO	ENST00000285379	NA
3OIK	ENSG00000104267	ENST00000522742	LIG 2	GOL	NO	ENST00000285379	NA
3OIM	ENSG00000104267	ENST00000285379	LIG 2	GOL	YES	ENST00000285379	62,64,65,67,92,94,199
3OIM	ENSG00000104267	ENST00000520127	LIG 2	GOL	NO	ENST00000285379	NA
3OIM	ENSG00000104267	ENST00000522742	LIG 2	GOL	NO	ENST00000285379	NA
3OIM	ENSG00000104267	ENST00000285379	LIG 3	DMS	YES	ENST00000285379	7,242,244
3OIM	ENSG00000104267	ENST00000520127	LIG 3	DMS	NO	ENST00000285379	NA
3OIM	ENSG00000104267	ENST00000522742	LIG 3	DMS	NO	ENST00000285379	NA
3OKU	ENSG00000104267	ENST00000285379	LIG 3	GOL	YES	ENST00000285379	62,65,67,92,199
3OKU	ENSG00000104267	ENST00000520127	LIG 3	GOL	NO	ENST00000285379	NA
3OKU	ENSG00000104267	ENST00000522742	LIG 3	GOL	NO	ENST00000285379	NA
3OKU	ENSG00000104267	ENST00000285379	LIG 2	DMS	YES	ENST00000285379	7,242,244,246
3OKU	ENSG00000104267	ENST00000520127	LIG 2	DMS	NO	ENST00000285379	NA
3OKU	ENSG00000104267	ENST00000522742	LIG 2	DMS	NO	ENST00000285379	NA
3OKV	ENSG00000104267	ENST00000285379	LIG 2	DMS	YES	ENST00000285379	7,242,244,246
3OKV	ENSG00000104267	ENST00000520127	LIG 2	DMS	NO	ENST00000285379	NA
3OKV	ENSG00000104267	ENST00000522742	LIG 2	DMS	NO	ENST00000285379	NA
3OY0	ENSG00000104267	ENST00000285379	LIG 3	DMS	YES	ENST00000285379	7,242,244,246
3OY0	ENSG00000104267	ENST00000520127	LIG 3	DMS	NO	ENST00000285379	NA
3OY0	ENSG00000104267	ENST00000522742	LIG 3	DMS	NO	ENST00000285379	NA
3OY0	ENSG00000104267	ENST00000285379	LIG 2	GOL	YES	ENST00000285379	62,64,65,67,94,96,199
3OY0	ENSG00000104267	ENST00000520127	LIG 2	GOL	NO	ENST00000285379	NA
3OY0	ENSG00000104267	ENST00000522742	LIG 2	GOL	NO	ENST00000285379	NA
3OYQ	ENSG00000104267	ENST00000285379	LIG 2	DMS	YES	ENST00000285379	7,242,244,246
3OYQ	ENSG00000104267	ENST00000520127	LIG 2	DMS	NO	ENST00000285379	NA
3OYQ	ENSG00000104267	ENST00000522742	LIG 2	DMS	NO	ENST00000285379	NA
3OYQ	ENSG00000104267	ENST00000285379	LIG 3	GOL	YES	ENST00000285379	62,64,65,67,92,94,199
3OYQ	ENSG00000104267	ENST00000520127	LIG 3	GOL	NO	ENST00000285379	NA
3OYQ	ENSG00000104267	ENST00000522742	LIG 3	GOL	NO	ENST00000285379	NA
3OYS	ENSG00000104267	ENST00000285379	LIG 3	DMS	YES	ENST00000285379	7,242,244,246
3OYS	ENSG00000104267	ENST00000520127	LIG 3	DMS	NO	ENST00000285379	NA
3OYS	ENSG00000104267	ENST00000522742	LIG 3	DMS	NO	ENST00000285379	NA
3OYS	ENSG00000104267	ENST00000285379	LIG 1	GOL	YES	ENST00000285379	62,64,65,67,92,94,199
3OYS	ENSG00000104267	ENST00000520127	LIG 1	GOL	NO	ENST00000285379	NA
3OYS	ENSG00000104267	ENST00000522742	LIG 1	GOL	NO	ENST00000285379	NA
3P3H	ENSG00000104267	ENST00000285379	LIG 2	GOL	YES	ENST00000285379	38,39,40,257,259,260
3P3H	ENSG00000104267	ENST00000520127	LIG 2	GOL	NO	ENST00000285379	NA
3P3H	ENSG00000104267	ENST00000522742	LIG 2	GOL	NO	ENST00000285379	NA
3P3J	ENSG00000104267	ENST00000285379	LIG 2	GOL	YES	ENST00000285379	38,39,40,257,259,260
3P3J	ENSG00000104267	ENST00000520127	LIG 2	GOL	NO	ENST00000285379	NA
3P3J	ENSG00000104267	ENST00000522742	LIG 2	GOL	NO	ENST00000285379	NA
3P44	ENSG00000104267	ENST00000285379	LIG 2	GOL	YES	ENST00000285379	38,40,62,64,65,67,92,199,257,259,260
3P44	ENSG00000104267	ENST00000520127	LIG 2	GOL	NO	ENST00000285379	NA
3P44	ENSG00000104267	ENST00000522742	LIG 2	GOL	NO	ENST00000285379	NA
3P55	ENSG00000104267	ENST00000285379	LIG 2	GOL	YES	ENST00000285379	38,39,40,62,67,92,199,257,259,260
3P55	ENSG00000104267	ENST00000520127	LIG 2	GOL	NO	ENST00000285379	NA
3P55	ENSG00000104267	ENST00000522742	LIG 2	GOL	NO	ENST00000285379	NA
3P5A	ENSG00000104267	ENST00000285379	LIG 2	DMS	YES	ENST00000285379	7,242,244,246
3P5A	ENSG00000104267	ENST00000520127	LIG 2	DMS	NO	ENST00000285379	NA
3P5A	ENSG00000104267	ENST00000522742	LIG 2	DMS	NO	ENST00000285379	NA
3P5L	ENSG00000104267	ENST00000285379	LIG 2	DMS	YES	ENST00000285379	7,242,244,246
3P5L	ENSG00000104267	ENST00000520127	LIG 2	DMS	NO	ENST00000285379	NA
3P5L	ENSG00000104267	ENST00000522742	LIG 2	DMS	NO	ENST00000285379	NA
3PO6	ENSG00000104267	ENST00000285379	LIG 3	GOL	YES	ENST00000285379	7,57,63,64,69,70,72,91,169,230,231,238,242,244,246
3PO6	ENSG00000104267	ENST00000520127	LIG 3	GOL	NO	ENST00000285379	NA
3PO6	ENSG00000104267	ENST00000522742	LIG 3	GOL	NO	ENST00000285379	NA
3QYK	ENSG00000104267	ENST00000285379	LIG 1	DMS	YES	ENST00000285379	7,242,244,246
3QYK	ENSG00000104267	ENST00000520127	LIG 1	DMS	NO	ENST00000285379	NA
3QYK	ENSG00000104267	ENST00000522742	LIG 1	DMS	NO	ENST00000285379	NA
3R16	ENSG00000104267	ENST00000285379	LIG 3	DMS	YES	ENST00000285379	7,242,244,246
3R16	ENSG00000104267	ENST00000520127	LIG 3	DMS	NO	ENST00000285379	NA
3R16	ENSG00000104267	ENST00000522742	LIG 3	DMS	NO	ENST00000285379	NA
3R16	ENSG00000104267	ENST00000285379	LIG 1	GOL	YES	ENST00000285379	62,64,65,67,69,91,92,94,130,199
3R16	ENSG00000104267	ENST00000520127	LIG 1	GOL	NO	ENST00000285379	NA
3R16	ENSG00000104267	ENST00000522742	LIG 1	GOL	NO	ENST00000285379	NA
3R17	ENSG00000104267	ENST00000285379	LIG 1	GOL	YES	ENST00000285379	62,64,65,67,91,92,94,130,199
3R17	ENSG00000104267	ENST00000520127	LIG 1	GOL	NO	ENST00000285379	NA
3R17	ENSG00000104267	ENST00000522742	LIG 1	GOL	NO	ENST00000285379	NA
3R17	ENSG00000104267	ENST00000285379	LIG 3	DMS	YES	ENST00000285379	7,242,244,246
3R17	ENSG00000104267	ENST00000520127	LIG 3	DMS	NO	ENST00000285379	NA
3R17	ENSG00000104267	ENST00000522742	LIG 3	DMS	NO	ENST00000285379	NA
3RJ7	ENSG00000104267	ENST00000285379	LIG 3	DMS	YES	ENST00000285379	7,242,244
3RJ7	ENSG00000104267	ENST00000520127	LIG 3	DMS	NO	ENST00000285379	NA
3RJ7	ENSG00000104267	ENST00000522742	LIG 3	DMS	NO	ENST00000285379	NA
3RZ1	ENSG00000104267	ENST00000285379	LIG 2	DMS	YES	ENST00000285379	242,243,244,246
3RZ1	ENSG00000104267	ENST00000520127	LIG 2	DMS	NO	ENST00000285379	NA
3RZ1	ENSG00000104267	ENST00000522742	LIG 2	DMS	NO	ENST00000285379	NA
3RZ5	ENSG00000104267	ENST00000285379	LIG 2	DMS	YES	ENST00000285379	7,242,244
3RZ5	ENSG00000104267	ENST00000520127	LIG 2	DMS	NO	ENST00000285379	NA
3RZ5	ENSG00000104267	ENST00000522742	LIG 2	DMS	NO	ENST00000285379	NA
3RZ8	ENSG00000104267	ENST00000285379	LIG 2	DMS	YES	ENST00000285379	7,242,244
3RZ8	ENSG00000104267	ENST00000520127	LIG 2	DMS	NO	ENST00000285379	NA
3RZ8	ENSG00000104267	ENST00000522742	LIG 2	DMS	NO	ENST00000285379	NA
3S72	ENSG00000104267	ENST00000285379	LIG 2	DMS	YES	ENST00000285379	7,242,244,246
3S72	ENSG00000104267	ENST00000520127	LIG 2	DMS	NO	ENST00000285379	NA
3S72	ENSG00000104267	ENST00000522742	LIG 2	DMS	NO	ENST00000285379	NA
3S76	ENSG00000104267	ENST00000285379	LIG 2	DMS	YES	ENST00000285379	7,242,244,246
3S76	ENSG00000104267	ENST00000520127	LIG 2	DMS	NO	ENST00000285379	NA
3S76	ENSG00000104267	ENST00000522742	LIG 2	DMS	NO	ENST00000285379	NA
3S8X	ENSG00000104267	ENST00000285379	LIG 1	DMS	YES	ENST00000285379	4,5,7,11,15,16,19,20,242,244,246
3S8X	ENSG00000104267	ENST00000520127	LIG 1	DMS	NO	ENST00000285379	NA
3S8X	ENSG00000104267	ENST00000522742	LIG 1	DMS	NO	ENST00000285379	NA
3S9T	ENSG00000104267	ENST00000285379	LIG 1	DMS	YES	ENST00000285379	7,92,130,242,244
3S9T	ENSG00000104267	ENST00000520127	LIG 1	DMS	NO	ENST00000285379	NA
3S9T	ENSG00000104267	ENST00000522742	LIG 1	DMS	NO	ENST00000285379	NA
3SAP	ENSG00000104267	ENST00000285379	LIG 3	DMS	YES	ENST00000285379	7,242,244,246
3SAP	ENSG00000104267	ENST00000520127	LIG 3	DMS	NO	ENST00000285379	NA
3SAP	ENSG00000104267	ENST00000522742	LIG 3	DMS	NO	ENST00000285379	NA
3SAX	ENSG00000104267	ENST00000285379	LIG 3	DMS	YES	ENST00000285379	92,130,242,244,246
3SAX	ENSG00000104267	ENST00000520127	LIG 3	DMS	NO	ENST00000285379	NA
3SAX	ENSG00000104267	ENST00000522742	LIG 3	DMS	NO	ENST00000285379	NA
3SBH	ENSG00000104267	ENST00000285379	LIG 2	DMS	YES	ENST00000285379	7,67,91,92,130,242,244,246
3SBH	ENSG00000104267	ENST00000520127	LIG 2	DMS	NO	ENST00000285379	NA
3SBH	ENSG00000104267	ENST00000522742	LIG 2	DMS	NO	ENST00000285379	NA
3SBI	ENSG00000104267	ENST00000285379	LIG 1	DMS	YES	ENST00000285379	67,91,92,130,242,244,246
3SBI	ENSG00000104267	ENST00000520127	LIG 1	DMS	NO	ENST00000285379	NA
3SBI	ENSG00000104267	ENST00000522742	LIG 1	DMS	NO	ENST00000285379	NA
3T5U	ENSG00000104267	ENST00000285379	LIG 2	GOL	YES	ENST00000285379	62,64,65,67,92,94,199
3T5U	ENSG00000104267	ENST00000520127	LIG 2	GOL	NO	ENST00000285379	NA
3T5U	ENSG00000104267	ENST00000522742	LIG 2	GOL	NO	ENST00000285379	NA
3TVO	ENSG00000104267	ENST00000285379	LIG 1	GOL	YES	ENST00000285379	67,69,91,92,130
3TVO	ENSG00000104267	ENST00000520127	LIG 1	GOL	NO	ENST00000285379	NA
3TVO	ENSG00000104267	ENST00000522742	LIG 1	GOL	NO	ENST00000285379	NA
3U3A	ENSG00000104267	ENST00000285379	LIG 1	GOL	YES	ENST00000285379	7,67,92,130,242,244,246
3U3A	ENSG00000104267	ENST00000520127	LIG 1	GOL	NO	ENST00000285379	NA
3U3A	ENSG00000104267	ENST00000522742	LIG 1	GOL	NO	ENST00000285379	NA
3U45	ENSG00000104267	ENST00000285379	LIG 1	GOL	YES	ENST00000285379	7,13,242,244,246
3U45	ENSG00000104267	ENST00000520127	LIG 1	GOL	NO	ENST00000285379	NA
3U45	ENSG00000104267	ENST00000522742	LIG 1	GOL	NO	ENST00000285379	NA
3U47	ENSG00000104267	ENST00000285379	LIG 1	GOL	YES	ENST00000285379	7,13,242,244,246
3U47	ENSG00000104267	ENST00000520127	LIG 1	GOL	NO	ENST00000285379	NA
3U47	ENSG00000104267	ENST00000522742	LIG 1	GOL	NO	ENST00000285379	NA
3U7C	ENSG00000104267	ENST00000285379	LIG 1	CO2	YES	ENST00000285379	94,95,97,116,119,121,142,147,197,198,208,222,225
3U7C	ENSG00000104267	ENST00000520127	LIG 1	CO2	NO	ENST00000285379	NA
3U7C	ENSG00000104267	ENST00000522742	LIG 1	CO2	NO	ENST00000285379	NA
3U7C	ENSG00000104267	ENST00000285379	LIG 3	GOL	YES	ENST00000285379	7,13,242,244,246
3U7C	ENSG00000104267	ENST00000520127	LIG 3	GOL	NO	ENST00000285379	NA
3U7C	ENSG00000104267	ENST00000522742	LIG 3	GOL	NO	ENST00000285379	NA
3V2J	ENSG00000104267	ENST00000285379	LIG 1	AZM	YES	ENST00000285379	92,94,96,119,121,130,197,198,199,208
3V2J	ENSG00000104267	ENST00000520127	LIG 1	AZM	NO	ENST00000285379	NA
3V2J	ENSG00000104267	ENST00000522742	LIG 1	AZM	NO	ENST00000285379	NA
3V2M	ENSG00000104267	ENST00000285379	LIG 2	AZM	YES	ENST00000285379	92,94,96,119,121,130,197,198,199,208
3V2M	ENSG00000104267	ENST00000520127	LIG 2	AZM	NO	ENST00000285379	NA
3V2M	ENSG00000104267	ENST00000522742	LIG 2	AZM	NO	ENST00000285379	NA
3V2M	ENSG00000104267	ENST00000285379	LIG 1	DMS	YES	ENST00000285379	7,83,138,207,242,244,246
3V2M	ENSG00000104267	ENST00000520127	LIG 1	DMS	NO	ENST00000285379	NA
3V2M	ENSG00000104267	ENST00000522742	LIG 1	DMS	NO	ENST00000285379	NA
3V7X	ENSG00000104267	ENST00000285379	LIG 2	GOL	YES	ENST00000285379	7,13,17,18,21,62,64,65,67,92,94,96,110,111,112,114,148,214,242,244,246
3V7X	ENSG00000104267	ENST00000520127	LIG 2	GOL	NO	ENST00000285379	NA
3V7X	ENSG00000104267	ENST00000522742	LIG 2	GOL	NO	ENST00000285379	NA
3VBD	ENSG00000104267	ENST00000285379	LIG 3	GOL	YES	ENST00000285379	62,65,67,92,94,112,114,148,214
3VBD	ENSG00000104267	ENST00000520127	LIG 3	GOL	NO	ENST00000285379	NA
3VBD	ENSG00000104267	ENST00000522742	LIG 3	GOL	NO	ENST00000285379	NA
3ZP9	ENSG00000104267	ENST00000285379	LIG 3	GOL	YES	ENST00000285379	62,64,65,67,92,94,199
3ZP9	ENSG00000104267	ENST00000520127	LIG 3	GOL	NO	ENST00000285379	NA
3ZP9	ENSG00000104267	ENST00000522742	LIG 3	GOL	NO	ENST00000285379	NA
4BF6	ENSG00000104267	ENST00000285379	LIG 2	GOL	YES	ENST00000285379	62,64,65,67,92,94,199
4BF6	ENSG00000104267	ENST00000520127	LIG 2	GOL	NO	ENST00000285379	NA
4BF6	ENSG00000104267	ENST00000522742	LIG 2	GOL	NO	ENST00000285379	NA
4DZ7	ENSG00000104267	ENST00000285379	LIG 1	DMS	YES	ENST00000285379	7,242,244,246
4DZ7	ENSG00000104267	ENST00000520127	LIG 1	DMS	NO	ENST00000285379	NA
4DZ7	ENSG00000104267	ENST00000522742	LIG 1	DMS	NO	ENST00000285379	NA
4DZ9	ENSG00000104267	ENST00000285379	LIG 1	DMS	YES	ENST00000285379	7,242,244,246
4DZ9	ENSG00000104267	ENST00000520127	LIG 1	DMS	NO	ENST00000285379	NA
4DZ9	ENSG00000104267	ENST00000522742	LIG 1	DMS	NO	ENST00000285379	NA
4E3D	ENSG00000104267	ENST00000285379	LIG 3	GOL	YES	ENST00000285379	62,64,65,67,92,199
4E3D	ENSG00000104267	ENST00000520127	LIG 3	GOL	NO	ENST00000285379	NA
4E3D	ENSG00000104267	ENST00000522742	LIG 3	GOL	NO	ENST00000285379	NA
4E3G	ENSG00000104267	ENST00000285379	LIG 3	GOL	YES	ENST00000285379	62,64,65,67,92,199
4E3G	ENSG00000104267	ENST00000520127	LIG 3	GOL	NO	ENST00000285379	NA
4E3G	ENSG00000104267	ENST00000522742	LIG 3	GOL	NO	ENST00000285379	NA
4E3H	ENSG00000104267	ENST00000285379	LIG 2	HQE	YES	ENST00000285379	121,130,140,142,197,198,208
4E3H	ENSG00000104267	ENST00000520127	LIG 2	HQE	NO	ENST00000285379	NA
4E3H	ENSG00000104267	ENST00000522742	LIG 2	HQE	NO	ENST00000285379	NA
4E49	ENSG00000104267	ENST00000285379	LIG 2	RCO	YES	ENST00000285379	34,37,67,69,70,72,91,92,121,130,140,142,197,198,206,208
4E49	ENSG00000104267	ENST00000520127	LIG 2	RCO	NO	ENST00000285379	NA
4E49	ENSG00000104267	ENST00000522742	LIG 2	RCO	NO	ENST00000285379	NA
4FIK	ENSG00000104267	ENST00000285379	LIG 4	GOL	YES	ENST00000285379	62,64,65,67,92,199
4FIK	ENSG00000104267	ENST00000520127	LIG 4	GOL	NO	ENST00000285379	NA
4FIK	ENSG00000104267	ENST00000522742	LIG 4	GOL	NO	ENST00000285379	NA
4FL7	ENSG00000104267	ENST00000285379	LIG 1	GOL	YES	ENST00000285379	39,62,64,65,67,92,94,199,254,256
4FL7	ENSG00000104267	ENST00000520127	LIG 1	GOL	NO	ENST00000285379	NA
4FL7	ENSG00000104267	ENST00000522742	LIG 1	GOL	NO	ENST00000285379	NA
4FPT	ENSG00000104267	ENST00000285379	LIG 4	DMS	YES	ENST00000285379	7,83,84,207,242,244
4FPT	ENSG00000104267	ENST00000520127	LIG 4	DMS	NO	ENST00000285379	NA
4FPT	ENSG00000104267	ENST00000522742	LIG 4	DMS	NO	ENST00000285379	NA
4FPT	ENSG00000104267	ENST00000285379	LIG 3	GOL	YES	ENST00000285379	62,64,65,67,92,94,199
4FPT	ENSG00000104267	ENST00000520127	LIG 3	GOL	NO	ENST00000285379	NA
4FPT	ENSG00000104267	ENST00000522742	LIG 3	GOL	NO	ENST00000285379	NA
4FRC	ENSG00000104267	ENST00000285379	LIG 3	DMS	YES	ENST00000285379	7,242,244
4FRC	ENSG00000104267	ENST00000520127	LIG 3	DMS	NO	ENST00000285379	NA
4FRC	ENSG00000104267	ENST00000522742	LIG 3	DMS	NO	ENST00000285379	NA
4FU5	ENSG00000104267	ENST00000285379	LIG 3	DMS	YES	ENST00000285379	7,83,85,138,207,242,244
4FU5	ENSG00000104267	ENST00000520127	LIG 3	DMS	NO	ENST00000285379	NA
4FU5	ENSG00000104267	ENST00000522742	LIG 3	DMS	NO	ENST00000285379	NA
4FVN	ENSG00000104267	ENST00000285379	LIG 3	DMS	YES	ENST00000285379	7,83,85,138,207,242,244
4FVN	ENSG00000104267	ENST00000520127	LIG 3	DMS	NO	ENST00000285379	NA
4FVN	ENSG00000104267	ENST00000522742	LIG 3	DMS	NO	ENST00000285379	NA
4FVO	ENSG00000104267	ENST00000285379	LIG 3	GOL	YES	ENST00000285379	101,102,113,114,115,147,148,149
4FVO	ENSG00000104267	ENST00000520127	LIG 3	GOL	NO	ENST00000285379	NA
4FVO	ENSG00000104267	ENST00000522742	LIG 3	GOL	NO	ENST00000285379	NA
4FVO	ENSG00000104267	ENST00000285379	LIG 4	DMS	YES	ENST00000285379	7,242,244
4FVO	ENSG00000104267	ENST00000520127	LIG 4	DMS	NO	ENST00000285379	NA
4FVO	ENSG00000104267	ENST00000522742	LIG 4	DMS	NO	ENST00000285379	NA
4G0C	ENSG00000104267	ENST00000285379	LIG 1	AZM	YES	ENST00000285379	92,94,96,106,119,121,130,197,198,199,208
4G0C	ENSG00000104267	ENST00000520127	LIG 1	AZM	NO	ENST00000285379	NA
4G0C	ENSG00000104267	ENST00000522742	LIG 1	AZM	NO	ENST00000285379	NA
4HBA	ENSG00000104267	ENST00000285379	LIG 1	GOL	YES	ENST00000285379	7,13,67,91,92,130,242,244,246
4HBA	ENSG00000104267	ENST00000520127	LIG 1	GOL	NO	ENST00000285379	NA
4HBA	ENSG00000104267	ENST00000522742	LIG 1	GOL	NO	ENST00000285379	NA
4HT0	ENSG00000104267	ENST00000285379	LIG 2	DMS	YES	ENST00000285379	7,242,244,246
4HT0	ENSG00000104267	ENST00000520127	LIG 2	DMS	NO	ENST00000285379	NA
4HT0	ENSG00000104267	ENST00000522742	LIG 2	DMS	NO	ENST00000285379	NA
4IDR	ENSG00000104267	ENST00000285379	LIG 1	GOL	YES	ENST00000285379	67,69,91,92,130
4IDR	ENSG00000104267	ENST00000520127	LIG 1	GOL	NO	ENST00000285379	NA
4IDR	ENSG00000104267	ENST00000522742	LIG 1	GOL	NO	ENST00000285379	NA
4ILX	ENSG00000104267	ENST00000285379	LIG 1	GOL	YES	ENST00000285379	62,64,65,67,92,94,163,164,167,199,224,227,228
4ILX	ENSG00000104267	ENST00000520127	LIG 1	GOL	NO	ENST00000285379	NA
4ILX	ENSG00000104267	ENST00000522742	LIG 1	GOL	NO	ENST00000285379	NA
4ILX	ENSG00000104267	ENST00000285379	LIG 3	DMS	YES	ENST00000285379	7,242,244
4ILX	ENSG00000104267	ENST00000520127	LIG 3	DMS	NO	ENST00000285379	NA
4ILX	ENSG00000104267	ENST00000522742	LIG 3	DMS	NO	ENST00000285379	NA
4ITO	ENSG00000104267	ENST00000285379	LIG 1	GOL	YES	ENST00000285379	62,64,65,67,92,94,199
4ITO	ENSG00000104267	ENST00000520127	LIG 1	GOL	NO	ENST00000285379	NA
4ITO	ENSG00000104267	ENST00000522742	LIG 1	GOL	NO	ENST00000285379	NA
4ITO	ENSG00000104267	ENST00000285379	LIG 3	DMS	YES	ENST00000285379	7,242,244
4ITO	ENSG00000104267	ENST00000520127	LIG 3	DMS	NO	ENST00000285379	NA
4ITO	ENSG00000104267	ENST00000522742	LIG 3	DMS	NO	ENST00000285379	NA
4ITP	ENSG00000104267	ENST00000285379	LIG 1	GOL	YES	ENST00000285379	35,36,38,40,62,64,65,67,78,80,91,92,94,130,163,164,167,199,224,227,228,257,259,260
4ITP	ENSG00000104267	ENST00000520127	LIG 1	GOL	NO	ENST00000285379	NA
4ITP	ENSG00000104267	ENST00000522742	LIG 1	GOL	NO	ENST00000285379	NA
4ITP	ENSG00000104267	ENST00000285379	LIG 3	DMS	YES	ENST00000285379	5,11,15,16,19,20
4ITP	ENSG00000104267	ENST00000520127	LIG 3	DMS	YES	ENST00000285379	5,11,15,16,19,20
4ITP	ENSG00000104267	ENST00000522742	LIG 3	DMS	YES	ENST00000285379	5,11,15,16,19,20
4IWZ	ENSG00000104267	ENST00000285379	LIG 2	GOL	YES	ENST00000285379	60,62,64,65,67,69,92,94,99,199,239
4IWZ	ENSG00000104267	ENST00000520127	LIG 2	GOL	NO	ENST00000285379	NA
4IWZ	ENSG00000104267	ENST00000522742	LIG 2	GOL	NO	ENST00000285379	NA
4IWZ	ENSG00000104267	ENST00000285379	LIG 3	DMS	YES	ENST00000285379	7,242,244,246
4IWZ	ENSG00000104267	ENST00000520127	LIG 3	DMS	NO	ENST00000285379	NA
4IWZ	ENSG00000104267	ENST00000522742	LIG 3	DMS	NO	ENST00000285379	NA
4K0S	ENSG00000104267	ENST00000285379	LIG 1	AZM	YES	ENST00000285379	92,94,96,119,121,130,142,197,198,199,208
4K0S	ENSG00000104267	ENST00000520127	LIG 1	AZM	NO	ENST00000285379	NA
4K0S	ENSG00000104267	ENST00000522742	LIG 1	AZM	NO	ENST00000285379	NA
4K0T	ENSG00000104267	ENST00000285379	LIG 1	DMS	YES	ENST00000285379	7,158,176,177,178,242,244,246
4K0T	ENSG00000104267	ENST00000520127	LIG 1	DMS	NO	ENST00000285379	NA
4K0T	ENSG00000104267	ENST00000522742	LIG 1	DMS	NO	ENST00000285379	NA
4K0T	ENSG00000104267	ENST00000285379	LIG 3	GOL	YES	ENST00000285379	148,214
4K0T	ENSG00000104267	ENST00000520127	LIG 3	GOL	NO	ENST00000285379	NA
4K0T	ENSG00000104267	ENST00000522742	LIG 3	GOL	NO	ENST00000285379	NA
4K0Z	ENSG00000104267	ENST00000285379	LIG 2	MZM	YES	ENST00000285379	92,94,96,119,121,130,142,197,198,199,200,201,208
4K0Z	ENSG00000104267	ENST00000520127	LIG 2	MZM	NO	ENST00000285379	NA
4K0Z	ENSG00000104267	ENST00000522742	LIG 2	MZM	NO	ENST00000285379	NA
4K0Z	ENSG00000104267	ENST00000285379	LIG 1	DMS	YES	ENST00000285379	4,5,7,10,11,13,15,16,18,19,20,83,84,85,148,149,207,242,244,246
4K0Z	ENSG00000104267	ENST00000520127	LIG 1	DMS	NO	ENST00000285379	NA
4K0Z	ENSG00000104267	ENST00000522742	LIG 1	DMS	NO	ENST00000285379	NA
4K13	ENSG00000104267	ENST00000285379	LIG 2	ETS	YES	ENST00000285379	92,94,96,119,121,130,140,142,197,198,199,200,208
4K13	ENSG00000104267	ENST00000520127	LIG 2	ETS	NO	ENST00000285379	NA
4K13	ENSG00000104267	ENST00000522742	LIG 2	ETS	NO	ENST00000285379	NA
4K13	ENSG00000104267	ENST00000285379	LIG 1	DMS	YES	ENST00000285379	7,72,73,89,123,128,242,244,246
4K13	ENSG00000104267	ENST00000520127	LIG 1	DMS	NO	ENST00000285379	NA
4K13	ENSG00000104267	ENST00000522742	LIG 1	DMS	NO	ENST00000285379	NA
4KNI	ENSG00000104267	ENST00000285379	LIG 1	DMS	YES	ENST00000285379	6,7,8,11,13,230,238,242,244,246
4KNI	ENSG00000104267	ENST00000520127	LIG 1	DMS	NO	ENST00000285379	NA
4KNI	ENSG00000104267	ENST00000522742	LIG 1	DMS	NO	ENST00000285379	NA
4KNJ	ENSG00000104267	ENST00000285379	LIG 2	DMS	YES	ENST00000285379	7,242,244,246
4KNJ	ENSG00000104267	ENST00000520127	LIG 2	DMS	NO	ENST00000285379	NA
4KNJ	ENSG00000104267	ENST00000522742	LIG 2	DMS	NO	ENST00000285379	NA
4KUV	ENSG00000104267	ENST00000285379	LIG 2	GOL	YES	ENST00000285379	62,64,65,67,92,94,199
4KUV	ENSG00000104267	ENST00000520127	LIG 2	GOL	NO	ENST00000285379	NA
4KUV	ENSG00000104267	ENST00000522742	LIG 2	GOL	NO	ENST00000285379	NA
4KUW	ENSG00000104267	ENST00000285379	LIG 1	GOL	YES	ENST00000285379	62,64,65,67,92,199
4KUW	ENSG00000104267	ENST00000520127	LIG 1	GOL	NO	ENST00000285379	NA
4KUW	ENSG00000104267	ENST00000522742	LIG 1	GOL	NO	ENST00000285379	NA
4KUY	ENSG00000104267	ENST00000285379	LIG 2	GOL	YES	ENST00000285379	62,64,65,67,92,94,199
4KUY	ENSG00000104267	ENST00000520127	LIG 2	GOL	NO	ENST00000285379	NA
4KUY	ENSG00000104267	ENST00000522742	LIG 2	GOL	NO	ENST00000285379	NA
4KV0	ENSG00000104267	ENST00000285379	LIG 1	GOL	YES	ENST00000285379	62,64,65,67,92,94,199
4KV0	ENSG00000104267	ENST00000520127	LIG 1	GOL	NO	ENST00000285379	NA
4KV0	ENSG00000104267	ENST00000522742	LIG 1	GOL	NO	ENST00000285379	NA
4L5U	ENSG00000104267	ENST00000285379	LIG 1	GOL	YES	ENST00000285379	7,242,244,246
4L5U	ENSG00000104267	ENST00000520127	LIG 1	GOL	NO	ENST00000285379	NA
4L5U	ENSG00000104267	ENST00000522742	LIG 1	GOL	NO	ENST00000285379	NA
4L5V	ENSG00000104267	ENST00000285379	LIG 1	GOL	YES	ENST00000285379	7,242,244,246
4L5V	ENSG00000104267	ENST00000520127	LIG 1	GOL	NO	ENST00000285379	NA
4L5V	ENSG00000104267	ENST00000522742	LIG 1	GOL	NO	ENST00000285379	NA
4L5W	ENSG00000104267	ENST00000285379	LIG 1	GOL	YES	ENST00000285379	7,242,244,246
4L5W	ENSG00000104267	ENST00000520127	LIG 1	GOL	NO	ENST00000285379	NA
4L5W	ENSG00000104267	ENST00000522742	LIG 1	GOL	NO	ENST00000285379	NA
4LHI	ENSG00000104267	ENST00000285379	LIG 1	DMS	YES	ENST00000285379	7,62,64,67,92,94,96,199,242,244
4LHI	ENSG00000104267	ENST00000520127	LIG 1	DMS	NO	ENST00000285379	NA
4LHI	ENSG00000104267	ENST00000522742	LIG 1	DMS	NO	ENST00000285379	NA
4M2R	ENSG00000104267	ENST00000285379	LIG 1	BZ1	YES	ENST00000285379	62,64,92,94,96,119,121,130,140,142,197,198,199,208
4M2R	ENSG00000104267	ENST00000520127	LIG 1	BZ1	NO	ENST00000285379	NA
4M2R	ENSG00000104267	ENST00000522742	LIG 1	BZ1	NO	ENST00000285379	NA
4M2U	ENSG00000104267	ENST00000285379	LIG 1	ETS	YES	ENST00000285379	5,92,94,96,119,121,130,197,198,199,208
4M2U	ENSG00000104267	ENST00000520127	LIG 1	ETS	NO	ENST00000285379	NA
4M2U	ENSG00000104267	ENST00000522742	LIG 1	ETS	NO	ENST00000285379	NA
4M2V	ENSG00000104267	ENST00000285379	LIG 1	BZ1	YES	ENST00000285379	92,94,96,119,121,130,131,140,142,197,198,199,208
4M2V	ENSG00000104267	ENST00000520127	LIG 1	BZ1	NO	ENST00000285379	NA
4M2V	ENSG00000104267	ENST00000522742	LIG 1	BZ1	NO	ENST00000285379	NA
4M2W	ENSG00000104267	ENST00000285379	LIG 1	ETS	YES	ENST00000285379	92,94,96,119,121,140,142,197,198,199,208
4M2W	ENSG00000104267	ENST00000520127	LIG 1	ETS	NO	ENST00000285379	NA
4M2W	ENSG00000104267	ENST00000522742	LIG 1	ETS	NO	ENST00000285379	NA
4MLT	ENSG00000104267	ENST00000285379	LIG 3	DMS	YES	ENST00000285379	7,242,244
4MLT	ENSG00000104267	ENST00000520127	LIG 3	DMS	NO	ENST00000285379	NA
4MLT	ENSG00000104267	ENST00000522742	LIG 3	DMS	NO	ENST00000285379	NA
4MLX	ENSG00000104267	ENST00000285379	LIG 3	DMS	YES	ENST00000285379	7,242,244,246
4MLX	ENSG00000104267	ENST00000520127	LIG 3	DMS	NO	ENST00000285379	NA
4MLX	ENSG00000104267	ENST00000522742	LIG 3	DMS	NO	ENST00000285379	NA
4MTY	ENSG00000104267	ENST00000285379	LIG 3	GOL	YES	ENST00000285379	7,13,39,62,64,65,67,91,92,94,130,199,242,244,246,254,256
4MTY	ENSG00000104267	ENST00000520127	LIG 3	GOL	NO	ENST00000285379	NA
4MTY	ENSG00000104267	ENST00000522742	LIG 3	GOL	NO	ENST00000285379	NA
4N16	ENSG00000104267	ENST00000285379	LIG 2	GOL	YES	ENST00000285379	7,13,99,148,150,151,214,216,226,239,242,244,246
4N16	ENSG00000104267	ENST00000520127	LIG 2	GOL	NO	ENST00000285379	NA
4N16	ENSG00000104267	ENST00000522742	LIG 2	GOL	NO	ENST00000285379	NA
4N16	ENSG00000104267	ENST00000285379	LIG 1	CHD	YES	ENST00000285379	91,92,94,96,119,130,198,199
4N16	ENSG00000104267	ENST00000520127	LIG 1	CHD	NO	ENST00000285379	NA
4N16	ENSG00000104267	ENST00000522742	LIG 1	CHD	NO	ENST00000285379	NA
4PXX	ENSG00000104267	ENST00000285379	LIG 1	CHD	YES	ENST00000285379	91,92,94,96,119,130,198,199
4PXX	ENSG00000104267	ENST00000520127	LIG 1	CHD	NO	ENST00000285379	NA
4PXX	ENSG00000104267	ENST00000522742	LIG 1	CHD	NO	ENST00000285379	NA
4PYX	ENSG00000104267	ENST00000285379	LIG 1	DMS	YES	ENST00000285379	7,13,242,244,246
4PYX	ENSG00000104267	ENST00000520127	LIG 1	DMS	NO	ENST00000285379	NA
4PYX	ENSG00000104267	ENST00000522742	LIG 1	DMS	NO	ENST00000285379	NA
4PZH	ENSG00000104267	ENST00000285379	LIG 2	DMS	YES	ENST00000285379	7,242,244,246
4PZH	ENSG00000104267	ENST00000520127	LIG 2	DMS	NO	ENST00000285379	NA
4PZH	ENSG00000104267	ENST00000522742	LIG 2	DMS	NO	ENST00000285379	NA
4Q06	ENSG00000104267	ENST00000285379	LIG 1	DMS	YES	ENST00000285379	7,242,244,246
4Q06	ENSG00000104267	ENST00000520127	LIG 1	DMS	NO	ENST00000285379	NA
4Q06	ENSG00000104267	ENST00000522742	LIG 1	DMS	NO	ENST00000285379	NA
4Q07	ENSG00000104267	ENST00000285379	LIG 1	DMS	YES	ENST00000285379	242,244,246
4Q07	ENSG00000104267	ENST00000520127	LIG 1	DMS	NO	ENST00000285379	NA
4Q07	ENSG00000104267	ENST00000522742	LIG 1	DMS	NO	ENST00000285379	NA
4Q08	ENSG00000104267	ENST00000285379	LIG 1	DMS	YES	ENST00000285379	7,242,244,246
4Q08	ENSG00000104267	ENST00000520127	LIG 1	DMS	NO	ENST00000285379	NA
4Q08	ENSG00000104267	ENST00000522742	LIG 1	DMS	NO	ENST00000285379	NA
4Q09	ENSG00000104267	ENST00000285379	LIG 2	DMS	YES	ENST00000285379	7,242,244,246
4Q09	ENSG00000104267	ENST00000520127	LIG 2	DMS	NO	ENST00000285379	NA
4Q09	ENSG00000104267	ENST00000522742	LIG 2	DMS	NO	ENST00000285379	NA
4Q6D	ENSG00000104267	ENST00000285379	LIG 1	DMS	YES	ENST00000285379	242,244,246
4Q6D	ENSG00000104267	ENST00000520127	LIG 1	DMS	NO	ENST00000285379	NA
4Q6D	ENSG00000104267	ENST00000522742	LIG 1	DMS	NO	ENST00000285379	NA
4Q6E	ENSG00000104267	ENST00000285379	LIG 2	DMS	YES	ENST00000285379	91,92,130,242,244,246
4Q6E	ENSG00000104267	ENST00000520127	LIG 2	DMS	NO	ENST00000285379	NA
4Q6E	ENSG00000104267	ENST00000522742	LIG 2	DMS	NO	ENST00000285379	NA
4Q7P	ENSG00000104267	ENST00000285379	LIG 3	DMS	YES	ENST00000285379	7,242,244,246
4Q7P	ENSG00000104267	ENST00000520127	LIG 3	DMS	NO	ENST00000285379	NA
4Q7P	ENSG00000104267	ENST00000522742	LIG 3	DMS	NO	ENST00000285379	NA
4Q7V	ENSG00000104267	ENST00000285379	LIG 3	DMS	YES	ENST00000285379	7,242,244,246
4Q7V	ENSG00000104267	ENST00000520127	LIG 3	DMS	NO	ENST00000285379	NA
4Q7V	ENSG00000104267	ENST00000522742	LIG 3	DMS	NO	ENST00000285379	NA
4Q7W	ENSG00000104267	ENST00000285379	LIG 3	DMS	YES	ENST00000285379	7,242,244,246
4Q7W	ENSG00000104267	ENST00000520127	LIG 3	DMS	NO	ENST00000285379	NA
4Q7W	ENSG00000104267	ENST00000522742	LIG 3	DMS	NO	ENST00000285379	NA
4Q81	ENSG00000104267	ENST00000285379	LIG 1	DMS	YES	ENST00000285379	7,242,244,246
4Q81	ENSG00000104267	ENST00000520127	LIG 1	DMS	NO	ENST00000285379	NA
4Q81	ENSG00000104267	ENST00000522742	LIG 1	DMS	NO	ENST00000285379	NA
4Q87	ENSG00000104267	ENST00000285379	LIG 3	DMS	YES	ENST00000285379	7,242,244,246
4Q87	ENSG00000104267	ENST00000520127	LIG 3	DMS	NO	ENST00000285379	NA
4Q87	ENSG00000104267	ENST00000522742	LIG 3	DMS	NO	ENST00000285379	NA
4Q8X	ENSG00000104267	ENST00000285379	LIG 2	DMS	YES	ENST00000285379	7,242,244,246
4Q8X	ENSG00000104267	ENST00000520127	LIG 2	DMS	NO	ENST00000285379	NA
4Q8X	ENSG00000104267	ENST00000522742	LIG 2	DMS	NO	ENST00000285379	NA
4Q90	ENSG00000104267	ENST00000285379	LIG 3	DMS	YES	ENST00000285379	7,158,174,175,176,178,242,244,246
4Q90	ENSG00000104267	ENST00000520127	LIG 3	DMS	NO	ENST00000285379	NA
4Q90	ENSG00000104267	ENST00000522742	LIG 3	DMS	NO	ENST00000285379	NA
4Q99	ENSG00000104267	ENST00000285379	LIG 4	DMS	YES	ENST00000285379	7,242,244,246
4Q99	ENSG00000104267	ENST00000520127	LIG 4	DMS	NO	ENST00000285379	NA
4Q99	ENSG00000104267	ENST00000522742	LIG 4	DMS	NO	ENST00000285379	NA
4Q99	ENSG00000104267	ENST00000285379	LIG 3	GOL	YES	ENST00000285379	62,64,65,67,92,199
4Q99	ENSG00000104267	ENST00000520127	LIG 3	GOL	NO	ENST00000285379	NA
4Q99	ENSG00000104267	ENST00000522742	LIG 3	GOL	NO	ENST00000285379	NA
4Q9Y	ENSG00000104267	ENST00000285379	LIG 4	DMS	YES	ENST00000285379	7,242,244,246
4Q9Y	ENSG00000104267	ENST00000520127	LIG 4	DMS	NO	ENST00000285379	NA
4Q9Y	ENSG00000104267	ENST00000522742	LIG 4	DMS	NO	ENST00000285379	NA
4Q9Y	ENSG00000104267	ENST00000285379	LIG 3	GOL	YES	ENST00000285379	62,64,65,67,92,199
4Q9Y	ENSG00000104267	ENST00000520127	LIG 3	GOL	NO	ENST00000285379	NA
4Q9Y	ENSG00000104267	ENST00000522742	LIG 3	GOL	NO	ENST00000285379	NA
4QEF	ENSG00000104267	ENST00000285379	LIG 2	GOL	YES	ENST00000285379	7,242,244,246
4QEF	ENSG00000104267	ENST00000520127	LIG 2	GOL	NO	ENST00000285379	NA
4QEF	ENSG00000104267	ENST00000522742	LIG 2	GOL	NO	ENST00000285379	NA
4QIY	ENSG00000104267	ENST00000285379	LIG 2	DMS	YES	ENST00000285379	7,242,244,246
4QIY	ENSG00000104267	ENST00000520127	LIG 2	DMS	NO	ENST00000285379	NA
4QIY	ENSG00000104267	ENST00000522742	LIG 2	DMS	NO	ENST00000285379	NA
4QJM	ENSG00000104267	ENST00000285379	LIG 4	DMS	YES	ENST00000285379	7,242,244
4QJM	ENSG00000104267	ENST00000520127	LIG 4	DMS	NO	ENST00000285379	NA
4QJM	ENSG00000104267	ENST00000522742	LIG 4	DMS	NO	ENST00000285379	NA
4QK2	ENSG00000104267	ENST00000285379	LIG 1	GOL	YES	ENST00000285379	7,242,244,246
4QK2	ENSG00000104267	ENST00000520127	LIG 1	GOL	NO	ENST00000285379	NA
4QK2	ENSG00000104267	ENST00000522742	LIG 1	GOL	NO	ENST00000285379	NA
4QSA	ENSG00000104267	ENST00000285379	LIG 3	DMS	YES	ENST00000285379	7,13,242,244
4QSA	ENSG00000104267	ENST00000520127	LIG 3	DMS	NO	ENST00000285379	NA
4QSA	ENSG00000104267	ENST00000522742	LIG 3	DMS	NO	ENST00000285379	NA
4QSB	ENSG00000104267	ENST00000285379	LIG 3	DMS	YES	ENST00000285379	5,7,11,13,15,16,19,20,242,244,246
4QSB	ENSG00000104267	ENST00000520127	LIG 3	DMS	NO	ENST00000285379	NA
4QSB	ENSG00000104267	ENST00000522742	LIG 3	DMS	NO	ENST00000285379	NA
4QSI	ENSG00000104267	ENST00000285379	LIG 2	DMS	YES	ENST00000285379	7,13,242,244,246
4QSI	ENSG00000104267	ENST00000520127	LIG 2	DMS	NO	ENST00000285379	NA
4QSI	ENSG00000104267	ENST00000522742	LIG 2	DMS	NO	ENST00000285379	NA
4QTL	ENSG00000104267	ENST00000285379	LIG 1	DMS	YES	ENST00000285379	7,242,244
4QTL	ENSG00000104267	ENST00000520127	LIG 1	DMS	NO	ENST00000285379	NA
4QTL	ENSG00000104267	ENST00000522742	LIG 1	DMS	NO	ENST00000285379	NA
4R59	ENSG00000104267	ENST00000285379	LIG 1	GOL	YES	ENST00000285379	7,242,244,246
4R59	ENSG00000104267	ENST00000520127	LIG 1	GOL	NO	ENST00000285379	NA
4R59	ENSG00000104267	ENST00000522742	LIG 1	GOL	NO	ENST00000285379	NA
4R5A	ENSG00000104267	ENST00000285379	LIG 1	GOL	YES	ENST00000285379	7,242,244,246
4R5A	ENSG00000104267	ENST00000520127	LIG 1	GOL	NO	ENST00000285379	NA
4R5A	ENSG00000104267	ENST00000522742	LIG 1	GOL	NO	ENST00000285379	NA
4R5B	ENSG00000104267	ENST00000285379	LIG 1	GOL	YES	ENST00000285379	7,242,244,246
4R5B	ENSG00000104267	ENST00000520127	LIG 1	GOL	NO	ENST00000285379	NA
4R5B	ENSG00000104267	ENST00000522742	LIG 1	GOL	NO	ENST00000285379	NA
4RH2	ENSG00000104267	ENST00000285379	LIG 2	GOL	YES	ENST00000285379	62,65,67,92,94,199
4RH2	ENSG00000104267	ENST00000520127	LIG 2	GOL	NO	ENST00000285379	NA
4RH2	ENSG00000104267	ENST00000522742	LIG 2	GOL	NO	ENST00000285379	NA
4RIU	ENSG00000104267	ENST00000285379	LIG 1	GOL	YES	ENST00000285379	7,114,148,212,214,242,244,246,252,253,254
4RIU	ENSG00000104267	ENST00000520127	LIG 1	GOL	NO	ENST00000285379	NA
4RIU	ENSG00000104267	ENST00000522742	LIG 1	GOL	NO	ENST00000285379	NA
4RIV	ENSG00000104267	ENST00000285379	LIG 2	GOL	YES	ENST00000285379	254,256
4RIV	ENSG00000104267	ENST00000520127	LIG 2	GOL	NO	ENST00000285379	NA
4RIV	ENSG00000104267	ENST00000522742	LIG 2	GOL	NO	ENST00000285379	NA
4RN4	ENSG00000104267	ENST00000285379	LIG 3	GOL	YES	ENST00000285379	62,64,65,67,92,94,199
4RN4	ENSG00000104267	ENST00000520127	LIG 3	GOL	NO	ENST00000285379	NA
4RN4	ENSG00000104267	ENST00000522742	LIG 3	GOL	NO	ENST00000285379	NA
4RUX	ENSG00000104267	ENST00000285379	LIG 2	GOL	YES	ENST00000285379	62,64,65,67,92,94,199
4RUX	ENSG00000104267	ENST00000520127	LIG 2	GOL	NO	ENST00000285379	NA
4RUX	ENSG00000104267	ENST00000522742	LIG 2	GOL	NO	ENST00000285379	NA
4RUY	ENSG00000104267	ENST00000285379	LIG 2	GOL	YES	ENST00000285379	62,64,65,67,92,94,199
4RUY	ENSG00000104267	ENST00000520127	LIG 2	GOL	NO	ENST00000285379	NA
4RUY	ENSG00000104267	ENST00000522742	LIG 2	GOL	NO	ENST00000285379	NA
4RUZ	ENSG00000104267	ENST00000285379	LIG 2	GOL	YES	ENST00000285379	62,64,65,67,92,94,199
4RUZ	ENSG00000104267	ENST00000520127	LIG 2	GOL	NO	ENST00000285379	NA
4RUZ	ENSG00000104267	ENST00000522742	LIG 2	GOL	NO	ENST00000285379	NA
4WW6	ENSG00000104267	ENST00000285379	LIG 1	DMS	YES	ENST00000285379	7,13,242,244,246
4WW6	ENSG00000104267	ENST00000520127	LIG 1	DMS	NO	ENST00000285379	NA
4WW6	ENSG00000104267	ENST00000522742	LIG 1	DMS	NO	ENST00000285379	NA
4XE1	ENSG00000104267	ENST00000285379	LIG 1	GOL	YES	ENST00000285379	62,64,65,67,92,94,111,199
4XE1	ENSG00000104267	ENST00000520127	LIG 1	GOL	NO	ENST00000285379	NA
4XE1	ENSG00000104267	ENST00000522742	LIG 1	GOL	NO	ENST00000285379	NA
4YX4	ENSG00000104267	ENST00000285379	LIG 3	GOL	YES	ENST00000285379	62,64,65,67,92,94,199
4YX4	ENSG00000104267	ENST00000520127	LIG 3	GOL	NO	ENST00000285379	NA
4YX4	ENSG00000104267	ENST00000522742	LIG 3	GOL	NO	ENST00000285379	NA
4YXI	ENSG00000104267	ENST00000285379	LIG 3	GOL	YES	ENST00000285379	62,64,65,67,92,94,199
4YXI	ENSG00000104267	ENST00000520127	LIG 3	GOL	NO	ENST00000285379	NA
4YXI	ENSG00000104267	ENST00000522742	LIG 3	GOL	NO	ENST00000285379	NA
4YXO	ENSG00000104267	ENST00000285379	LIG 2	GOL	YES	ENST00000285379	62,64,65,67,92,94,199
4YXO	ENSG00000104267	ENST00000520127	LIG 2	GOL	NO	ENST00000285379	NA
4YXO	ENSG00000104267	ENST00000522742	LIG 2	GOL	NO	ENST00000285379	NA
4YXU	ENSG00000104267	ENST00000285379	LIG 2	GOL	YES	ENST00000285379	62,64,65,67,92,94,199
4YXU	ENSG00000104267	ENST00000520127	LIG 2	GOL	NO	ENST00000285379	NA
4YXU	ENSG00000104267	ENST00000522742	LIG 2	GOL	NO	ENST00000285379	NA
4YYT	ENSG00000104267	ENST00000285379	LIG 2	GOL	YES	ENST00000285379	62,64,65,67,92,94,199
4YYT	ENSG00000104267	ENST00000520127	LIG 2	GOL	NO	ENST00000285379	NA
4YYT	ENSG00000104267	ENST00000522742	LIG 2	GOL	NO	ENST00000285379	NA
4ZWI	ENSG00000104267	ENST00000285379	LIG 1	DMS	YES	ENST00000285379	7,9,10,15,51,52,54,83,99,100,101,158,170,171,172,175,176,179,181,207,226,242,244
4ZWI	ENSG00000104267	ENST00000520127	LIG 1	DMS	NO	ENST00000285379	NA
4ZWI	ENSG00000104267	ENST00000522742	LIG 1	DMS	NO	ENST00000285379	NA
4ZWX	ENSG00000104267	ENST00000285379	LIG 1	DMS	YES	ENST00000285379	7,51,52,54,177,178,179,181,242,244,246
4ZWX	ENSG00000104267	ENST00000520127	LIG 1	DMS	NO	ENST00000285379	NA
4ZWX	ENSG00000104267	ENST00000522742	LIG 1	DMS	NO	ENST00000285379	NA
4ZWY	ENSG00000104267	ENST00000285379	LIG 2	GOL	YES	ENST00000285379	7,13,242,244,246
4ZWY	ENSG00000104267	ENST00000520127	LIG 2	GOL	NO	ENST00000285379	NA
4ZWY	ENSG00000104267	ENST00000522742	LIG 2	GOL	NO	ENST00000285379	NA
4ZWZ	ENSG00000104267	ENST00000285379	LIG 2	DMS	YES	ENST00000285379	4,5,7,64,242,244
4ZWZ	ENSG00000104267	ENST00000520127	LIG 2	DMS	NO	ENST00000285379	NA
4ZWZ	ENSG00000104267	ENST00000522742	LIG 2	DMS	NO	ENST00000285379	NA
4ZX0	ENSG00000104267	ENST00000285379	LIG 2	GOL	YES	ENST00000285379	7,13,242,244,246
4ZX0	ENSG00000104267	ENST00000520127	LIG 2	GOL	NO	ENST00000285379	NA
4ZX0	ENSG00000104267	ENST00000522742	LIG 2	GOL	NO	ENST00000285379	NA
4ZX1	ENSG00000104267	ENST00000285379	LIG 1	DMS	YES	ENST00000285379	7,158,176,177,178,242,244
4ZX1	ENSG00000104267	ENST00000520127	LIG 1	DMS	NO	ENST00000285379	NA
4ZX1	ENSG00000104267	ENST00000522742	LIG 1	DMS	NO	ENST00000285379	NA
5A6H	ENSG00000104267	ENST00000285379	LIG 1	DMS	YES	ENST00000285379	7,242,244
5A6H	ENSG00000104267	ENST00000520127	LIG 1	DMS	NO	ENST00000285379	NA
5A6H	ENSG00000104267	ENST00000522742	LIG 1	DMS	NO	ENST00000285379	NA
5C8I	ENSG00000104267	ENST00000285379	LIG 1	MZM	YES	ENST00000285379	92,119,121,130,142,197,198,199,200,208
5C8I	ENSG00000104267	ENST00000520127	LIG 1	MZM	NO	ENST00000285379	NA
5C8I	ENSG00000104267	ENST00000522742	LIG 1	MZM	NO	ENST00000285379	NA
5CLU	ENSG00000104267	ENST00000285379	LIG 2	GOL	YES	ENST00000285379	62,64,65,67,92,94
5CLU	ENSG00000104267	ENST00000520127	LIG 2	GOL	NO	ENST00000285379	NA
5CLU	ENSG00000104267	ENST00000522742	LIG 2	GOL	NO	ENST00000285379	NA
5DOH	ENSG00000104267	ENST00000285379	LIG 2	DMS	YES	ENST00000285379	13,242,244,246
5DOH	ENSG00000104267	ENST00000520127	LIG 2	DMS	NO	ENST00000285379	NA
5DOH	ENSG00000104267	ENST00000522742	LIG 2	DMS	NO	ENST00000285379	NA
5DRS	ENSG00000104267	ENST00000285379	LIG 2	DMS	YES	ENST00000285379	7,242,244,246
5DRS	ENSG00000104267	ENST00000520127	LIG 2	DMS	NO	ENST00000285379	NA
5DRS	ENSG00000104267	ENST00000522742	LIG 2	DMS	NO	ENST00000285379	NA
5DSK	ENSG00000104267	ENST00000285379	LIG 1	GOL	YES	ENST00000285379	7,242,244,246
5DSK	ENSG00000104267	ENST00000520127	LIG 1	GOL	NO	ENST00000285379	NA
5DSK	ENSG00000104267	ENST00000522742	LIG 1	GOL	NO	ENST00000285379	NA
5DSL	ENSG00000104267	ENST00000285379	LIG 1	GOL	YES	ENST00000285379	7,242,244,246
5DSL	ENSG00000104267	ENST00000520127	LIG 1	GOL	NO	ENST00000285379	NA
5DSL	ENSG00000104267	ENST00000522742	LIG 1	GOL	NO	ENST00000285379	NA
5DSM	ENSG00000104267	ENST00000285379	LIG 1	GOL	YES	ENST00000285379	7,242,244,246
5DSM	ENSG00000104267	ENST00000520127	LIG 1	GOL	NO	ENST00000285379	NA
5DSM	ENSG00000104267	ENST00000522742	LIG 1	GOL	NO	ENST00000285379	NA
5DSO	ENSG00000104267	ENST00000285379	LIG 2	CO2	YES	ENST00000285379	94,95,97,116,119,121,147,197,198,208,222,225
5DSO	ENSG00000104267	ENST00000520127	LIG 2	CO2	NO	ENST00000285379	NA
5DSO	ENSG00000104267	ENST00000522742	LIG 2	CO2	NO	ENST00000285379	NA
5DSO	ENSG00000104267	ENST00000285379	LIG 1	GOL	YES	ENST00000285379	7,242,244,246
5DSO	ENSG00000104267	ENST00000520127	LIG 1	GOL	NO	ENST00000285379	NA
5DSO	ENSG00000104267	ENST00000522742	LIG 1	GOL	NO	ENST00000285379	NA
5DSP	ENSG00000104267	ENST00000285379	LIG 1	GOL	YES	ENST00000285379	7,242,244,246
5DSP	ENSG00000104267	ENST00000520127	LIG 1	GOL	NO	ENST00000285379	NA
5DSP	ENSG00000104267	ENST00000522742	LIG 1	GOL	NO	ENST00000285379	NA
5DSQ	ENSG00000104267	ENST00000285379	LIG 1	GOL	YES	ENST00000285379	7,242,244,246
5DSQ	ENSG00000104267	ENST00000520127	LIG 1	GOL	NO	ENST00000285379	NA
5DSQ	ENSG00000104267	ENST00000522742	LIG 1	GOL	NO	ENST00000285379	NA
5DSR	ENSG00000104267	ENST00000285379	LIG 1	GOL	YES	ENST00000285379	7,242,244,246
5DSR	ENSG00000104267	ENST00000520127	LIG 1	GOL	NO	ENST00000285379	NA
5DSR	ENSG00000104267	ENST00000522742	LIG 1	GOL	NO	ENST00000285379	NA
5E28	ENSG00000104267	ENST00000285379	LIG 2	GOL	YES	ENST00000285379	62,64,65,67,92,94,199
5E28	ENSG00000104267	ENST00000520127	LIG 2	GOL	NO	ENST00000285379	NA
5E28	ENSG00000104267	ENST00000522742	LIG 2	GOL	NO	ENST00000285379	NA
5E2K	ENSG00000104267	ENST00000285379	LIG 2	GOL	YES	ENST00000285379	62,64,65,67,92,94,199
5E2K	ENSG00000104267	ENST00000520127	LIG 2	GOL	NO	ENST00000285379	NA
5E2K	ENSG00000104267	ENST00000522742	LIG 2	GOL	NO	ENST00000285379	NA
5EHE	ENSG00000104267	ENST00000285379	LIG 1	DMS	YES	ENST00000285379	7,153,185,214,215,216,242,244,246
5EHE	ENSG00000104267	ENST00000520127	LIG 1	DMS	NO	ENST00000285379	NA
5EHE	ENSG00000104267	ENST00000522742	LIG 1	DMS	NO	ENST00000285379	NA
5EHV	ENSG00000104267	ENST00000285379	LIG 3	GOL	YES	ENST00000285379	7,13,242,244
5EHV	ENSG00000104267	ENST00000520127	LIG 3	GOL	NO	ENST00000285379	NA
5EHV	ENSG00000104267	ENST00000522742	LIG 3	GOL	NO	ENST00000285379	NA
5EHW	ENSG00000104267	ENST00000285379	LIG 1	GOL	YES	ENST00000285379	62,64,65,67,92,199
5EHW	ENSG00000104267	ENST00000520127	LIG 1	GOL	NO	ENST00000285379	NA
5EHW	ENSG00000104267	ENST00000522742	LIG 1	GOL	NO	ENST00000285379	NA
5EIJ	ENSG00000104267	ENST00000285379	LIG 3	GOL	YES	ENST00000285379	62,64,65,67,92,94,194,199,253,254
5EIJ	ENSG00000104267	ENST00000520127	LIG 3	GOL	NO	ENST00000285379	NA
5EIJ	ENSG00000104267	ENST00000522742	LIG 3	GOL	NO	ENST00000285379	NA
5EIJ	ENSG00000104267	ENST00000285379	LIG 2	DMS	YES	ENST00000285379	5,7,11,15,16,18,19,242,244,246
5EIJ	ENSG00000104267	ENST00000520127	LIG 2	DMS	NO	ENST00000285379	NA
5EIJ	ENSG00000104267	ENST00000522742	LIG 2	DMS	NO	ENST00000285379	NA
5EKH	ENSG00000104267	ENST00000285379	LIG 1	GOL	YES	ENST00000285379	62,64,65,67,92,94,199
5EKH	ENSG00000104267	ENST00000520127	LIG 1	GOL	NO	ENST00000285379	NA
5EKH	ENSG00000104267	ENST00000522742	LIG 1	GOL	NO	ENST00000285379	NA
5EKJ	ENSG00000104267	ENST00000285379	LIG 1	GOL	YES	ENST00000285379	62,64,65,67,92,94,199
5EKJ	ENSG00000104267	ENST00000520127	LIG 1	GOL	NO	ENST00000285379	NA
5EKJ	ENSG00000104267	ENST00000522742	LIG 1	GOL	NO	ENST00000285379	NA
5EKM	ENSG00000104267	ENST00000285379	LIG 1	GOL	YES	ENST00000285379	62,64,65,67,92,94,199
5EKM	ENSG00000104267	ENST00000520127	LIG 1	GOL	NO	ENST00000285379	NA
5EKM	ENSG00000104267	ENST00000522742	LIG 1	GOL	NO	ENST00000285379	NA
5FDC	ENSG00000104267	ENST00000285379	LIG 2	GOL	YES	ENST00000285379	62,64,65,67,92,94,199
5FDC	ENSG00000104267	ENST00000520127	LIG 2	GOL	NO	ENST00000285379	NA
5FDC	ENSG00000104267	ENST00000522742	LIG 2	GOL	NO	ENST00000285379	NA
5FDI	ENSG00000104267	ENST00000285379	LIG 2	GOL	YES	ENST00000285379	4,5,19,20
5FDI	ENSG00000104267	ENST00000520127	LIG 2	GOL	YES	ENST00000285379	4,5,19,20
5FDI	ENSG00000104267	ENST00000522742	LIG 2	GOL	YES	ENST00000285379	4,5,19,20
5FLP	ENSG00000104267	ENST00000285379	LIG 1	DMS	YES	ENST00000285379	7,242,244,246
5FLP	ENSG00000104267	ENST00000520127	LIG 1	DMS	NO	ENST00000285379	NA
5FLP	ENSG00000104267	ENST00000522742	LIG 1	DMS	NO	ENST00000285379	NA
5FLQ	ENSG00000104267	ENST00000285379	LIG 1	GOL	YES	ENST00000285379	62,64,65,67,92,94,199
5FLQ	ENSG00000104267	ENST00000520127	LIG 1	GOL	NO	ENST00000285379	NA
5FLQ	ENSG00000104267	ENST00000522742	LIG 1	GOL	NO	ENST00000285379	NA
5FLR	ENSG00000104267	ENST00000285379	LIG 2	GOL	YES	ENST00000285379	62,64,65,67,92,94,199
5FLR	ENSG00000104267	ENST00000520127	LIG 2	GOL	NO	ENST00000285379	NA
5FLR	ENSG00000104267	ENST00000522742	LIG 2	GOL	NO	ENST00000285379	NA
5FLR	ENSG00000104267	ENST00000285379	LIG 1	DMS	YES	ENST00000285379	5,7,11,15,16,19,20,242,244,246
5FLR	ENSG00000104267	ENST00000520127	LIG 1	DMS	NO	ENST00000285379	NA
5FLR	ENSG00000104267	ENST00000522742	LIG 1	DMS	NO	ENST00000285379	NA
5FLS	ENSG00000104267	ENST00000285379	LIG 1	DMS	YES	ENST00000285379	7,242,244
5FLS	ENSG00000104267	ENST00000520127	LIG 1	DMS	NO	ENST00000285379	NA
5FLS	ENSG00000104267	ENST00000522742	LIG 1	DMS	NO	ENST00000285379	NA
5FLT	ENSG00000104267	ENST00000285379	LIG 1	GOL	YES	ENST00000285379	62,64,65,67,92,199
5FLT	ENSG00000104267	ENST00000520127	LIG 1	GOL	NO	ENST00000285379	NA
5FLT	ENSG00000104267	ENST00000522742	LIG 1	GOL	NO	ENST00000285379	NA
5FNH	ENSG00000104267	ENST00000285379	LIG 2	DMS	YES	ENST00000285379	7,242,244,246
5FNH	ENSG00000104267	ENST00000520127	LIG 2	DMS	NO	ENST00000285379	NA
5FNH	ENSG00000104267	ENST00000522742	LIG 2	DMS	NO	ENST00000285379	NA
5FNH	ENSG00000104267	ENST00000285379	LIG 1	GOL	YES	ENST00000285379	110,111,112,157,158,161
5FNH	ENSG00000104267	ENST00000520127	LIG 1	GOL	NO	ENST00000285379	NA
5FNH	ENSG00000104267	ENST00000522742	LIG 1	GOL	NO	ENST00000285379	NA
5FNI	ENSG00000104267	ENST00000285379	LIG 2	DMS	YES	ENST00000285379	7,242,244,246
5FNI	ENSG00000104267	ENST00000520127	LIG 2	DMS	NO	ENST00000285379	NA
5FNI	ENSG00000104267	ENST00000522742	LIG 2	DMS	NO	ENST00000285379	NA
5FNI	ENSG00000104267	ENST00000285379	LIG 1	GOL	YES	ENST00000285379	187,188,189
5FNI	ENSG00000104267	ENST00000520127	LIG 1	GOL	NO	ENST00000285379	NA
5FNI	ENSG00000104267	ENST00000522742	LIG 1	GOL	NO	ENST00000285379	NA
5FNJ	ENSG00000104267	ENST00000285379	LIG 2	DMS	YES	ENST00000285379	7,242,244,246
5FNJ	ENSG00000104267	ENST00000520127	LIG 2	DMS	NO	ENST00000285379	NA
5FNJ	ENSG00000104267	ENST00000522742	LIG 2	DMS	NO	ENST00000285379	NA
5FNJ	ENSG00000104267	ENST00000285379	LIG 1	GOL	YES	ENST00000285379	187,188,197,201
5FNJ	ENSG00000104267	ENST00000520127	LIG 1	GOL	NO	ENST00000285379	NA
5FNJ	ENSG00000104267	ENST00000522742	LIG 1	GOL	NO	ENST00000285379	NA
5FNK	ENSG00000104267	ENST00000285379	LIG 1	DMS	YES	ENST00000285379	7,242,244
5FNK	ENSG00000104267	ENST00000520127	LIG 1	DMS	NO	ENST00000285379	NA
5FNK	ENSG00000104267	ENST00000522742	LIG 1	DMS	NO	ENST00000285379	NA
5FNK	ENSG00000104267	ENST00000285379	LIG 2	ACY	YES	ENST00000285379	21,22,24,25
5FNK	ENSG00000104267	ENST00000520127	LIG 2	ACY	YES	ENST00000285379	21,22,24,25
5FNK	ENSG00000104267	ENST00000522742	LIG 2	ACY	YES	ENST00000285379	21,22,24,25
5FNL	ENSG00000104267	ENST00000285379	LIG 2	GOL	YES	ENST00000285379	21,22,24,25
5FNL	ENSG00000104267	ENST00000520127	LIG 2	GOL	YES	ENST00000285379	21,22,24,25
5FNL	ENSG00000104267	ENST00000522742	LIG 2	GOL	YES	ENST00000285379	21,22,24,25
5FNL	ENSG00000104267	ENST00000285379	LIG 1	DMS	YES	ENST00000285379	7,242,244
5FNL	ENSG00000104267	ENST00000520127	LIG 1	DMS	NO	ENST00000285379	NA
5FNL	ENSG00000104267	ENST00000522742	LIG 1	DMS	NO	ENST00000285379	NA
5G0B	ENSG00000104267	ENST00000285379	LIG 2	GOL	YES	ENST00000285379	58,173,174
5G0B	ENSG00000104267	ENST00000520127	LIG 2	GOL	NO	ENST00000285379	NA
5G0B	ENSG00000104267	ENST00000522742	LIG 2	GOL	NO	ENST00000285379	NA
5G0C	ENSG00000104267	ENST00000285379	LIG 2	EOH	YES	ENST00000285379	112,114,148,150,151,187,189,214,216
5G0C	ENSG00000104267	ENST00000520127	LIG 2	EOH	NO	ENST00000285379	NA
5G0C	ENSG00000104267	ENST00000522742	LIG 2	EOH	NO	ENST00000285379	NA
5JMZ	ENSG00000104267	ENST00000285379	LIG 1	DMS	YES	ENST00000285379	242,244,246
5JMZ	ENSG00000104267	ENST00000520127	LIG 1	DMS	NO	ENST00000285379	NA
5JMZ	ENSG00000104267	ENST00000522742	LIG 1	DMS	NO	ENST00000285379	NA
5JN3	ENSG00000104267	ENST00000285379	LIG 1	DMS	YES	ENST00000285379	7,158,175,176,178,242,244,246
5JN3	ENSG00000104267	ENST00000520127	LIG 1	DMS	NO	ENST00000285379	NA
5JN3	ENSG00000104267	ENST00000522742	LIG 1	DMS	NO	ENST00000285379	NA
5JN7	ENSG00000104267	ENST00000285379	LIG 2	GOL	YES	ENST00000285379	62,64,65,67,92,94
5JN7	ENSG00000104267	ENST00000520127	LIG 2	GOL	NO	ENST00000285379	NA
5JN7	ENSG00000104267	ENST00000522742	LIG 2	GOL	NO	ENST00000285379	NA
5JN7	ENSG00000104267	ENST00000285379	LIG 3	DMS	YES	ENST00000285379	7,99,100,101,158,175,176,226,242,244,246
5JN7	ENSG00000104267	ENST00000520127	LIG 3	DMS	NO	ENST00000285379	NA
5JN7	ENSG00000104267	ENST00000522742	LIG 3	DMS	NO	ENST00000285379	NA
5L3O	ENSG00000104267	ENST00000285379	LIG 2	GOL	YES	ENST00000285379	4,7,11,15,16,18,19,62,65,67,92,94,96,199,242,244,246
5L3O	ENSG00000104267	ENST00000520127	LIG 2	GOL	NO	ENST00000285379	NA
5L3O	ENSG00000104267	ENST00000522742	LIG 2	GOL	NO	ENST00000285379	NA
5L6K	ENSG00000104267	ENST00000285379	LIG 8	DMS	YES	ENST00000285379	11,15,16,18,19
5L6K	ENSG00000104267	ENST00000520127	LIG 8	DMS	YES	ENST00000285379	11,15,16,18,19
5L6K	ENSG00000104267	ENST00000522742	LIG 8	DMS	YES	ENST00000285379	11,15,16,18,19
5L6K	ENSG00000104267	ENST00000285379	LIG 5	GOL	YES	ENST00000285379	62,64,65,67,69,92,130,199
5L6K	ENSG00000104267	ENST00000520127	LIG 5	GOL	NO	ENST00000285379	NA
5L6K	ENSG00000104267	ENST00000522742	LIG 5	GOL	NO	ENST00000285379	NA
5L6T	ENSG00000104267	ENST00000285379	LIG 2	GOL	YES	ENST00000285379	5,35,38,62,64,191,199,200,259,260
5L6T	ENSG00000104267	ENST00000520127	LIG 2	GOL	NO	ENST00000285379	NA
5L6T	ENSG00000104267	ENST00000522742	LIG 2	GOL	NO	ENST00000285379	NA
5L70	ENSG00000104267	ENST00000285379	LIG 2	GOL	YES	ENST00000285379	5,35,38,62,64,191,199,200,259,260
5L70	ENSG00000104267	ENST00000520127	LIG 2	GOL	NO	ENST00000285379	NA
5L70	ENSG00000104267	ENST00000522742	LIG 2	GOL	NO	ENST00000285379	NA
5L9E	ENSG00000104267	ENST00000285379	LIG 2	GOL	YES	ENST00000285379	62,65,67,92
5L9E	ENSG00000104267	ENST00000520127	LIG 2	GOL	NO	ENST00000285379	NA
5L9E	ENSG00000104267	ENST00000522742	LIG 2	GOL	NO	ENST00000285379	NA
5LJQ	ENSG00000104267	ENST00000285379	LIG 2	GOL	YES	ENST00000285379	62,64,65,67,92,94,199
5LJQ	ENSG00000104267	ENST00000520127	LIG 2	GOL	NO	ENST00000285379	NA
5LJQ	ENSG00000104267	ENST00000522742	LIG 2	GOL	NO	ENST00000285379	NA
5LJT	ENSG00000104267	ENST00000285379	LIG 2	GOL	YES	ENST00000285379	62,64,65,67,92,94,96
5LJT	ENSG00000104267	ENST00000520127	LIG 2	GOL	NO	ENST00000285379	NA
5LJT	ENSG00000104267	ENST00000522742	LIG 2	GOL	NO	ENST00000285379	NA
5LL4	ENSG00000104267	ENST00000285379	LIG 1	DMS	YES	ENST00000285379	7,242,244,246
5LL4	ENSG00000104267	ENST00000520127	LIG 1	DMS	NO	ENST00000285379	NA
5LL4	ENSG00000104267	ENST00000522742	LIG 1	DMS	NO	ENST00000285379	NA
5LL8	ENSG00000104267	ENST00000285379	LIG 1	GOL	YES	ENST00000285379	7,13,14,17,24,39,62,64,65,67,92,94,199,242,244,246,248,254,256
5LL8	ENSG00000104267	ENST00000520127	LIG 1	GOL	NO	ENST00000285379	NA
5LL8	ENSG00000104267	ENST00000522742	LIG 1	GOL	NO	ENST00000285379	NA
5LLC	ENSG00000104267	ENST00000285379	LIG 1	DMS	YES	ENST00000285379	91,130,242,244,246
5LLC	ENSG00000104267	ENST00000520127	LIG 1	DMS	NO	ENST00000285379	NA
5LLC	ENSG00000104267	ENST00000522742	LIG 1	DMS	NO	ENST00000285379	NA
5LLE	ENSG00000104267	ENST00000285379	LIG 3	DMS	YES	ENST00000285379	7,242,244,246
5LLE	ENSG00000104267	ENST00000520127	LIG 3	DMS	NO	ENST00000285379	NA
5LLE	ENSG00000104267	ENST00000522742	LIG 3	DMS	NO	ENST00000285379	NA
5LLG	ENSG00000104267	ENST00000285379	LIG 2	DMS	YES	ENST00000285379	7,91,92,130,242,244,246
5LLG	ENSG00000104267	ENST00000520127	LIG 2	DMS	NO	ENST00000285379	NA
5LLG	ENSG00000104267	ENST00000522742	LIG 2	DMS	NO	ENST00000285379	NA
5LLH	ENSG00000104267	ENST00000285379	LIG 2	DMS	YES	ENST00000285379	7,91,92,130,242,244,246
5LLH	ENSG00000104267	ENST00000520127	LIG 2	DMS	NO	ENST00000285379	NA
5LLH	ENSG00000104267	ENST00000522742	LIG 2	DMS	NO	ENST00000285379	NA
5LVS	ENSG00000104267	ENST00000285379	LIG 3	GOL	YES	ENST00000285379	5,7,13,20,35,38,62,64,65,67,92,191,199,200,201,242,244,246,259,260
5LVS	ENSG00000104267	ENST00000520127	LIG 3	GOL	NO	ENST00000285379	NA
5LVS	ENSG00000104267	ENST00000522742	LIG 3	GOL	NO	ENST00000285379	NA
5M78	ENSG00000104267	ENST00000285379	LIG 3	SAL	YES	ENST00000285379	92,94,121,130,197,198,199
5M78	ENSG00000104267	ENST00000520127	LIG 3	SAL	NO	ENST00000285379	NA
5M78	ENSG00000104267	ENST00000522742	LIG 3	SAL	NO	ENST00000285379	NA
5M78	ENSG00000104267	ENST00000285379	LIG 1	DMS	YES	ENST00000285379	7,242,244
5M78	ENSG00000104267	ENST00000520127	LIG 1	DMS	NO	ENST00000285379	NA
5M78	ENSG00000104267	ENST00000522742	LIG 1	DMS	NO	ENST00000285379	NA
5N1R	ENSG00000104267	ENST00000285379	LIG 1	GOL	YES	ENST00000285379	62,64,65,67,92,94,199
5N1R	ENSG00000104267	ENST00000520127	LIG 1	GOL	NO	ENST00000285379	NA
5N1R	ENSG00000104267	ENST00000522742	LIG 1	GOL	NO	ENST00000285379	NA
5N1S	ENSG00000104267	ENST00000285379	LIG 1	GOL	YES	ENST00000285379	62,64,65,67,92,94,199
5N1S	ENSG00000104267	ENST00000520127	LIG 1	GOL	NO	ENST00000285379	NA
5N1S	ENSG00000104267	ENST00000522742	LIG 1	GOL	NO	ENST00000285379	NA
5N24	ENSG00000104267	ENST00000285379	LIG 2	GOL	YES	ENST00000285379	62,64,65,67,92,94,199
5N24	ENSG00000104267	ENST00000520127	LIG 2	GOL	NO	ENST00000285379	NA
5N24	ENSG00000104267	ENST00000522742	LIG 2	GOL	NO	ENST00000285379	NA
5N25	ENSG00000104267	ENST00000285379	LIG 2	GOL	YES	ENST00000285379	62,64,65,67,92,94,199
5N25	ENSG00000104267	ENST00000520127	LIG 2	GOL	NO	ENST00000285379	NA
5N25	ENSG00000104267	ENST00000522742	LIG 2	GOL	NO	ENST00000285379	NA
5NEA	ENSG00000104267	ENST00000285379	LIG 2	GOL	YES	ENST00000285379	62,64,65,67,92,94,199
5NEA	ENSG00000104267	ENST00000520127	LIG 2	GOL	NO	ENST00000285379	NA
5NEA	ENSG00000104267	ENST00000522742	LIG 2	GOL	NO	ENST00000285379	NA
5NEE	ENSG00000104267	ENST00000285379	LIG 2	GOL	YES	ENST00000285379	62,64,65,67,92,94,199
5NEE	ENSG00000104267	ENST00000520127	LIG 2	GOL	NO	ENST00000285379	NA
5NEE	ENSG00000104267	ENST00000522742	LIG 2	GOL	NO	ENST00000285379	NA
5NXI	ENSG00000104267	ENST00000285379	LIG 2	CIT	YES	ENST00000285379	155,179,181,182
5NXI	ENSG00000104267	ENST00000520127	LIG 2	CIT	NO	ENST00000285379	NA
5NXI	ENSG00000104267	ENST00000522742	LIG 2	CIT	NO	ENST00000285379	NA
5SZ0	ENSG00000104267	ENST00000285379	LIG 1	DMS	YES	ENST00000285379	7,242,244,246
5SZ0	ENSG00000104267	ENST00000520127	LIG 1	DMS	NO	ENST00000285379	NA
5SZ0	ENSG00000104267	ENST00000522742	LIG 1	DMS	NO	ENST00000285379	NA
5SZ1	ENSG00000104267	ENST00000285379	LIG 2	DMS	YES	ENST00000285379	7,83,85,99,100,101,207,226,242,244
5SZ1	ENSG00000104267	ENST00000520127	LIG 2	DMS	NO	ENST00000285379	NA
5SZ1	ENSG00000104267	ENST00000522742	LIG 2	DMS	NO	ENST00000285379	NA
5SZ1	ENSG00000104267	ENST00000285379	LIG 1	GOL	YES	ENST00000285379	4,5,11,15,16,18,19,62,64,65,67,92,94,199
5SZ1	ENSG00000104267	ENST00000520127	LIG 1	GOL	NO	ENST00000285379	NA
5SZ1	ENSG00000104267	ENST00000522742	LIG 1	GOL	NO	ENST00000285379	NA
5SZ2	ENSG00000104267	ENST00000285379	LIG 1	DMS	YES	ENST00000285379	7,51,52,54,158,175,176,178,179,242,244,246
5SZ2	ENSG00000104267	ENST00000520127	LIG 1	DMS	NO	ENST00000285379	NA
5SZ2	ENSG00000104267	ENST00000522742	LIG 1	DMS	NO	ENST00000285379	NA
5SZ2	ENSG00000104267	ENST00000285379	LIG 2	GOL	YES	ENST00000285379	62,67,92
5SZ2	ENSG00000104267	ENST00000520127	LIG 2	GOL	NO	ENST00000285379	NA
5SZ2	ENSG00000104267	ENST00000522742	LIG 2	GOL	NO	ENST00000285379	NA
5SZ3	ENSG00000104267	ENST00000285379	LIG 1	DMS	YES	ENST00000285379	7,69,91,92,99,100,101,170,171,172,220,226,242,244,246
5SZ3	ENSG00000104267	ENST00000520127	LIG 1	DMS	NO	ENST00000285379	NA
5SZ3	ENSG00000104267	ENST00000522742	LIG 1	DMS	NO	ENST00000285379	NA
5SZ4	ENSG00000104267	ENST00000285379	LIG 1	DMS	YES	ENST00000285379	7,220,242,244,246
5SZ4	ENSG00000104267	ENST00000520127	LIG 1	DMS	NO	ENST00000285379	NA
5SZ4	ENSG00000104267	ENST00000522742	LIG 1	DMS	NO	ENST00000285379	NA
5SZ5	ENSG00000104267	ENST00000285379	LIG 1	DMS	YES	ENST00000285379	7,242,244
5SZ5	ENSG00000104267	ENST00000520127	LIG 1	DMS	NO	ENST00000285379	NA
5SZ5	ENSG00000104267	ENST00000522742	LIG 1	DMS	NO	ENST00000285379	NA
5SZ6	ENSG00000104267	ENST00000285379	LIG 3	DMS	YES	ENST00000285379	13,14,17,23,24,158,176,177,178
5SZ6	ENSG00000104267	ENST00000520127	LIG 3	DMS	NO	ENST00000285379	NA
5SZ6	ENSG00000104267	ENST00000522742	LIG 3	DMS	NO	ENST00000285379	NA
5SZ6	ENSG00000104267	ENST00000285379	LIG 2	GOL	YES	ENST00000285379	99,100,239,241
5SZ6	ENSG00000104267	ENST00000520127	LIG 2	GOL	NO	ENST00000285379	NA
5SZ6	ENSG00000104267	ENST00000522742	LIG 2	GOL	NO	ENST00000285379	NA
5SZ7	ENSG00000104267	ENST00000285379	LIG 2	DMS	YES	ENST00000285379	7,18,19,21,220,238,242,244,246
5SZ7	ENSG00000104267	ENST00000520127	LIG 2	DMS	NO	ENST00000285379	NA
5SZ7	ENSG00000104267	ENST00000522742	LIG 2	DMS	NO	ENST00000285379	NA
5T71	ENSG00000104267	ENST00000285379	LIG 3	TRS	YES	ENST00000285379	4,5,11,15,16,18,19,20,62,64,65,66,67,92,199
5T71	ENSG00000104267	ENST00000520127	LIG 3	TRS	NO	ENST00000285379	NA
5T71	ENSG00000104267	ENST00000522742	LIG 3	TRS	NO	ENST00000285379	NA
5T72	ENSG00000104267	ENST00000285379	LIG 3	TRS	YES	ENST00000285379	62,64,65,66,67,199
5T72	ENSG00000104267	ENST00000520127	LIG 3	TRS	NO	ENST00000285379	NA
5T72	ENSG00000104267	ENST00000522742	LIG 3	TRS	NO	ENST00000285379	NA
5T74	ENSG00000104267	ENST00000285379	LIG 2	TRS	YES	ENST00000285379	62,64,65,67,92,199
5T74	ENSG00000104267	ENST00000520127	LIG 2	TRS	NO	ENST00000285379	NA
5T74	ENSG00000104267	ENST00000522742	LIG 2	TRS	NO	ENST00000285379	NA
5TFX	ENSG00000104267	ENST00000285379	LIG 1	GOL	YES	ENST00000285379	62,64,65,67,92,94,199
5TFX	ENSG00000104267	ENST00000520127	LIG 1	GOL	NO	ENST00000285379	NA
5TFX	ENSG00000104267	ENST00000522742	LIG 1	GOL	NO	ENST00000285379	NA
5TH4	ENSG00000104267	ENST00000285379	LIG 3	DMS	YES	ENST00000285379	197,199,202,203
5TH4	ENSG00000104267	ENST00000520127	LIG 3	DMS	NO	ENST00000285379	NA
5TH4	ENSG00000104267	ENST00000522742	LIG 3	DMS	NO	ENST00000285379	NA
5TH4	ENSG00000104267	ENST00000285379	LIG 2	GOL	YES	ENST00000285379	7,242,244,246
5TH4	ENSG00000104267	ENST00000520127	LIG 2	GOL	NO	ENST00000285379	NA
5TH4	ENSG00000104267	ENST00000522742	LIG 2	GOL	NO	ENST00000285379	NA
5THI	ENSG00000104267	ENST00000285379	LIG 2	CIT	YES	ENST00000285379	132,136
5THI	ENSG00000104267	ENST00000520127	LIG 2	CIT	NO	ENST00000285379	NA
5THI	ENSG00000104267	ENST00000522742	LIG 2	CIT	NO	ENST00000285379	NA
5THI	ENSG00000104267	ENST00000285379	LIG 4	GOL	YES	ENST00000285379	7,35,36,38,39,242,244,246
5THI	ENSG00000104267	ENST00000520127	LIG 4	GOL	NO	ENST00000285379	NA
5THI	ENSG00000104267	ENST00000522742	LIG 4	GOL	NO	ENST00000285379	NA
5THJ	ENSG00000104267	ENST00000285379	LIG 3	DMS	YES	ENST00000285379	7,8,51,52,54,83,99,100,101,158,175,176,177,178,179,207,226,241,242,244,246
5THJ	ENSG00000104267	ENST00000520127	LIG 3	DMS	NO	ENST00000285379	NA
5THJ	ENSG00000104267	ENST00000522742	LIG 3	DMS	NO	ENST00000285379	NA
5THJ	ENSG00000104267	ENST00000285379	LIG 5	CIT	YES	ENST00000285379	111,113
5THJ	ENSG00000104267	ENST00000520127	LIG 5	CIT	NO	ENST00000285379	NA
5THJ	ENSG00000104267	ENST00000522742	LIG 5	CIT	NO	ENST00000285379	NA
5THJ	ENSG00000104267	ENST00000285379	LIG 4	GOL	YES	ENST00000285379	60,62,169,170
5THJ	ENSG00000104267	ENST00000520127	LIG 4	GOL	NO	ENST00000285379	NA
5THJ	ENSG00000104267	ENST00000522742	LIG 4	GOL	NO	ENST00000285379	NA
5THN	ENSG00000104267	ENST00000285379	LIG 2	CIT	YES	ENST00000285379	111,113
5THN	ENSG00000104267	ENST00000520127	LIG 2	CIT	NO	ENST00000285379	NA
5THN	ENSG00000104267	ENST00000522742	LIG 2	CIT	NO	ENST00000285379	NA
5THN	ENSG00000104267	ENST00000285379	LIG 3	GOL	YES	ENST00000285379	7,13,242,244,246
5THN	ENSG00000104267	ENST00000520127	LIG 3	GOL	NO	ENST00000285379	NA
5THN	ENSG00000104267	ENST00000522742	LIG 3	GOL	NO	ENST00000285379	NA
5TI0	ENSG00000104267	ENST00000285379	LIG 2	DMS	YES	ENST00000285379	7,13,134,140,197,199,201,202,203,242,244,246
5TI0	ENSG00000104267	ENST00000520127	LIG 2	DMS	NO	ENST00000285379	NA
5TI0	ENSG00000104267	ENST00000522742	LIG 2	DMS	NO	ENST00000285379	NA
5U0D	ENSG00000104267	ENST00000285379	LIG 2	GOL	YES	ENST00000285379	17,24
5U0D	ENSG00000104267	ENST00000520127	LIG 2	GOL	YES	ENST00000285379	17,24
5U0D	ENSG00000104267	ENST00000522742	LIG 2	GOL	YES	ENST00000285379	17,24
5U0E	ENSG00000104267	ENST00000285379	LIG 2	GOL	YES	ENST00000285379	112,114,148,214
5U0E	ENSG00000104267	ENST00000520127	LIG 2	GOL	NO	ENST00000285379	NA
5U0E	ENSG00000104267	ENST00000522742	LIG 2	GOL	NO	ENST00000285379	NA
5U0G	ENSG00000104267	ENST00000285379	LIG 2	GOL	YES	ENST00000285379	112,114,148,214
5U0G	ENSG00000104267	ENST00000520127	LIG 2	GOL	NO	ENST00000285379	NA
5U0G	ENSG00000104267	ENST00000522742	LIG 2	GOL	NO	ENST00000285379	NA
5ULN	ENSG00000104267	ENST00000285379	LIG 1	GOL	YES	ENST00000285379	62,64,65,67,92,94,199
5ULN	ENSG00000104267	ENST00000520127	LIG 1	GOL	NO	ENST00000285379	NA
5ULN	ENSG00000104267	ENST00000522742	LIG 1	GOL	NO	ENST00000285379	NA
5UMC	ENSG00000104267	ENST00000285379	LIG 1	GOL	YES	ENST00000285379	17,24,62,64,65,67,92,94,199
5UMC	ENSG00000104267	ENST00000520127	LIG 1	GOL	NO	ENST00000285379	NA
5UMC	ENSG00000104267	ENST00000522742	LIG 1	GOL	NO	ENST00000285379	NA
5W8B	ENSG00000104267	ENST00000285379	LIG 2	GOL	YES	ENST00000285379	7,242,244,246
5W8B	ENSG00000104267	ENST00000520127	LIG 2	GOL	NO	ENST00000285379	NA
5W8B	ENSG00000104267	ENST00000522742	LIG 2	GOL	NO	ENST00000285379	NA
5WEX	ENSG00000104267	ENST00000285379	LIG 3	DMS	YES	ENST00000285379	7,242,244
5WEX	ENSG00000104267	ENST00000520127	LIG 3	DMS	NO	ENST00000285379	NA
5WEX	ENSG00000104267	ENST00000522742	LIG 3	DMS	NO	ENST00000285379	NA
5WEX	ENSG00000104267	ENST00000285379	LIG 1	GOL	YES	ENST00000285379	62,64,65,67,92,94,199
5WEX	ENSG00000104267	ENST00000520127	LIG 1	GOL	NO	ENST00000285379	NA
5WEX	ENSG00000104267	ENST00000522742	LIG 1	GOL	NO	ENST00000285379	NA
5WG7	ENSG00000104267	ENST00000285379	LIG 2	GOL	YES	ENST00000285379	7,62,64,65,67,92,199,234,242,244,246
5WG7	ENSG00000104267	ENST00000520127	LIG 2	GOL	NO	ENST00000285379	NA
5WG7	ENSG00000104267	ENST00000522742	LIG 2	GOL	NO	ENST00000285379	NA
5WLR	ENSG00000104267	ENST00000285379	LIG 2	GOL	YES	ENST00000285379	7,64,65,92,94,96,199
5WLR	ENSG00000104267	ENST00000520127	LIG 2	GOL	NO	ENST00000285379	NA
5WLR	ENSG00000104267	ENST00000522742	LIG 2	GOL	NO	ENST00000285379	NA
5WLT	ENSG00000104267	ENST00000285379	LIG 2	GOL	YES	ENST00000285379	62,64,65,67,92,199
5WLT	ENSG00000104267	ENST00000520127	LIG 2	GOL	NO	ENST00000285379	NA
5WLT	ENSG00000104267	ENST00000522742	LIG 2	GOL	NO	ENST00000285379	NA
5WLV	ENSG00000104267	ENST00000285379	LIG 3	GOL	YES	ENST00000285379	62,64,65,67,92,199
5WLV	ENSG00000104267	ENST00000520127	LIG 3	GOL	NO	ENST00000285379	NA
5WLV	ENSG00000104267	ENST00000522742	LIG 3	GOL	NO	ENST00000285379	NA
5WLV	ENSG00000104267	ENST00000285379	LIG 2	DMS	YES	ENST00000285379	5,11,15,16,19,20
5WLV	ENSG00000104267	ENST00000520127	LIG 2	DMS	YES	ENST00000285379	5,11,15,16,19,20
5WLV	ENSG00000104267	ENST00000522742	LIG 2	DMS	YES	ENST00000285379	5,11,15,16,19,20
5Y2R	ENSG00000104267	ENST00000285379	LIG 2	GOL	YES	ENST00000285379	7,13,242,244,246
5Y2R	ENSG00000104267	ENST00000520127	LIG 2	GOL	NO	ENST00000285379	NA
5Y2R	ENSG00000104267	ENST00000522742	LIG 2	GOL	NO	ENST00000285379	NA
5Y2R	ENSG00000104267	ENST00000285379	LIG 1	CO2	YES	ENST00000285379	94,119,121,142,197,198,208
5Y2R	ENSG00000104267	ENST00000520127	LIG 1	CO2	NO	ENST00000285379	NA
5Y2R	ENSG00000104267	ENST00000522742	LIG 1	CO2	NO	ENST00000285379	NA
5Y2S	ENSG00000104267	ENST00000285379	LIG 1	CO2	YES	ENST00000285379	94,95,97,116,119,121,142,147,197,198,208,222,225
5Y2S	ENSG00000104267	ENST00000520127	LIG 1	CO2	NO	ENST00000285379	NA
5Y2S	ENSG00000104267	ENST00000522742	LIG 1	CO2	NO	ENST00000285379	NA
5Y2S	ENSG00000104267	ENST00000285379	LIG 2	GOL	YES	ENST00000285379	7,13,242,244,246
5Y2S	ENSG00000104267	ENST00000520127	LIG 2	GOL	NO	ENST00000285379	NA
5Y2S	ENSG00000104267	ENST00000522742	LIG 2	GOL	NO	ENST00000285379	NA
5YUI	ENSG00000104267	ENST00000285379	LIG 2	GOL	YES	ENST00000285379	7,13,242,244,246
5YUI	ENSG00000104267	ENST00000520127	LIG 2	GOL	NO	ENST00000285379	NA
5YUI	ENSG00000104267	ENST00000522742	LIG 2	GOL	NO	ENST00000285379	NA
5YUI	ENSG00000104267	ENST00000285379	LIG 1	CO2	YES	ENST00000285379	94,95,97,116,119,121,142,147,197,198,208,222,225
5YUI	ENSG00000104267	ENST00000520127	LIG 1	CO2	NO	ENST00000285379	NA
5YUI	ENSG00000104267	ENST00000522742	LIG 1	CO2	NO	ENST00000285379	NA
5YUJ	ENSG00000104267	ENST00000285379	LIG 1	GOL	YES	ENST00000285379	7,13,242,244,246
5YUJ	ENSG00000104267	ENST00000520127	LIG 1	GOL	NO	ENST00000285379	NA
5YUJ	ENSG00000104267	ENST00000522742	LIG 1	GOL	NO	ENST00000285379	NA
5YUK	ENSG00000104267	ENST00000285379	LIG 1	GOL	YES	ENST00000285379	7,242,244,246
5YUK	ENSG00000104267	ENST00000520127	LIG 1	GOL	NO	ENST00000285379	NA
5YUK	ENSG00000104267	ENST00000522742	LIG 1	GOL	NO	ENST00000285379	NA
6B4D	ENSG00000104267	ENST00000285379	LIG 1	DMS	YES	ENST00000285379	7,83,84,85,207,242,244
6B4D	ENSG00000104267	ENST00000520127	LIG 1	DMS	NO	ENST00000285379	NA
6B4D	ENSG00000104267	ENST00000522742	LIG 1	DMS	NO	ENST00000285379	NA
6B4D	ENSG00000104267	ENST00000285379	LIG 2	GOL	YES	ENST00000285379	100,101,226
6B4D	ENSG00000104267	ENST00000520127	LIG 2	GOL	NO	ENST00000285379	NA
6B4D	ENSG00000104267	ENST00000522742	LIG 2	GOL	NO	ENST00000285379	NA
6B59	ENSG00000104267	ENST00000285379	LIG 3	DMS	YES	ENST00000285379	5,11,15,16,19,20
6B59	ENSG00000104267	ENST00000520127	LIG 3	DMS	YES	ENST00000285379	5,11,15,16,19,20
6B59	ENSG00000104267	ENST00000522742	LIG 3	DMS	YES	ENST00000285379	5,11,15,16,19,20
6B59	ENSG00000104267	ENST00000285379	LIG 2	GOL	YES	ENST00000285379	62,64,65,67,92,199
6B59	ENSG00000104267	ENST00000520127	LIG 2	GOL	NO	ENST00000285379	NA
6B59	ENSG00000104267	ENST00000522742	LIG 2	GOL	NO	ENST00000285379	NA
6BBS	ENSG00000104267	ENST00000285379	LIG 1	BZ1	YES	ENST00000285379	92,94,96,119,130,197,198,199
6BBS	ENSG00000104267	ENST00000520127	LIG 1	BZ1	NO	ENST00000285379	NA
6BBS	ENSG00000104267	ENST00000522742	LIG 1	BZ1	NO	ENST00000285379	NA
6BC9	ENSG00000104267	ENST00000285379	LIG 1	ETS	YES	ENST00000285379	92,106,119,121,130,140,142,197,198,199,208
6BC9	ENSG00000104267	ENST00000520127	LIG 1	ETS	NO	ENST00000285379	NA
6BC9	ENSG00000104267	ENST00000522742	LIG 1	ETS	NO	ENST00000285379	NA
6CEH	ENSG00000104267	ENST00000285379	LIG 2	GOL	YES	ENST00000285379	62,64,65,67,92,94,199
6CEH	ENSG00000104267	ENST00000520127	LIG 2	GOL	NO	ENST00000285379	NA
6CEH	ENSG00000104267	ENST00000522742	LIG 2	GOL	NO	ENST00000285379	NA
6D1L	ENSG00000104267	ENST00000285379	LIG 1	GOL	YES	ENST00000285379	62,64,65,67,92,94,199
6D1L	ENSG00000104267	ENST00000520127	LIG 1	GOL	NO	ENST00000285379	NA
6D1L	ENSG00000104267	ENST00000522742	LIG 1	GOL	NO	ENST00000285379	NA
6D1M	ENSG00000104267	ENST00000285379	LIG 2	GOL	YES	ENST00000285379	62,64,65,67,92,94,199
6D1M	ENSG00000104267	ENST00000520127	LIG 2	GOL	NO	ENST00000285379	NA
6D1M	ENSG00000104267	ENST00000522742	LIG 2	GOL	NO	ENST00000285379	NA
6G3Q	ENSG00000104267	ENST00000285379	LIG 1	FO9	YES	ENST00000285379	96,119,130,131,142,197,198,199,201,208
6G3Q	ENSG00000104267	ENST00000520127	LIG 1	FO9	NO	ENST00000285379	NA
6G3Q	ENSG00000104267	ENST00000522742	LIG 1	FO9	NO	ENST00000285379	NA
6G3Q	ENSG00000104267	ENST00000285379	LIG 2	GOL	YES	ENST00000285379	7,62,64,65,94,199,243
6G3Q	ENSG00000104267	ENST00000520127	LIG 2	GOL	NO	ENST00000285379	NA
6G3Q	ENSG00000104267	ENST00000522742	LIG 2	GOL	NO	ENST00000285379	NA
6G6T	ENSG00000104267	ENST00000285379	LIG 1	DMS	YES	ENST00000285379	7,242,244,246
6G6T	ENSG00000104267	ENST00000520127	LIG 1	DMS	NO	ENST00000285379	NA
6G6T	ENSG00000104267	ENST00000522742	LIG 1	DMS	NO	ENST00000285379	NA
6GDC	ENSG00000104267	ENST00000285379	LIG 4	GLC	YES	ENST00000285379	158,175,176,177,178
6GDC	ENSG00000104267	ENST00000520127	LIG 4	GLC	NO	ENST00000285379	NA
6GDC	ENSG00000104267	ENST00000522742	LIG 4	GLC	NO	ENST00000285379	NA
6GM9	ENSG00000104267	ENST00000285379	LIG 4	GLC	YES	ENST00000285379	158,175,176,177,178
6GM9	ENSG00000104267	ENST00000520127	LIG 4	GLC	NO	ENST00000285379	NA
6GM9	ENSG00000104267	ENST00000522742	LIG 4	GLC	NO	ENST00000285379	NA
6GXE	ENSG00000104267	ENST00000285379	LIG 2	DMS	YES	ENST00000285379	7,242,244,246
6GXE	ENSG00000104267	ENST00000520127	LIG 2	DMS	NO	ENST00000285379	NA
6GXE	ENSG00000104267	ENST00000522742	LIG 2	DMS	NO	ENST00000285379	NA
6H2Z	ENSG00000104267	ENST00000285379	LIG 2	GOL	YES	ENST00000285379	7,62,64,65,67,92,94,199,242,244
6H2Z	ENSG00000104267	ENST00000520127	LIG 2	GOL	NO	ENST00000285379	NA
6H2Z	ENSG00000104267	ENST00000522742	LIG 2	GOL	NO	ENST00000285379	NA
6H34	ENSG00000104267	ENST00000285379	LIG 2	GOL	YES	ENST00000285379	62,64,65,67,92,94,199
6H34	ENSG00000104267	ENST00000520127	LIG 2	GOL	NO	ENST00000285379	NA
6H34	ENSG00000104267	ENST00000522742	LIG 2	GOL	NO	ENST00000285379	NA
6HZX	ENSG00000104267	ENST00000285379	LIG 2	GOL	YES	ENST00000285379	62,64,67,69,91,92,199
6HZX	ENSG00000104267	ENST00000520127	LIG 2	GOL	NO	ENST00000285379	NA
6HZX	ENSG00000104267	ENST00000522742	LIG 2	GOL	NO	ENST00000285379	NA
6I0W	ENSG00000104267	ENST00000285379	LIG 3	GLC	YES	ENST00000285379	158,175,176,177,178
6I0W	ENSG00000104267	ENST00000520127	LIG 3	GLC	NO	ENST00000285379	NA
6I0W	ENSG00000104267	ENST00000522742	LIG 3	GLC	NO	ENST00000285379	NA
6I1U	ENSG00000104267	ENST00000285379	LIG 3	GLC	YES	ENST00000285379	158,174,175,176,177,178
6I1U	ENSG00000104267	ENST00000520127	LIG 3	GLC	NO	ENST00000285379	NA
6I1U	ENSG00000104267	ENST00000522742	LIG 3	GLC	NO	ENST00000285379	NA
6I3E	ENSG00000104267	ENST00000285379	LIG 1	DMS	YES	ENST00000285379	7,83,85,207,242,244,246
6I3E	ENSG00000104267	ENST00000520127	LIG 1	DMS	NO	ENST00000285379	NA
6I3E	ENSG00000104267	ENST00000522742	LIG 1	DMS	NO	ENST00000285379	NA
6I3E	ENSG00000104267	ENST00000285379	LIG 3	CIT	YES	ENST00000285379	39
6I3E	ENSG00000104267	ENST00000520127	LIG 3	CIT	YES	ENST00000285379	39
6I3E	ENSG00000104267	ENST00000522742	LIG 3	CIT	YES	ENST00000285379	39
6KLZ	ENSG00000104267	ENST00000285379	LIG 1	GOL	YES	ENST00000285379	7,13,242,244,246
6KLZ	ENSG00000104267	ENST00000520127	LIG 1	GOL	NO	ENST00000285379	NA
6KLZ	ENSG00000104267	ENST00000522742	LIG 1	GOL	NO	ENST00000285379	NA
6KM0	ENSG00000104267	ENST00000285379	LIG 3	CO2	YES	ENST00000285379	95,97,116,147,222,225
6KM0	ENSG00000104267	ENST00000520127	LIG 3	CO2	NO	ENST00000285379	NA
6KM0	ENSG00000104267	ENST00000522742	LIG 3	CO2	NO	ENST00000285379	NA
6KM0	ENSG00000104267	ENST00000285379	LIG 1	GOL	YES	ENST00000285379	7,13,242,244,246
6KM0	ENSG00000104267	ENST00000520127	LIG 1	GOL	NO	ENST00000285379	NA
6KM0	ENSG00000104267	ENST00000522742	LIG 1	GOL	NO	ENST00000285379	NA
6KM1	ENSG00000104267	ENST00000285379	LIG 1	CO2	YES	ENST00000285379	95,97,116,147,222,225
6KM1	ENSG00000104267	ENST00000520127	LIG 1	CO2	NO	ENST00000285379	NA
6KM1	ENSG00000104267	ENST00000522742	LIG 1	CO2	NO	ENST00000285379	NA
6KM1	ENSG00000104267	ENST00000285379	LIG 2	GOL	YES	ENST00000285379	7,13,242,244,246
6KM1	ENSG00000104267	ENST00000520127	LIG 2	GOL	NO	ENST00000285379	NA
6KM1	ENSG00000104267	ENST00000522742	LIG 2	GOL	NO	ENST00000285379	NA
6KM2	ENSG00000104267	ENST00000285379	LIG 2	GOL	YES	ENST00000285379	7,13,242,244,246
6KM2	ENSG00000104267	ENST00000520127	LIG 2	GOL	NO	ENST00000285379	NA
6KM2	ENSG00000104267	ENST00000522742	LIG 2	GOL	NO	ENST00000285379	NA
6KM2	ENSG00000104267	ENST00000285379	LIG 1	CO2	YES	ENST00000285379	95,97,116,147,222,225
6KM2	ENSG00000104267	ENST00000520127	LIG 1	CO2	NO	ENST00000285379	NA
6KM2	ENSG00000104267	ENST00000522742	LIG 1	CO2	NO	ENST00000285379	NA
6KM3	ENSG00000104267	ENST00000285379	LIG 1	GOL	YES	ENST00000285379	7,13,242,244,246
6KM3	ENSG00000104267	ENST00000520127	LIG 1	GOL	NO	ENST00000285379	NA
6KM3	ENSG00000104267	ENST00000522742	LIG 1	GOL	NO	ENST00000285379	NA
6KM4	ENSG00000104267	ENST00000285379	LIG 1	CO2	YES	ENST00000285379	94,95,97,116,119,121,142,147,197,198,208,222,225
6KM4	ENSG00000104267	ENST00000520127	LIG 1	CO2	NO	ENST00000285379	NA
6KM4	ENSG00000104267	ENST00000522742	LIG 1	CO2	NO	ENST00000285379	NA
6KM4	ENSG00000104267	ENST00000285379	LIG 2	GOL	YES	ENST00000285379	7,13,242,244,246
6KM4	ENSG00000104267	ENST00000520127	LIG 2	GOL	NO	ENST00000285379	NA
6KM4	ENSG00000104267	ENST00000522742	LIG 2	GOL	NO	ENST00000285379	NA
6KM5	ENSG00000104267	ENST00000285379	LIG 1	CO2	YES	ENST00000285379	94,95,97,116,119,121,142,147,197,198,208,222,225
6KM5	ENSG00000104267	ENST00000520127	LIG 1	CO2	NO	ENST00000285379	NA
6KM5	ENSG00000104267	ENST00000522742	LIG 1	CO2	NO	ENST00000285379	NA
6KM5	ENSG00000104267	ENST00000285379	LIG 2	GOL	YES	ENST00000285379	7,13,242,244,246
6KM5	ENSG00000104267	ENST00000520127	LIG 2	GOL	NO	ENST00000285379	NA
6KM5	ENSG00000104267	ENST00000522742	LIG 2	GOL	NO	ENST00000285379	NA
6KM6	ENSG00000104267	ENST00000285379	LIG 1	CO2	YES	ENST00000285379	94,95,97,116,119,121,142,147,197,198,208,222,225
6KM6	ENSG00000104267	ENST00000520127	LIG 1	CO2	NO	ENST00000285379	NA
6KM6	ENSG00000104267	ENST00000522742	LIG 1	CO2	NO	ENST00000285379	NA
6KM6	ENSG00000104267	ENST00000285379	LIG 2	GOL	YES	ENST00000285379	7,13,242,244,246
6KM6	ENSG00000104267	ENST00000520127	LIG 2	GOL	NO	ENST00000285379	NA
6KM6	ENSG00000104267	ENST00000522742	LIG 2	GOL	NO	ENST00000285379	NA
6LUU	ENSG00000104267	ENST00000285379	LIG 1	GOL	YES	ENST00000285379	7,13,242,244,246
6LUU	ENSG00000104267	ENST00000520127	LIG 1	GOL	NO	ENST00000285379	NA
6LUU	ENSG00000104267	ENST00000522742	LIG 1	GOL	NO	ENST00000285379	NA
6LUV	ENSG00000104267	ENST00000285379	LIG 2	CO2	YES	ENST00000285379	94,95,97,116,119,121,147,197,198,208,222,225
6LUV	ENSG00000104267	ENST00000520127	LIG 2	CO2	NO	ENST00000285379	NA
6LUV	ENSG00000104267	ENST00000522742	LIG 2	CO2	NO	ENST00000285379	NA
6LUV	ENSG00000104267	ENST00000285379	LIG 1	GOL	YES	ENST00000285379	7,13,242,244,246
6LUV	ENSG00000104267	ENST00000520127	LIG 1	GOL	NO	ENST00000285379	NA
6LUV	ENSG00000104267	ENST00000522742	LIG 1	GOL	NO	ENST00000285379	NA
6LUW	ENSG00000104267	ENST00000285379	LIG 1	GOL	YES	ENST00000285379	7,13,242,244,246
6LUW	ENSG00000104267	ENST00000520127	LIG 1	GOL	NO	ENST00000285379	NA
6LUW	ENSG00000104267	ENST00000522742	LIG 1	GOL	NO	ENST00000285379	NA
6LUX	ENSG00000104267	ENST00000285379	LIG 1	CO2	YES	ENST00000285379	94,95,97,116,119,121,142,147,197,198,208,222,225
6LUX	ENSG00000104267	ENST00000520127	LIG 1	CO2	NO	ENST00000285379	NA
6LUX	ENSG00000104267	ENST00000522742	LIG 1	CO2	NO	ENST00000285379	NA
6LUX	ENSG00000104267	ENST00000285379	LIG 2	GOL	YES	ENST00000285379	7,13,242,244,246
6LUX	ENSG00000104267	ENST00000520127	LIG 2	GOL	NO	ENST00000285379	NA
6LUX	ENSG00000104267	ENST00000522742	LIG 2	GOL	NO	ENST00000285379	NA
6LUY	ENSG00000104267	ENST00000285379	LIG 1	GOL	YES	ENST00000285379	7,13,242,244,246
6LUY	ENSG00000104267	ENST00000520127	LIG 1	GOL	NO	ENST00000285379	NA
6LUY	ENSG00000104267	ENST00000522742	LIG 1	GOL	NO	ENST00000285379	NA
6LUZ	ENSG00000104267	ENST00000285379	LIG 2	GOL	YES	ENST00000285379	7,13,242,244,246
6LUZ	ENSG00000104267	ENST00000520127	LIG 2	GOL	NO	ENST00000285379	NA
6LUZ	ENSG00000104267	ENST00000522742	LIG 2	GOL	NO	ENST00000285379	NA
6LUZ	ENSG00000104267	ENST00000285379	LIG 1	CO2	YES	ENST00000285379	94,95,97,116,119,121,142,147,197,198,208,222,225
6LUZ	ENSG00000104267	ENST00000520127	LIG 1	CO2	NO	ENST00000285379	NA
6LUZ	ENSG00000104267	ENST00000522742	LIG 1	CO2	NO	ENST00000285379	NA
6LV1	ENSG00000104267	ENST00000285379	LIG 1	GOL	YES	ENST00000285379	7,13,242,244,246
6LV1	ENSG00000104267	ENST00000520127	LIG 1	GOL	NO	ENST00000285379	NA
6LV1	ENSG00000104267	ENST00000522742	LIG 1	GOL	NO	ENST00000285379	NA
6LV2	ENSG00000104267	ENST00000285379	LIG 2	GOL	YES	ENST00000285379	7,13,242,244,246
6LV2	ENSG00000104267	ENST00000520127	LIG 2	GOL	NO	ENST00000285379	NA
6LV2	ENSG00000104267	ENST00000522742	LIG 2	GOL	NO	ENST00000285379	NA
6LV2	ENSG00000104267	ENST00000285379	LIG 1	CO2	YES	ENST00000285379	95,97,116,147,222,225
6LV2	ENSG00000104267	ENST00000520127	LIG 1	CO2	NO	ENST00000285379	NA
6LV2	ENSG00000104267	ENST00000522742	LIG 1	CO2	NO	ENST00000285379	NA
6LV3	ENSG00000104267	ENST00000285379	LIG 1	GOL	YES	ENST00000285379	7,13,242,244,246
6LV3	ENSG00000104267	ENST00000520127	LIG 1	GOL	NO	ENST00000285379	NA
6LV3	ENSG00000104267	ENST00000522742	LIG 1	GOL	NO	ENST00000285379	NA
6LV4	ENSG00000104267	ENST00000285379	LIG 2	GOL	YES	ENST00000285379	7,13,242,244,246
6LV4	ENSG00000104267	ENST00000520127	LIG 2	GOL	NO	ENST00000285379	NA
6LV4	ENSG00000104267	ENST00000522742	LIG 2	GOL	NO	ENST00000285379	NA
6LV4	ENSG00000104267	ENST00000285379	LIG 1	CO2	YES	ENST00000285379	95,97,116,147,222,225
6LV4	ENSG00000104267	ENST00000520127	LIG 1	CO2	NO	ENST00000285379	NA
6LV4	ENSG00000104267	ENST00000522742	LIG 1	CO2	NO	ENST00000285379	NA
6LV5	ENSG00000104267	ENST00000285379	LIG 1	GOL	YES	ENST00000285379	7,13,242,244,246
6LV5	ENSG00000104267	ENST00000520127	LIG 1	GOL	NO	ENST00000285379	NA
6LV5	ENSG00000104267	ENST00000522742	LIG 1	GOL	NO	ENST00000285379	NA
6LV6	ENSG00000104267	ENST00000285379	LIG 2	GOL	YES	ENST00000285379	7,13,242,244,246
6LV6	ENSG00000104267	ENST00000520127	LIG 2	GOL	NO	ENST00000285379	NA
6LV6	ENSG00000104267	ENST00000522742	LIG 2	GOL	NO	ENST00000285379	NA
6LV6	ENSG00000104267	ENST00000285379	LIG 1	CO2	YES	ENST00000285379	95,97,116,147,222,225
6LV6	ENSG00000104267	ENST00000520127	LIG 1	CO2	NO	ENST00000285379	NA
6LV6	ENSG00000104267	ENST00000522742	LIG 1	CO2	NO	ENST00000285379	NA
6LV7	ENSG00000104267	ENST00000285379	LIG 1	GOL	YES	ENST00000285379	7,13,242,244,246
6LV7	ENSG00000104267	ENST00000520127	LIG 1	GOL	NO	ENST00000285379	NA
6LV7	ENSG00000104267	ENST00000522742	LIG 1	GOL	NO	ENST00000285379	NA
6LV8	ENSG00000104267	ENST00000285379	LIG 2	GOL	YES	ENST00000285379	7,13,242,244,246
6LV8	ENSG00000104267	ENST00000520127	LIG 2	GOL	NO	ENST00000285379	NA
6LV8	ENSG00000104267	ENST00000522742	LIG 2	GOL	NO	ENST00000285379	NA
6LV8	ENSG00000104267	ENST00000285379	LIG 1	CO2	YES	ENST00000285379	95,97,116,147,222,225
6LV8	ENSG00000104267	ENST00000520127	LIG 1	CO2	NO	ENST00000285379	NA
6LV8	ENSG00000104267	ENST00000522742	LIG 1	CO2	NO	ENST00000285379	NA
6LV9	ENSG00000104267	ENST00000285379	LIG 1	GOL	YES	ENST00000285379	7,13,242,244,246
6LV9	ENSG00000104267	ENST00000520127	LIG 1	GOL	NO	ENST00000285379	NA
6LV9	ENSG00000104267	ENST00000522742	LIG 1	GOL	NO	ENST00000285379	NA
6LVA	ENSG00000104267	ENST00000285379	LIG 2	GOL	YES	ENST00000285379	7,13,242,244,246
6LVA	ENSG00000104267	ENST00000520127	LIG 2	GOL	NO	ENST00000285379	NA
6LVA	ENSG00000104267	ENST00000522742	LIG 2	GOL	NO	ENST00000285379	NA
6LVA	ENSG00000104267	ENST00000285379	LIG 1	CO2	YES	ENST00000285379	95,97,116,147,222,225
6LVA	ENSG00000104267	ENST00000520127	LIG 1	CO2	NO	ENST00000285379	NA
6LVA	ENSG00000104267	ENST00000522742	LIG 1	CO2	NO	ENST00000285379	NA
6MBV	ENSG00000104267	ENST00000285379	LIG 2	GOL	YES	ENST00000285379	62,64,65,67,92,199
6MBV	ENSG00000104267	ENST00000520127	LIG 2	GOL	NO	ENST00000285379	NA
6MBV	ENSG00000104267	ENST00000522742	LIG 2	GOL	NO	ENST00000285379	NA
6MBV	ENSG00000104267	ENST00000285379	LIG 1	NIO	YES	ENST00000285379	92,94,130,197,198,199
6MBV	ENSG00000104267	ENST00000520127	LIG 1	NIO	NO	ENST00000285379	NA
6MBV	ENSG00000104267	ENST00000522742	LIG 1	NIO	NO	ENST00000285379	NA
6MBY	ENSG00000104267	ENST00000285379	LIG 3	DMS	YES	ENST00000285379	7,242,244
6MBY	ENSG00000104267	ENST00000520127	LIG 3	DMS	NO	ENST00000285379	NA
6MBY	ENSG00000104267	ENST00000522742	LIG 3	DMS	NO	ENST00000285379	NA
6MBY	ENSG00000104267	ENST00000285379	LIG 2	GOL	YES	ENST00000285379	62,64,65,67,92,199
6MBY	ENSG00000104267	ENST00000520127	LIG 2	GOL	NO	ENST00000285379	NA
6MBY	ENSG00000104267	ENST00000522742	LIG 2	GOL	NO	ENST00000285379	NA
6NLV	ENSG00000104267	ENST00000285379	LIG 2	DMS	YES	ENST00000285379	7,242,244,246
6NLV	ENSG00000104267	ENST00000520127	LIG 2	DMS	NO	ENST00000285379	NA
6NLV	ENSG00000104267	ENST00000522742	LIG 2	DMS	NO	ENST00000285379	NA
6NM0	ENSG00000104267	ENST00000285379	LIG 2	DMS	YES	ENST00000285379	7,242,244,246
6NM0	ENSG00000104267	ENST00000520127	LIG 2	DMS	NO	ENST00000285379	NA
6NM0	ENSG00000104267	ENST00000522742	LIG 2	DMS	NO	ENST00000285379	NA
6NM0	ENSG00000104267	ENST00000285379	LIG 3	GOL	YES	ENST00000285379	62,64,65,67,92,94,199
6NM0	ENSG00000104267	ENST00000520127	LIG 3	GOL	NO	ENST00000285379	NA
6NM0	ENSG00000104267	ENST00000522742	LIG 3	GOL	NO	ENST00000285379	NA
6ODZ	ENSG00000104267	ENST00000285379	LIG 2	GOL	YES	ENST00000285379	62,64,65,67,92,94,199
6ODZ	ENSG00000104267	ENST00000520127	LIG 2	GOL	NO	ENST00000285379	NA
6ODZ	ENSG00000104267	ENST00000522742	LIG 2	GOL	NO	ENST00000285379	NA
6OE0	ENSG00000104267	ENST00000285379	LIG 2	GOL	YES	ENST00000285379	62,65,67,92,96
6OE0	ENSG00000104267	ENST00000520127	LIG 2	GOL	NO	ENST00000285379	NA
6OE0	ENSG00000104267	ENST00000522742	LIG 2	GOL	NO	ENST00000285379	NA
6OE1	ENSG00000104267	ENST00000285379	LIG 1	GOL	YES	ENST00000285379	62,64,65,67,92,94,199
6OE1	ENSG00000104267	ENST00000520127	LIG 1	GOL	NO	ENST00000285379	NA
6OE1	ENSG00000104267	ENST00000522742	LIG 1	GOL	NO	ENST00000285379	NA
6OTI	ENSG00000104267	ENST00000285379	LIG 2	TRS	YES	ENST00000285379	4,10,11
6OTI	ENSG00000104267	ENST00000520127	LIG 2	TRS	YES	ENST00000285379	4,10,11
6OTI	ENSG00000104267	ENST00000522742	LIG 2	TRS	YES	ENST00000285379	4,10,11
6OTK	ENSG00000104267	ENST00000285379	LIG 2	GOL	YES	ENST00000285379	7,13,242,244,246
6OTK	ENSG00000104267	ENST00000520127	LIG 2	GOL	NO	ENST00000285379	NA
6OTK	ENSG00000104267	ENST00000522742	LIG 2	GOL	NO	ENST00000285379	NA
6OTM	ENSG00000104267	ENST00000285379	LIG 2	GOL	YES	ENST00000285379	4,7,10,11,13,242,244,246
6OTM	ENSG00000104267	ENST00000520127	LIG 2	GOL	NO	ENST00000285379	NA
6OTM	ENSG00000104267	ENST00000522742	LIG 2	GOL	NO	ENST00000285379	NA
6OTO	ENSG00000104267	ENST00000285379	LIG 3	DMS	YES	ENST00000285379	7,242,244
6OTO	ENSG00000104267	ENST00000520127	LIG 3	DMS	NO	ENST00000285379	NA
6OTO	ENSG00000104267	ENST00000522742	LIG 3	DMS	NO	ENST00000285379	NA
6OTQ	ENSG00000104267	ENST00000285379	LIG 2	DMS	YES	ENST00000285379	7,67,92,130,242,244,246
6OTQ	ENSG00000104267	ENST00000520127	LIG 2	DMS	NO	ENST00000285379	NA
6OTQ	ENSG00000104267	ENST00000522742	LIG 2	DMS	NO	ENST00000285379	NA
6OUB	ENSG00000104267	ENST00000285379	LIG 2	GOL	YES	ENST00000285379	7,9,13,62,64,65,67,92,94,199,238,242,244,246
6OUB	ENSG00000104267	ENST00000520127	LIG 2	GOL	NO	ENST00000285379	NA
6OUB	ENSG00000104267	ENST00000522742	LIG 2	GOL	NO	ENST00000285379	NA
6OUD	ENSG00000104267	ENST00000285379	LIG 2	GOL	YES	ENST00000285379	101,102,112,113,114,115,147,148,149
6OUD	ENSG00000104267	ENST00000520127	LIG 2	GOL	NO	ENST00000285379	NA
6OUD	ENSG00000104267	ENST00000522742	LIG 2	GOL	NO	ENST00000285379	NA
6OUD	ENSG00000104267	ENST00000285379	LIG 3	DMS	YES	ENST00000285379	7,242,244
6OUD	ENSG00000104267	ENST00000520127	LIG 3	DMS	NO	ENST00000285379	NA
6OUD	ENSG00000104267	ENST00000522742	LIG 3	DMS	NO	ENST00000285379	NA
6OUE	ENSG00000104267	ENST00000285379	LIG 2	GOL	YES	ENST00000285379	172,173,174
6OUE	ENSG00000104267	ENST00000520127	LIG 2	GOL	NO	ENST00000285379	NA
6OUE	ENSG00000104267	ENST00000522742	LIG 2	GOL	NO	ENST00000285379	NA
6OUF	ENSG00000104267	ENST00000285379	LIG 2	GOL	YES	ENST00000285379	7,13,242,244,246
6OUF	ENSG00000104267	ENST00000520127	LIG 2	GOL	NO	ENST00000285379	NA
6OUF	ENSG00000104267	ENST00000522742	LIG 2	GOL	NO	ENST00000285379	NA
6OUH	ENSG00000104267	ENST00000285379	LIG 2	GOL	YES	ENST00000285379	7,13,62,64,65,67,92,199,242,244,246
6OUH	ENSG00000104267	ENST00000520127	LIG 2	GOL	NO	ENST00000285379	NA
6OUH	ENSG00000104267	ENST00000522742	LIG 2	GOL	NO	ENST00000285379	NA
6OUI	ENSG00000104267	ENST00000285379	LIG 2	GOL	YES	ENST00000285379	7,13,91,92,101,102,113,114,115,148,149,194,242,244,246,253,254
6OUI	ENSG00000104267	ENST00000520127	LIG 2	GOL	NO	ENST00000285379	NA
6OUI	ENSG00000104267	ENST00000522742	LIG 2	GOL	NO	ENST00000285379	NA
6OUI	ENSG00000104267	ENST00000285379	LIG 3	DMS	YES	ENST00000285379	73,89,128,220
6OUI	ENSG00000104267	ENST00000520127	LIG 3	DMS	NO	ENST00000285379	NA
6OUI	ENSG00000104267	ENST00000522742	LIG 3	DMS	NO	ENST00000285379	NA
6OUJ	ENSG00000104267	ENST00000285379	LIG 2	DMS	YES	ENST00000285379	9,238
6OUJ	ENSG00000104267	ENST00000520127	LIG 2	DMS	NO	ENST00000285379	NA
6OUJ	ENSG00000104267	ENST00000522742	LIG 2	DMS	NO	ENST00000285379	NA
6OUJ	ENSG00000104267	ENST00000285379	LIG 1	GOL	YES	ENST00000285379	7,242,244,246
6OUJ	ENSG00000104267	ENST00000520127	LIG 1	GOL	NO	ENST00000285379	NA
6OUJ	ENSG00000104267	ENST00000522742	LIG 1	GOL	NO	ENST00000285379	NA
6OUK	ENSG00000104267	ENST00000285379	LIG 2	GOL	YES	ENST00000285379	7,13,62,65,67,92,94,242,244,246
6OUK	ENSG00000104267	ENST00000520127	LIG 2	GOL	NO	ENST00000285379	NA
6OUK	ENSG00000104267	ENST00000522742	LIG 2	GOL	NO	ENST00000285379	NA
6OUM	ENSG00000104267	ENST00000285379	LIG 2	GOL	YES	ENST00000285379	17,18,21,24
6OUM	ENSG00000104267	ENST00000520127	LIG 2	GOL	YES	ENST00000285379	17,18,21,24
6OUM	ENSG00000104267	ENST00000522742	LIG 2	GOL	YES	ENST00000285379	17,18,21,24
6PDV	ENSG00000104267	ENST00000285379	LIG 2	NO2	YES	ENST00000285379	94,96,119,197,198
6PDV	ENSG00000104267	ENST00000520127	LIG 2	NO2	NO	ENST00000285379	NA
6PDV	ENSG00000104267	ENST00000522742	LIG 2	NO2	NO	ENST00000285379	NA
6PDV	ENSG00000104267	ENST00000285379	LIG 1	TRS	YES	ENST00000285379	7,8,13,242,244,246
6PDV	ENSG00000104267	ENST00000520127	LIG 1	TRS	NO	ENST00000285379	NA
6PDV	ENSG00000104267	ENST00000522742	LIG 1	TRS	NO	ENST00000285379	NA
6PEA	ENSG00000104267	ENST00000285379	LIG 1	TRS	YES	ENST00000285379	7,13,242,244,246
6PEA	ENSG00000104267	ENST00000520127	LIG 1	TRS	NO	ENST00000285379	NA
6PEA	ENSG00000104267	ENST00000522742	LIG 1	TRS	NO	ENST00000285379	NA
6PGX	ENSG00000104267	ENST00000285379	LIG 2	GOL	YES	ENST00000285379	7,13,62,64,65,67,92,94,199,242,244,246
6PGX	ENSG00000104267	ENST00000520127	LIG 2	GOL	NO	ENST00000285379	NA
6PGX	ENSG00000104267	ENST00000522742	LIG 2	GOL	NO	ENST00000285379	NA
6QEB	ENSG00000104267	ENST00000285379	LIG 1	AZM	YES	ENST00000285379	94,119,243
6QEB	ENSG00000104267	ENST00000520127	LIG 1	AZM	NO	ENST00000285379	NA
6QEB	ENSG00000104267	ENST00000522742	LIG 1	AZM	NO	ENST00000285379	NA
6QL1	ENSG00000104267	ENST00000285379	LIG 1	DMS	YES	ENST00000285379	7,242,244,246
6QL1	ENSG00000104267	ENST00000520127	LIG 1	DMS	NO	ENST00000285379	NA
6QL1	ENSG00000104267	ENST00000522742	LIG 1	DMS	NO	ENST00000285379	NA
6QL2	ENSG00000104267	ENST00000285379	LIG 2	DMS	YES	ENST00000285379	7,242,244,246
6QL2	ENSG00000104267	ENST00000520127	LIG 2	DMS	NO	ENST00000285379	NA
6QL2	ENSG00000104267	ENST00000522742	LIG 2	DMS	NO	ENST00000285379	NA
6QL3	ENSG00000104267	ENST00000285379	LIG 2	DMS	YES	ENST00000285379	7,100,101,226,242,244,246
6QL3	ENSG00000104267	ENST00000520127	LIG 2	DMS	NO	ENST00000285379	NA
6QL3	ENSG00000104267	ENST00000522742	LIG 2	DMS	NO	ENST00000285379	NA
6QL3	ENSG00000104267	ENST00000285379	LIG 6	BEZ	YES	ENST00000285379	6,7,8,11,163,164,224,227,228,230,238
6QL3	ENSG00000104267	ENST00000520127	LIG 6	BEZ	NO	ENST00000285379	NA
6QL3	ENSG00000104267	ENST00000522742	LIG 6	BEZ	NO	ENST00000285379	NA
6R6F	ENSG00000104267	ENST00000285379	LIG 2	DMS	YES	ENST00000285379	7,242,244,246
6R6F	ENSG00000104267	ENST00000520127	LIG 2	DMS	NO	ENST00000285379	NA
6R6F	ENSG00000104267	ENST00000522742	LIG 2	DMS	NO	ENST00000285379	NA
6R6J	ENSG00000104267	ENST00000285379	LIG 1	DMS	YES	ENST00000285379	7,242,244,246
6R6J	ENSG00000104267	ENST00000520127	LIG 1	DMS	NO	ENST00000285379	NA
6R6J	ENSG00000104267	ENST00000522742	LIG 1	DMS	NO	ENST00000285379	NA
6RG3	ENSG00000104267	ENST00000285379	LIG 1	GOL	YES	ENST00000285379	62,64,65,67,92,94,199
6RG3	ENSG00000104267	ENST00000520127	LIG 1	GOL	NO	ENST00000285379	NA
6RG3	ENSG00000104267	ENST00000522742	LIG 1	GOL	NO	ENST00000285379	NA
6RG4	ENSG00000104267	ENST00000285379	LIG 1	GOL	YES	ENST00000285379	5,11,15,16,18,19,20,62,64,65,67,92,199
6RG4	ENSG00000104267	ENST00000520127	LIG 1	GOL	NO	ENST00000285379	NA
6RG4	ENSG00000104267	ENST00000522742	LIG 1	GOL	NO	ENST00000285379	NA
6RH4	ENSG00000104267	ENST00000285379	LIG 3	GLC	YES	ENST00000285379	158,175,176,177,178
6RH4	ENSG00000104267	ENST00000520127	LIG 3	GLC	NO	ENST00000285379	NA
6RH4	ENSG00000104267	ENST00000522742	LIG 3	GLC	NO	ENST00000285379	NA
6RHJ	ENSG00000104267	ENST00000285379	LIG 1	GOL	YES	ENST00000285379	7,13,242,244,246
6RHJ	ENSG00000104267	ENST00000520127	LIG 1	GOL	NO	ENST00000285379	NA
6RHJ	ENSG00000104267	ENST00000522742	LIG 1	GOL	NO	ENST00000285379	NA
6RHK	ENSG00000104267	ENST00000285379	LIG 2	GOL	YES	ENST00000285379	7,62,64,65,67,92,94,199,242,244,246
6RHK	ENSG00000104267	ENST00000520127	LIG 2	GOL	NO	ENST00000285379	NA
6RHK	ENSG00000104267	ENST00000522742	LIG 2	GOL	NO	ENST00000285379	NA
6RIG	ENSG00000104267	ENST00000285379	LIG 2	GLC	YES	ENST00000285379	158,175,176,177,178
6RIG	ENSG00000104267	ENST00000520127	LIG 2	GLC	NO	ENST00000285379	NA
6RIG	ENSG00000104267	ENST00000522742	LIG 2	GLC	NO	ENST00000285379	NA
6RIT	ENSG00000104267	ENST00000285379	LIG 4	GLC	YES	ENST00000285379	158,175,176,177,178
6RIT	ENSG00000104267	ENST00000520127	LIG 4	GLC	NO	ENST00000285379	NA
6RIT	ENSG00000104267	ENST00000522742	LIG 4	GLC	NO	ENST00000285379	NA
6RJJ	ENSG00000104267	ENST00000285379	LIG 4	GLC	YES	ENST00000285379	158,175,176,177,178
6RJJ	ENSG00000104267	ENST00000520127	LIG 4	GLC	NO	ENST00000285379	NA
6RJJ	ENSG00000104267	ENST00000522742	LIG 4	GLC	NO	ENST00000285379	NA
6RKN	ENSG00000104267	ENST00000285379	LIG 4	GLC	YES	ENST00000285379	158,175,176,177,178
6RKN	ENSG00000104267	ENST00000520127	LIG 4	GLC	NO	ENST00000285379	NA
6RKN	ENSG00000104267	ENST00000522742	LIG 4	GLC	NO	ENST00000285379	NA
6RL9	ENSG00000104267	ENST00000285379	LIG 1	SAN	YES	ENST00000285379	3,4,5,10,11,15,16,18,19,67,69,91,92,94,96,119,121,130,142,197,198,199,208
6RL9	ENSG00000104267	ENST00000520127	LIG 1	SAN	NO	ENST00000285379	NA
6RL9	ENSG00000104267	ENST00000522742	LIG 1	SAN	NO	ENST00000285379	NA
6RL9	ENSG00000104267	ENST00000285379	LIG 3	GLC	YES	ENST00000285379	158,175,176,177,178
6RL9	ENSG00000104267	ENST00000520127	LIG 3	GLC	NO	ENST00000285379	NA
6RL9	ENSG00000104267	ENST00000522742	LIG 3	GLC	NO	ENST00000285379	NA
6RM1	ENSG00000104267	ENST00000285379	LIG 2	DMS	YES	ENST00000285379	7,13,242,244,246
6RM1	ENSG00000104267	ENST00000520127	LIG 2	DMS	NO	ENST00000285379	NA
6RM1	ENSG00000104267	ENST00000522742	LIG 2	DMS	NO	ENST00000285379	NA
6RMP	ENSG00000104267	ENST00000285379	LIG 2	DMS	YES	ENST00000285379	7,13,242,244
6RMP	ENSG00000104267	ENST00000520127	LIG 2	DMS	NO	ENST00000285379	NA
6RMP	ENSG00000104267	ENST00000522742	LIG 2	DMS	NO	ENST00000285379	NA
6RMX	ENSG00000104267	ENST00000285379	LIG 3	BEZ	YES	ENST00000285379	163,164,167,224,227
6RMX	ENSG00000104267	ENST00000520127	LIG 3	BEZ	NO	ENST00000285379	NA
6RMX	ENSG00000104267	ENST00000522742	LIG 3	BEZ	NO	ENST00000285379	NA
6RMX	ENSG00000104267	ENST00000285379	LIG 2	DMS	YES	ENST00000285379	7,13,242,244,246
6RMX	ENSG00000104267	ENST00000520127	LIG 2	DMS	NO	ENST00000285379	NA
6RMX	ENSG00000104267	ENST00000522742	LIG 2	DMS	NO	ENST00000285379	NA
6RMY	ENSG00000104267	ENST00000285379	LIG 2	DMS	YES	ENST00000285379	7,13,242,244,246
6RMY	ENSG00000104267	ENST00000520127	LIG 2	DMS	NO	ENST00000285379	NA
6RMY	ENSG00000104267	ENST00000522742	LIG 2	DMS	NO	ENST00000285379	NA
6RNP	ENSG00000104267	ENST00000285379	LIG 4	GLC	YES	ENST00000285379	158,175,176,177,178
6RNP	ENSG00000104267	ENST00000520127	LIG 4	GLC	NO	ENST00000285379	NA
6RNP	ENSG00000104267	ENST00000522742	LIG 4	GLC	NO	ENST00000285379	NA
6ROB	ENSG00000104267	ENST00000285379	LIG 4	GLC	YES	ENST00000285379	158,175,176,177,178
6ROB	ENSG00000104267	ENST00000520127	LIG 4	GLC	NO	ENST00000285379	NA
6ROB	ENSG00000104267	ENST00000522742	LIG 4	GLC	NO	ENST00000285379	NA
6ROE	ENSG00000104267	ENST00000285379	LIG 2	GLC	YES	ENST00000285379	158,175,176,177,178
6ROE	ENSG00000104267	ENST00000520127	LIG 2	GLC	NO	ENST00000285379	NA
6ROE	ENSG00000104267	ENST00000522742	LIG 2	GLC	NO	ENST00000285379	NA
6ROF	ENSG00000104267	ENST00000285379	LIG 1	DMS	YES	ENST00000285379	7,242,244,246
6ROF	ENSG00000104267	ENST00000520127	LIG 1	DMS	NO	ENST00000285379	NA
6ROF	ENSG00000104267	ENST00000522742	LIG 1	DMS	NO	ENST00000285379	NA
6RQI	ENSG00000104267	ENST00000285379	LIG 3	GLC	YES	ENST00000285379	158,175,176,177,178
6RQI	ENSG00000104267	ENST00000520127	LIG 3	GLC	NO	ENST00000285379	NA
6RQI	ENSG00000104267	ENST00000522742	LIG 3	GLC	NO	ENST00000285379	NA
6RRG	ENSG00000104267	ENST00000285379	LIG 3	GLC	YES	ENST00000285379	158,175,176,177,178
6RRG	ENSG00000104267	ENST00000520127	LIG 3	GLC	NO	ENST00000285379	NA
6RRG	ENSG00000104267	ENST00000522742	LIG 3	GLC	NO	ENST00000285379	NA
6RRI	ENSG00000104267	ENST00000285379	LIG 3	GLC	YES	ENST00000285379	158,174,175,176,177,178
6RRI	ENSG00000104267	ENST00000520127	LIG 3	GLC	NO	ENST00000285379	NA
6RRI	ENSG00000104267	ENST00000522742	LIG 3	GLC	NO	ENST00000285379	NA
6RS5	ENSG00000104267	ENST00000285379	LIG 4	GLC	YES	ENST00000285379	158,175,176,177,178
6RS5	ENSG00000104267	ENST00000520127	LIG 4	GLC	NO	ENST00000285379	NA
6RS5	ENSG00000104267	ENST00000522742	LIG 4	GLC	NO	ENST00000285379	NA
6SAS	ENSG00000104267	ENST00000285379	LIG 1	DMS	YES	ENST00000285379	7,242,244
6SAS	ENSG00000104267	ENST00000520127	LIG 1	DMS	NO	ENST00000285379	NA
6SAS	ENSG00000104267	ENST00000522742	LIG 1	DMS	NO	ENST00000285379	NA
6SB7	ENSG00000104267	ENST00000285379	LIG 1	DMS	YES	ENST00000285379	7,242,244,246
6SB7	ENSG00000104267	ENST00000520127	LIG 1	DMS	NO	ENST00000285379	NA
6SB7	ENSG00000104267	ENST00000522742	LIG 1	DMS	NO	ENST00000285379	NA
6SB7	ENSG00000104267	ENST00000285379	LIG 3	TRS	YES	ENST00000285379	238
6SB7	ENSG00000104267	ENST00000520127	LIG 3	TRS	NO	ENST00000285379	NA
6SB7	ENSG00000104267	ENST00000522742	LIG 3	TRS	NO	ENST00000285379	NA
6SBH	ENSG00000104267	ENST00000285379	LIG 4	GLC	YES	ENST00000285379	158,174,175,176,177,178
6SBH	ENSG00000104267	ENST00000520127	LIG 4	GLC	NO	ENST00000285379	NA
6SBH	ENSG00000104267	ENST00000522742	LIG 4	GLC	NO	ENST00000285379	NA
6SBL	ENSG00000104267	ENST00000285379	LIG 1	DMS	YES	ENST00000285379	7,242,244,246
6SBL	ENSG00000104267	ENST00000520127	LIG 1	DMS	NO	ENST00000285379	NA
6SBL	ENSG00000104267	ENST00000522742	LIG 1	DMS	NO	ENST00000285379	NA
6SBM	ENSG00000104267	ENST00000285379	LIG 1	DMS	YES	ENST00000285379	7,242,244,246
6SBM	ENSG00000104267	ENST00000520127	LIG 1	DMS	NO	ENST00000285379	NA
6SBM	ENSG00000104267	ENST00000522742	LIG 1	DMS	NO	ENST00000285379	NA
6SDH	ENSG00000104267	ENST00000285379	LIG 1	DMS	YES	ENST00000285379	7,242,244
6SDH	ENSG00000104267	ENST00000520127	LIG 1	DMS	NO	ENST00000285379	NA
6SDH	ENSG00000104267	ENST00000522742	LIG 1	DMS	NO	ENST00000285379	NA
6SDI	ENSG00000104267	ENST00000285379	LIG 2	DMS	YES	ENST00000285379	7,242,244
6SDI	ENSG00000104267	ENST00000520127	LIG 2	DMS	NO	ENST00000285379	NA
6SDI	ENSG00000104267	ENST00000522742	LIG 2	DMS	NO	ENST00000285379	NA
6SDL	ENSG00000104267	ENST00000285379	LIG 1	DMS	YES	ENST00000285379	7,242,244,246
6SDL	ENSG00000104267	ENST00000520127	LIG 1	DMS	NO	ENST00000285379	NA
6SDL	ENSG00000104267	ENST00000522742	LIG 1	DMS	NO	ENST00000285379	NA
6SDS	ENSG00000104267	ENST00000285379	LIG 2	DMS	YES	ENST00000285379	7,242,244,246
6SDS	ENSG00000104267	ENST00000520127	LIG 2	DMS	NO	ENST00000285379	NA
6SDS	ENSG00000104267	ENST00000522742	LIG 2	DMS	NO	ENST00000285379	NA
6SEY	ENSG00000104267	ENST00000285379	LIG 3	GLC	YES	ENST00000285379	158,175,176,177,178
6SEY	ENSG00000104267	ENST00000520127	LIG 3	GLC	NO	ENST00000285379	NA
6SEY	ENSG00000104267	ENST00000522742	LIG 3	GLC	NO	ENST00000285379	NA
6SFQ	ENSG00000104267	ENST00000285379	LIG 1	DMS	YES	ENST00000285379	7,242,244,246
6SFQ	ENSG00000104267	ENST00000520127	LIG 1	DMS	NO	ENST00000285379	NA
6SFQ	ENSG00000104267	ENST00000522742	LIG 1	DMS	NO	ENST00000285379	NA
6SFU	ENSG00000104267	ENST00000285379	LIG 1	DMS	YES	ENST00000285379	7,242,244,246
6SFU	ENSG00000104267	ENST00000520127	LIG 1	DMS	NO	ENST00000285379	NA
6SFU	ENSG00000104267	ENST00000522742	LIG 1	DMS	NO	ENST00000285379	NA
6SG0	ENSG00000104267	ENST00000285379	LIG 2	FUN	YES	ENST00000285379	64,94,96,119,130,134,142,197,198,199,208
6SG0	ENSG00000104267	ENST00000520127	LIG 2	FUN	NO	ENST00000285379	NA
6SG0	ENSG00000104267	ENST00000522742	LIG 2	FUN	NO	ENST00000285379	NA
6SG6	ENSG00000104267	ENST00000285379	LIG 1	DMS	YES	ENST00000285379	7,242,244,246
6SG6	ENSG00000104267	ENST00000520127	LIG 1	DMS	NO	ENST00000285379	NA
6SG6	ENSG00000104267	ENST00000522742	LIG 1	DMS	NO	ENST00000285379	NA
6T9Z	ENSG00000104267	ENST00000285379	LIG 2	DMS	YES	ENST00000285379	4,5,11,15,16,19
6T9Z	ENSG00000104267	ENST00000520127	LIG 2	DMS	YES	ENST00000285379	4,5,11,15,16,19
6T9Z	ENSG00000104267	ENST00000522742	LIG 2	DMS	YES	ENST00000285379	4,5,11,15,16,19
6UFB	ENSG00000104267	ENST00000285379	LIG 1	GOL	YES	ENST00000285379	62,64,65,67,91,92,94,130,199
6UFB	ENSG00000104267	ENST00000520127	LIG 1	GOL	NO	ENST00000285379	NA
6UFB	ENSG00000104267	ENST00000522742	LIG 1	GOL	NO	ENST00000285379	NA
6UFC	ENSG00000104267	ENST00000285379	LIG 2	GOL	YES	ENST00000285379	62,64,65,67,92,94,199
6UFC	ENSG00000104267	ENST00000520127	LIG 2	GOL	NO	ENST00000285379	NA
6UFC	ENSG00000104267	ENST00000522742	LIG 2	GOL	NO	ENST00000285379	NA
6UFD	ENSG00000104267	ENST00000285379	LIG 1	GOL	YES	ENST00000285379	7,17,24,62,64,65,67,92,94,199,242,244,246
6UFD	ENSG00000104267	ENST00000520127	LIG 1	GOL	NO	ENST00000285379	NA
6UFD	ENSG00000104267	ENST00000522742	LIG 1	GOL	NO	ENST00000285379	NA
6UGP	ENSG00000104267	ENST00000285379	LIG 2	TRS	YES	ENST00000285379	7,13,242,244,246
6UGP	ENSG00000104267	ENST00000520127	LIG 2	TRS	NO	ENST00000285379	NA
6UGP	ENSG00000104267	ENST00000522742	LIG 2	TRS	NO	ENST00000285379	NA
6UX1	ENSG00000104267	ENST00000285379	LIG 2	SAL	YES	ENST00000285379	6,7,8,9,11,92,94,121,130,163,164,197,198,199,224,227,230,234,238
6UX1	ENSG00000104267	ENST00000520127	LIG 2	SAL	NO	ENST00000285379	NA
6UX1	ENSG00000104267	ENST00000522742	LIG 2	SAL	NO	ENST00000285379	NA
6UX1	ENSG00000104267	ENST00000285379	LIG 1	GOL	YES	ENST00000285379	62,64,65,67,92,199
6UX1	ENSG00000104267	ENST00000520127	LIG 1	GOL	NO	ENST00000285379	NA
6UX1	ENSG00000104267	ENST00000522742	LIG 1	GOL	NO	ENST00000285379	NA
6UX1	ENSG00000104267	ENST00000285379	LIG 3	TRS	YES	ENST00000285379	7,13,242,244,246
6UX1	ENSG00000104267	ENST00000520127	LIG 3	TRS	NO	ENST00000285379	NA
6UX1	ENSG00000104267	ENST00000522742	LIG 3	TRS	NO	ENST00000285379	NA
6VJ3	ENSG00000104267	ENST00000285379	LIG 2	GOL	YES	ENST00000285379	62,64,65,67,92,94,199
6VJ3	ENSG00000104267	ENST00000520127	LIG 2	GOL	NO	ENST00000285379	NA
6VJ3	ENSG00000104267	ENST00000522742	LIG 2	GOL	NO	ENST00000285379	NA
6WQ4	ENSG00000104267	ENST00000285379	LIG 1	TRS	YES	ENST00000285379	7,13,242,244,246
6WQ4	ENSG00000104267	ENST00000520127	LIG 1	TRS	NO	ENST00000285379	NA
6WQ4	ENSG00000104267	ENST00000522742	LIG 1	TRS	NO	ENST00000285379	NA
6WQ4	ENSG00000104267	ENST00000285379	LIG 3	GOL	YES	ENST00000285379	62,64,65,67,92,94,199
6WQ4	ENSG00000104267	ENST00000520127	LIG 3	GOL	NO	ENST00000285379	NA
6WQ4	ENSG00000104267	ENST00000522742	LIG 3	GOL	NO	ENST00000285379	NA
6WQ5	ENSG00000104267	ENST00000285379	LIG 1	TRS	YES	ENST00000285379	7,13,242,244,246
6WQ5	ENSG00000104267	ENST00000520127	LIG 1	TRS	NO	ENST00000285379	NA
6WQ5	ENSG00000104267	ENST00000522742	LIG 1	TRS	NO	ENST00000285379	NA
6WQ7	ENSG00000104267	ENST00000285379	LIG 1	TRS	YES	ENST00000285379	7,13,242,244,246
6WQ7	ENSG00000104267	ENST00000520127	LIG 1	TRS	NO	ENST00000285379	NA
6WQ7	ENSG00000104267	ENST00000522742	LIG 1	TRS	NO	ENST00000285379	NA
6WQ8	ENSG00000104267	ENST00000285379	LIG 3	GOL	YES	ENST00000285379	62,64,65,67,92,94,199
6WQ8	ENSG00000104267	ENST00000520127	LIG 3	GOL	NO	ENST00000285379	NA
6WQ8	ENSG00000104267	ENST00000522742	LIG 3	GOL	NO	ENST00000285379	NA
6WQ8	ENSG00000104267	ENST00000285379	LIG 1	TRS	YES	ENST00000285379	7,13,242,244,246
6WQ8	ENSG00000104267	ENST00000520127	LIG 1	TRS	NO	ENST00000285379	NA
6WQ8	ENSG00000104267	ENST00000522742	LIG 1	TRS	NO	ENST00000285379	NA
6WQ9	ENSG00000104267	ENST00000285379	LIG 3	GOL	YES	ENST00000285379	62,64,65,67,92,94,199
6WQ9	ENSG00000104267	ENST00000520127	LIG 3	GOL	NO	ENST00000285379	NA
6WQ9	ENSG00000104267	ENST00000522742	LIG 3	GOL	NO	ENST00000285379	NA
6WQ9	ENSG00000104267	ENST00000285379	LIG 1	TRS	YES	ENST00000285379	7,13,242,244,246
6WQ9	ENSG00000104267	ENST00000520127	LIG 1	TRS	NO	ENST00000285379	NA
6WQ9	ENSG00000104267	ENST00000522742	LIG 1	TRS	NO	ENST00000285379	NA
6YMA	ENSG00000104267	ENST00000285379	LIG 2	DMS	YES	ENST00000285379	62,64,67,94,96,199
6YMA	ENSG00000104267	ENST00000520127	LIG 2	DMS	NO	ENST00000285379	NA
6YMA	ENSG00000104267	ENST00000522742	LIG 2	DMS	NO	ENST00000285379	NA
6YMA	ENSG00000104267	ENST00000285379	LIG 1	AZM	YES	ENST00000285379	92,119,121,130,142,197,198,199,208
6YMA	ENSG00000104267	ENST00000520127	LIG 1	AZM	NO	ENST00000285379	NA
6YMA	ENSG00000104267	ENST00000522742	LIG 1	AZM	NO	ENST00000285379	NA
6YQT	ENSG00000104267	ENST00000285379	LIG 2	DMS	YES	ENST00000285379	7,13,242,244
6YQT	ENSG00000104267	ENST00000520127	LIG 2	DMS	NO	ENST00000285379	NA
6YQT	ENSG00000104267	ENST00000522742	LIG 2	DMS	NO	ENST00000285379	NA
6YQU	ENSG00000104267	ENST00000285379	LIG 2	GOL	YES	ENST00000285379	62,64,65,67,92,199
6YQU	ENSG00000104267	ENST00000520127	LIG 2	GOL	NO	ENST00000285379	NA
6YQU	ENSG00000104267	ENST00000522742	LIG 2	GOL	NO	ENST00000285379	NA
6YQU	ENSG00000104267	ENST00000285379	LIG 3	DMS	YES	ENST00000285379	7,233,234,242,244
6YQU	ENSG00000104267	ENST00000520127	LIG 3	DMS	NO	ENST00000285379	NA
6YQU	ENSG00000104267	ENST00000522742	LIG 3	DMS	NO	ENST00000285379	NA
1APZ	ENSG00000038002	ENST00000264595	LIG 3	ASP	YES	ENST00000264595	206,226,227,234,237,238,257,258,260
1APZ	ENSG00000038002	ENST00000510635	LIG 3	ASP	NO	ENST00000264595	NA
1APZ	ENSG00000038002	ENST00000502310	LIG 3	ASP	NO	ENST00000264595	NA
1AZ2	ENSG00000085662	ENST00000285930	LIG 2	CIT	YES	ENST00000285930	21,49,111,112,220,300
1AZ2	ENSG00000085662	ENST00000426422	LIG 2	CIT	NO	ENST00000285930	NA
1AZ2	ENSG00000085662	ENST00000434222	LIG 2	CIT	NO	ENST00000285930	NA
1X96	ENSG00000085662	ENST00000285930	LIG 2	CIT	YES	ENST00000285930	21,48,49,50,51,52,53,54,80,95,99,112,123,220,299
1X96	ENSG00000085662	ENST00000426422	LIG 2	CIT	NO	ENST00000285930	NA
1X96	ENSG00000085662	ENST00000434222	LIG 2	CIT	NO	ENST00000285930	NA
1X98	ENSG00000085662	ENST00000285930	LIG 2	CIT	YES	ENST00000285930	21,48,49,80,112,299
1X98	ENSG00000085662	ENST00000426422	LIG 2	CIT	NO	ENST00000285930	NA
1X98	ENSG00000085662	ENST00000434222	LIG 2	CIT	NO	ENST00000285930	NA
2ACS	ENSG00000085662	ENST00000285930	LIG 2	CIT	YES	ENST00000285930	21,48,49,80,111,112,123
2ACS	ENSG00000085662	ENST00000426422	LIG 2	CIT	NO	ENST00000285930	NA
2ACS	ENSG00000085662	ENST00000434222	LIG 2	CIT	YES	ENST00000285930	21,48,49,80,111,112,123
2ACU	ENSG00000085662	ENST00000285930	LIG 2	CIT	YES	ENST00000285930	21,48,49,80,111,112,123,220,299
2ACU	ENSG00000085662	ENST00000426422	LIG 2	CIT	NO	ENST00000285930	NA
2ACU	ENSG00000085662	ENST00000434222	LIG 2	CIT	NO	ENST00000285930	NA
2AGT	ENSG00000085662	ENST00000285930	LIG 3	CIT	YES	ENST00000285930	47,50,51,52,53,54,95,99
2AGT	ENSG00000085662	ENST00000426422	LIG 3	CIT	NO	ENST00000285930	NA
2AGT	ENSG00000085662	ENST00000434222	LIG 3	CIT	YES	ENST00000285930	47,50,51,52,53,54,95,99
2I16	ENSG00000085662	ENST00000285930	LIG 3	CIT	YES	ENST00000285930	47,50,51,52,53,54,95,99,163,164,195,196
2I16	ENSG00000085662	ENST00000426422	LIG 3	CIT	NO	ENST00000285930	NA
2I16	ENSG00000085662	ENST00000434222	LIG 3	CIT	YES	ENST00000285930	47,50,51,52,53,54,95,99,163,164,195,196
2I17	ENSG00000085662	ENST00000285930	LIG 3	CIT	YES	ENST00000285930	47,50,51,52,53,54,95,99,163,164,195,196
2I17	ENSG00000085662	ENST00000426422	LIG 3	CIT	NO	ENST00000285930	NA
2I17	ENSG00000085662	ENST00000434222	LIG 3	CIT	YES	ENST00000285930	47,50,51,52,53,54,95,99,163,164,195,196
2INE	ENSG00000085662	ENST00000285930	LIG 2	PAC	YES	ENST00000285930	21,49,112
2INE	ENSG00000085662	ENST00000426422	LIG 2	PAC	NO	ENST00000285930	NA
2INE	ENSG00000085662	ENST00000434222	LIG 2	PAC	YES	ENST00000285930	21,49,112
2IQD	ENSG00000085662	ENST00000285930	LIG 2	LPA	YES	ENST00000285930	21,48,49,112
2IQD	ENSG00000085662	ENST00000426422	LIG 2	LPA	NO	ENST00000285930	NA
2IQD	ENSG00000085662	ENST00000434222	LIG 2	LPA	YES	ENST00000285930	21,48,49,112
2ISF	ENSG00000085662	ENST00000285930	LIG 2	PAC	YES	ENST00000285930	21,48,49,112
2ISF	ENSG00000085662	ENST00000426422	LIG 2	PAC	NO	ENST00000285930	NA
2ISF	ENSG00000085662	ENST00000434222	LIG 2	PAC	YES	ENST00000285930	21,48,49,112
2PEV	ENSG00000085662	ENST00000285930	LIG 4	CIT	YES	ENST00000285930	47,50,51,52,53,54,95,99
2PEV	ENSG00000085662	ENST00000426422	LIG 4	CIT	NO	ENST00000285930	NA
2PEV	ENSG00000085662	ENST00000434222	LIG 4	CIT	YES	ENST00000285930	47,50,51,52,53,54,95,99
2PF8	ENSG00000085662	ENST00000285930	LIG 4	CIT	YES	ENST00000285930	47,50,51,52,53,54,95,99,163,164,195,196,315,316
2PF8	ENSG00000085662	ENST00000426422	LIG 4	CIT	NO	ENST00000285930	NA
2PF8	ENSG00000085662	ENST00000434222	LIG 4	CIT	YES	ENST00000285930	47,50,51,52,53,54,95,99,163,164,195,196,260,261
2PFH	ENSG00000085662	ENST00000285930	LIG 4	CIT	YES	ENST00000285930	47,50,51,52,53,54,95,99,163,164,195,196
2PFH	ENSG00000085662	ENST00000426422	LIG 4	CIT	NO	ENST00000285930	NA
2PFH	ENSG00000085662	ENST00000434222	LIG 4	CIT	YES	ENST00000285930	47,50,51,52,53,54,95,99,163,164,195,196
2QXW	ENSG00000085662	ENST00000285930	LIG 3	CIT	YES	ENST00000285930	47,50,51,52,53,54,95,99,163,164,195,196
2QXW	ENSG00000085662	ENST00000426422	LIG 3	CIT	NO	ENST00000285930	NA
2QXW	ENSG00000085662	ENST00000434222	LIG 3	CIT	YES	ENST00000285930	47,50,51,52,53,54,95,99,163,164,195,196
3GHR	ENSG00000085662	ENST00000285930	LIG 3	CIT	YES	ENST00000285930	47,50,51,52,53,54,95,99
3GHR	ENSG00000085662	ENST00000426422	LIG 3	CIT	NO	ENST00000285930	NA
3GHR	ENSG00000085662	ENST00000434222	LIG 3	CIT	YES	ENST00000285930	47,50,51,52,53,54,95,99
3GHS	ENSG00000085662	ENST00000285930	LIG 3	CIT	YES	ENST00000285930	47,50,51,52,53,54,95,99
3GHS	ENSG00000085662	ENST00000426422	LIG 3	CIT	NO	ENST00000285930	NA
3GHS	ENSG00000085662	ENST00000434222	LIG 3	CIT	YES	ENST00000285930	47,50,51,52,53,54,95,99
3GHT	ENSG00000085662	ENST00000285930	LIG 3	CIT	YES	ENST00000285930	50,51,52,53,54,95,99
3GHT	ENSG00000085662	ENST00000426422	LIG 3	CIT	NO	ENST00000285930	NA
3GHT	ENSG00000085662	ENST00000434222	LIG 3	CIT	YES	ENST00000285930	50,51,52,53,54,95,99
3GHU	ENSG00000085662	ENST00000285930	LIG 3	CIT	YES	ENST00000285930	50,51,52,53,54,95,99
3GHU	ENSG00000085662	ENST00000426422	LIG 3	CIT	NO	ENST00000285930	NA
3GHU	ENSG00000085662	ENST00000434222	LIG 3	CIT	YES	ENST00000285930	50,51,52,53,54,95,99
3LBO	ENSG00000085662	ENST00000285930	LIG 3	CIT	YES	ENST00000285930	47,50,51,52,53,54,95,99
3LBO	ENSG00000085662	ENST00000426422	LIG 3	CIT	NO	ENST00000285930	NA
3LBO	ENSG00000085662	ENST00000434222	LIG 3	CIT	YES	ENST00000285930	47,50,51,52,53,54,95,99
3LD5	ENSG00000085662	ENST00000285930	LIG 3	CIT	YES	ENST00000285930	47,50,51,52,53,54,95,99
3LD5	ENSG00000085662	ENST00000426422	LIG 3	CIT	NO	ENST00000285930	NA
3LD5	ENSG00000085662	ENST00000434222	LIG 3	CIT	YES	ENST00000285930	47,50,51,52,53,54,95,99
3LEP	ENSG00000085662	ENST00000285930	LIG 3	CIT	YES	ENST00000285930	50,51,52,53,54,95,99
3LEP	ENSG00000085662	ENST00000426422	LIG 3	CIT	NO	ENST00000285930	NA
3LEP	ENSG00000085662	ENST00000434222	LIG 3	CIT	YES	ENST00000285930	50,51,52,53,54,95,99
3LQL	ENSG00000085662	ENST00000285930	LIG 3	CIT	YES	ENST00000285930	47,50,51,52,53,54,95,99
3LQL	ENSG00000085662	ENST00000426422	LIG 3	CIT	NO	ENST00000285930	NA
3LQL	ENSG00000085662	ENST00000434222	LIG 3	CIT	YES	ENST00000285930	47,50,51,52,53,54,95,99
3LZ3	ENSG00000085662	ENST00000285930	LIG 3	CIT	YES	ENST00000285930	47,50,51,52,53,54,95,99
3LZ3	ENSG00000085662	ENST00000426422	LIG 3	CIT	NO	ENST00000285930	NA
3LZ3	ENSG00000085662	ENST00000434222	LIG 3	CIT	YES	ENST00000285930	47,50,51,52,53,54,95,99
3LZ5	ENSG00000085662	ENST00000285930	LIG 3	CIT	YES	ENST00000285930	47,50,51,52,53,54,95,99
3LZ5	ENSG00000085662	ENST00000426422	LIG 3	CIT	NO	ENST00000285930	NA
3LZ5	ENSG00000085662	ENST00000434222	LIG 3	CIT	YES	ENST00000285930	47,50,51,52,53,54,95,99
3M4H	ENSG00000085662	ENST00000285930	LIG 3	CIT	YES	ENST00000285930	47,50,51,52,53,54,95,99
3M4H	ENSG00000085662	ENST00000426422	LIG 3	CIT	NO	ENST00000285930	NA
3M4H	ENSG00000085662	ENST00000434222	LIG 3	CIT	YES	ENST00000285930	47,50,51,52,53,54,95,99
3ONB	ENSG00000085662	ENST00000285930	LIG 3	CIT	YES	ENST00000285930	50,51,52,53,54,95,99
3ONB	ENSG00000085662	ENST00000426422	LIG 3	CIT	NO	ENST00000285930	NA
3ONB	ENSG00000085662	ENST00000434222	LIG 3	CIT	YES	ENST00000285930	50,51,52,53,54,95,99
3ONC	ENSG00000085662	ENST00000285930	LIG 3	CIT	YES	ENST00000285930	47,50,51,52,53,54,95,99
3ONC	ENSG00000085662	ENST00000426422	LIG 3	CIT	NO	ENST00000285930	NA
3ONC	ENSG00000085662	ENST00000434222	LIG 3	CIT	YES	ENST00000285930	47,50,51,52,53,54,95,99
3Q65	ENSG00000085662	ENST00000285930	LIG 3	GOL	YES	ENST00000285930	3,14,15,16,39,40,41,42,274,277
3Q65	ENSG00000085662	ENST00000426422	LIG 3	GOL	NO	ENST00000285930	NA
3Q65	ENSG00000085662	ENST00000434222	LIG 3	GOL	NO	ENST00000285930	NA
3S3G	ENSG00000085662	ENST00000285930	LIG 2	TLT	YES	ENST00000285930	21,49,112,123,220
3S3G	ENSG00000085662	ENST00000426422	LIG 2	TLT	NO	ENST00000285930	NA
3S3G	ENSG00000085662	ENST00000434222	LIG 2	TLT	YES	ENST00000285930	21,49,112,123,220
3T42	ENSG00000085662	ENST00000285930	LIG 3	CIT	YES	ENST00000285930	50,51,52,53,54,95,99
3T42	ENSG00000085662	ENST00000426422	LIG 3	CIT	NO	ENST00000285930	NA
3T42	ENSG00000085662	ENST00000434222	LIG 3	CIT	YES	ENST00000285930	50,51,52,53,54,95,99
3U2C	ENSG00000085662	ENST00000285930	LIG 5	SUZ	YES	ENST00000285930	21,48,49,123,220,299,303
3U2C	ENSG00000085662	ENST00000426422	LIG 5	SUZ	NO	ENST00000285930	NA
3U2C	ENSG00000085662	ENST00000434222	LIG 5	SUZ	NO	ENST00000285930	NA
3U2C	ENSG00000085662	ENST00000285930	LIG 4	CIT	YES	ENST00000285930	220,299,300,301,302,303
3U2C	ENSG00000085662	ENST00000426422	LIG 4	CIT	NO	ENST00000285930	NA
3U2C	ENSG00000085662	ENST00000434222	LIG 4	CIT	NO	ENST00000285930	NA
3V35	ENSG00000085662	ENST00000285930	LIG 2	NTI	YES	ENST00000285930	21,48,80,111,112,123,219,220
3V35	ENSG00000085662	ENST00000426422	LIG 2	NTI	NO	ENST00000285930	NA
3V35	ENSG00000085662	ENST00000434222	LIG 2	NTI	YES	ENST00000285930	21,48,80,111,112,123,219,220
6F7R	ENSG00000085662	ENST00000285930	LIG 2	CIT	YES	ENST00000285930	21,47,49,50,51,52,53,54,80,95,99,112,123,299
6F7R	ENSG00000085662	ENST00000426422	LIG 2	CIT	NO	ENST00000285930	NA
6F7R	ENSG00000085662	ENST00000434222	LIG 2	CIT	NO	ENST00000285930	NA
6F81	ENSG00000085662	ENST00000285930	LIG 2	CIT	YES	ENST00000285930	21,49,50,51,52,53,54,80,95,99,112,123
6F81	ENSG00000085662	ENST00000426422	LIG 2	CIT	NO	ENST00000285930	NA
6F81	ENSG00000085662	ENST00000434222	LIG 2	CIT	YES	ENST00000285930	21,49,50,51,52,53,54,80,95,99,112,123
6F82	ENSG00000085662	ENST00000285930	LIG 2	CIT	YES	ENST00000285930	21,49,50,51,52,53,54,80,95,99,112,123
6F82	ENSG00000085662	ENST00000426422	LIG 2	CIT	NO	ENST00000285930	NA
6F82	ENSG00000085662	ENST00000434222	LIG 2	CIT	YES	ENST00000285930	21,49,50,51,52,53,54,80,95,99,112,123
6F84	ENSG00000085662	ENST00000285930	LIG 2	CIT	YES	ENST00000285930	21,49,50,51,52,53,54,80,95,99,111,112,220,299
6F84	ENSG00000085662	ENST00000426422	LIG 2	CIT	NO	ENST00000285930	NA
6F84	ENSG00000085662	ENST00000434222	LIG 2	CIT	NO	ENST00000285930	NA
1AZM	ENSG00000133742	ENST00000431316	LIG 1	AZM	YES	ENST00000523953,ENST00000542576,ENST00000431316,ENST00000523022	92,95,97,120,199,200,201,210
1AZM	ENSG00000133742	ENST00000522389	LIG 1	AZM	NO	ENST00000523953,ENST00000542576,ENST00000431316,ENST00000523022	NA
1AZM	ENSG00000133742	ENST00000522579	LIG 1	AZM	NO	ENST00000523953,ENST00000542576,ENST00000431316,ENST00000523022	NA
1AZM	ENSG00000133742	ENST00000524324	LIG 1	AZM	YES	ENST00000523953,ENST00000542576,ENST00000431316,ENST00000523022	26,29,31,54,133,134,135,144
1AZM	ENSG00000133742	ENST00000521679	LIG 1	AZM	YES	ENST00000523953,ENST00000542576,ENST00000431316,ENST00000523022	28,31,33,56,135,136,137,146
1AZM	ENSG00000133742	ENST00000519129	LIG 1	AZM	NO	ENST00000523953,ENST00000542576,ENST00000431316,ENST00000523022	NA
1AZM	ENSG00000133742	ENST00000523022	LIG 1	AZM	YES	ENST00000523953,ENST00000542576,ENST00000431316,ENST00000523022	92,95,97,120,199,200,201,210
1AZM	ENSG00000133742	ENST00000517590	LIG 1	AZM	NO	ENST00000523953,ENST00000542576,ENST00000431316,ENST00000523022	NA
1AZM	ENSG00000133742	ENST00000522662	LIG 1	AZM	NO	ENST00000523953,ENST00000542576,ENST00000431316,ENST00000523022	NA
1AZM	ENSG00000133742	ENST00000521846	LIG 1	AZM	NO	ENST00000523953,ENST00000542576,ENST00000431316,ENST00000523022	NA
1AZM	ENSG00000133742	ENST00000519991	LIG 1	AZM	NO	ENST00000523953,ENST00000542576,ENST00000431316,ENST00000523022	NA
1AZM	ENSG00000133742	ENST00000520663	LIG 1	AZM	NO	ENST00000523953,ENST00000542576,ENST00000431316,ENST00000523022	NA
1AZM	ENSG00000133742	ENST00000523953	LIG 1	AZM	YES	ENST00000523953,ENST00000542576,ENST00000431316,ENST00000523022	92,95,97,120,199,200,201,210
1AZM	ENSG00000133742	ENST00000517429	LIG 1	AZM	NO	ENST00000523953,ENST00000542576,ENST00000431316,ENST00000523022	NA
1AZM	ENSG00000133742	ENST00000522814	LIG 1	AZM	NO	ENST00000523953,ENST00000542576,ENST00000431316,ENST00000523022	NA
1AZM	ENSG00000133742	ENST00000517618	LIG 1	AZM	YES	ENST00000523953,ENST00000542576,ENST00000431316,ENST00000523022	92,95,97,120,199,200,201,210
1AZM	ENSG00000133742	ENST00000523858	LIG 1	AZM	NO	ENST00000523953,ENST00000542576,ENST00000431316,ENST00000523022	NA
1AZM	ENSG00000133742	ENST00000542576	LIG 1	AZM	YES	ENST00000523953,ENST00000542576,ENST00000431316,ENST00000523022	92,95,97,120,199,200,201,210
1AZM	ENSG00000133742	ENST00000626824	LIG 1	AZM	NO	ENST00000523953,ENST00000542576,ENST00000431316,ENST00000523022	NA
1BZM	ENSG00000133742	ENST00000431316	LIG 1	MZM	YES	ENST00000542576,ENST00000431316,ENST00000523953,ENST00000523022	92,95,97,120,199,200,201,202,210
1BZM	ENSG00000133742	ENST00000522389	LIG 1	MZM	NO	ENST00000542576,ENST00000431316,ENST00000523953,ENST00000523022	NA
1BZM	ENSG00000133742	ENST00000522579	LIG 1	MZM	NO	ENST00000542576,ENST00000431316,ENST00000523953,ENST00000523022	NA
1BZM	ENSG00000133742	ENST00000524324	LIG 1	MZM	YES	ENST00000542576,ENST00000431316,ENST00000523953,ENST00000523022	26,29,31,54,133,134,135,136,144
1BZM	ENSG00000133742	ENST00000521679	LIG 1	MZM	YES	ENST00000542576,ENST00000431316,ENST00000523953,ENST00000523022	28,31,33,56,135,136,137,138,146
1BZM	ENSG00000133742	ENST00000519129	LIG 1	MZM	NO	ENST00000542576,ENST00000431316,ENST00000523953,ENST00000523022	NA
1BZM	ENSG00000133742	ENST00000523022	LIG 1	MZM	YES	ENST00000542576,ENST00000431316,ENST00000523953,ENST00000523022	92,95,97,120,199,200,201,202,210
1BZM	ENSG00000133742	ENST00000517590	LIG 1	MZM	NO	ENST00000542576,ENST00000431316,ENST00000523953,ENST00000523022	NA
1BZM	ENSG00000133742	ENST00000522662	LIG 1	MZM	NO	ENST00000542576,ENST00000431316,ENST00000523953,ENST00000523022	NA
1BZM	ENSG00000133742	ENST00000521846	LIG 1	MZM	NO	ENST00000542576,ENST00000431316,ENST00000523953,ENST00000523022	NA
1BZM	ENSG00000133742	ENST00000519991	LIG 1	MZM	NO	ENST00000542576,ENST00000431316,ENST00000523953,ENST00000523022	NA
1BZM	ENSG00000133742	ENST00000520663	LIG 1	MZM	NO	ENST00000542576,ENST00000431316,ENST00000523953,ENST00000523022	NA
1BZM	ENSG00000133742	ENST00000523953	LIG 1	MZM	YES	ENST00000542576,ENST00000431316,ENST00000523953,ENST00000523022	92,95,97,120,199,200,201,202,210
1BZM	ENSG00000133742	ENST00000517429	LIG 1	MZM	NO	ENST00000542576,ENST00000431316,ENST00000523953,ENST00000523022	NA
1BZM	ENSG00000133742	ENST00000522814	LIG 1	MZM	NO	ENST00000542576,ENST00000431316,ENST00000523953,ENST00000523022	NA
1BZM	ENSG00000133742	ENST00000517618	LIG 1	MZM	YES	ENST00000542576,ENST00000431316,ENST00000523953,ENST00000523022	92,95,97,120,199,200,201,202,210
1BZM	ENSG00000133742	ENST00000523858	LIG 1	MZM	NO	ENST00000542576,ENST00000431316,ENST00000523953,ENST00000523022	NA
1BZM	ENSG00000133742	ENST00000542576	LIG 1	MZM	YES	ENST00000542576,ENST00000431316,ENST00000523953,ENST00000523022	92,95,97,120,199,200,201,202,210
1BZM	ENSG00000133742	ENST00000626824	LIG 1	MZM	NO	ENST00000542576,ENST00000431316,ENST00000523953,ENST00000523022	NA
2IT4	ENSG00000133742	ENST00000431316	LIG 1	PPF	YES	ENST00000542576,ENST00000431316,ENST00000523953,ENST00000523022	95,97,120,122,144,199,200,201
2IT4	ENSG00000133742	ENST00000522389	LIG 1	PPF	NO	ENST00000542576,ENST00000431316,ENST00000523953,ENST00000523022	NA
2IT4	ENSG00000133742	ENST00000522579	LIG 1	PPF	NO	ENST00000542576,ENST00000431316,ENST00000523953,ENST00000523022	NA
2IT4	ENSG00000133742	ENST00000524324	LIG 1	PPF	YES	ENST00000542576,ENST00000431316,ENST00000523953,ENST00000523022	29,31,54,56,78,133,134,135
2IT4	ENSG00000133742	ENST00000521679	LIG 1	PPF	YES	ENST00000542576,ENST00000431316,ENST00000523953,ENST00000523022	31,33,56,58,80,135,136,137
2IT4	ENSG00000133742	ENST00000519129	LIG 1	PPF	NO	ENST00000542576,ENST00000431316,ENST00000523953,ENST00000523022	NA
2IT4	ENSG00000133742	ENST00000523022	LIG 1	PPF	YES	ENST00000542576,ENST00000431316,ENST00000523953,ENST00000523022	95,97,120,122,144,199,200,201
2IT4	ENSG00000133742	ENST00000517590	LIG 1	PPF	NO	ENST00000542576,ENST00000431316,ENST00000523953,ENST00000523022	NA
2IT4	ENSG00000133742	ENST00000522662	LIG 1	PPF	NO	ENST00000542576,ENST00000431316,ENST00000523953,ENST00000523022	NA
2IT4	ENSG00000133742	ENST00000521846	LIG 1	PPF	NO	ENST00000542576,ENST00000431316,ENST00000523953,ENST00000523022	NA
2IT4	ENSG00000133742	ENST00000519991	LIG 1	PPF	NO	ENST00000542576,ENST00000431316,ENST00000523953,ENST00000523022	NA
2IT4	ENSG00000133742	ENST00000520663	LIG 1	PPF	NO	ENST00000542576,ENST00000431316,ENST00000523953,ENST00000523022	NA
2IT4	ENSG00000133742	ENST00000523953	LIG 1	PPF	YES	ENST00000542576,ENST00000431316,ENST00000523953,ENST00000523022	95,97,120,122,144,199,200,201
2IT4	ENSG00000133742	ENST00000517429	LIG 1	PPF	NO	ENST00000542576,ENST00000431316,ENST00000523953,ENST00000523022	NA
2IT4	ENSG00000133742	ENST00000522814	LIG 1	PPF	NO	ENST00000542576,ENST00000431316,ENST00000523953,ENST00000523022	NA
2IT4	ENSG00000133742	ENST00000517618	LIG 1	PPF	YES	ENST00000542576,ENST00000431316,ENST00000523953,ENST00000523022	95,97,120,122,144,199,200,201
2IT4	ENSG00000133742	ENST00000523858	LIG 1	PPF	NO	ENST00000542576,ENST00000431316,ENST00000523953,ENST00000523022	NA
2IT4	ENSG00000133742	ENST00000542576	LIG 1	PPF	YES	ENST00000542576,ENST00000431316,ENST00000523953,ENST00000523022	95,97,120,122,144,199,200,201
2IT4	ENSG00000133742	ENST00000626824	LIG 1	PPF	NO	ENST00000542576,ENST00000431316,ENST00000523953,ENST00000523022	NA
2NMX	ENSG00000133742	ENST00000431316	LIG 2	TRS	YES	ENST00000523022,ENST00000542576,ENST00000431316,ENST00000523953	136,205
2NMX	ENSG00000133742	ENST00000522389	LIG 2	TRS	YES	ENST00000523022,ENST00000542576,ENST00000431316,ENST00000523953	22,70
2NMX	ENSG00000133742	ENST00000522579	LIG 2	TRS	NO	ENST00000523022,ENST00000542576,ENST00000431316,ENST00000523953	NA
2NMX	ENSG00000133742	ENST00000524324	LIG 2	TRS	YES	ENST00000523022,ENST00000542576,ENST00000431316,ENST00000523953	70,139
2NMX	ENSG00000133742	ENST00000521679	LIG 2	TRS	YES	ENST00000523022,ENST00000542576,ENST00000431316,ENST00000523953	72,141
2NMX	ENSG00000133742	ENST00000519129	LIG 2	TRS	NO	ENST00000523022,ENST00000542576,ENST00000431316,ENST00000523953	NA
2NMX	ENSG00000133742	ENST00000523022	LIG 2	TRS	YES	ENST00000523022,ENST00000542576,ENST00000431316,ENST00000523953	136,205
2NMX	ENSG00000133742	ENST00000517590	LIG 2	TRS	NO	ENST00000523022,ENST00000542576,ENST00000431316,ENST00000523953	NA
2NMX	ENSG00000133742	ENST00000522662	LIG 2	TRS	NO	ENST00000523022,ENST00000542576,ENST00000431316,ENST00000523953	NA
2NMX	ENSG00000133742	ENST00000521846	LIG 2	TRS	NO	ENST00000523022,ENST00000542576,ENST00000431316,ENST00000523953	NA
2NMX	ENSG00000133742	ENST00000519991	LIG 2	TRS	YES	ENST00000523022,ENST00000542576,ENST00000431316,ENST00000523953	22,91
2NMX	ENSG00000133742	ENST00000520663	LIG 2	TRS	NO	ENST00000523022,ENST00000542576,ENST00000431316,ENST00000523953	NA
2NMX	ENSG00000133742	ENST00000523953	LIG 2	TRS	YES	ENST00000523022,ENST00000542576,ENST00000431316,ENST00000523953	136,205
2NMX	ENSG00000133742	ENST00000517429	LIG 2	TRS	NO	ENST00000523022,ENST00000542576,ENST00000431316,ENST00000523953	NA
2NMX	ENSG00000133742	ENST00000522814	LIG 2	TRS	NO	ENST00000523022,ENST00000542576,ENST00000431316,ENST00000523953	NA
2NMX	ENSG00000133742	ENST00000517618	LIG 2	TRS	YES	ENST00000523022,ENST00000542576,ENST00000431316,ENST00000523953	136,205
2NMX	ENSG00000133742	ENST00000523858	LIG 2	TRS	NO	ENST00000523022,ENST00000542576,ENST00000431316,ENST00000523953	NA
2NMX	ENSG00000133742	ENST00000542576	LIG 2	TRS	YES	ENST00000523022,ENST00000542576,ENST00000431316,ENST00000523953	136,205
2NMX	ENSG00000133742	ENST00000626824	LIG 2	TRS	YES	ENST00000523022,ENST00000542576,ENST00000431316,ENST00000523953	22,70
2NN1	ENSG00000133742	ENST00000431316	LIG 2	TRS	YES	ENST00000523022,ENST00000523953,ENST00000542576,ENST00000431316	136,205
2NN1	ENSG00000133742	ENST00000522389	LIG 2	TRS	YES	ENST00000523022,ENST00000523953,ENST00000542576,ENST00000431316	22,70
2NN1	ENSG00000133742	ENST00000522579	LIG 2	TRS	NO	ENST00000523022,ENST00000523953,ENST00000542576,ENST00000431316	NA
2NN1	ENSG00000133742	ENST00000524324	LIG 2	TRS	YES	ENST00000523022,ENST00000523953,ENST00000542576,ENST00000431316	70,139
2NN1	ENSG00000133742	ENST00000521679	LIG 2	TRS	YES	ENST00000523022,ENST00000523953,ENST00000542576,ENST00000431316	72,141
2NN1	ENSG00000133742	ENST00000519129	LIG 2	TRS	NO	ENST00000523022,ENST00000523953,ENST00000542576,ENST00000431316	NA
2NN1	ENSG00000133742	ENST00000523022	LIG 2	TRS	YES	ENST00000523022,ENST00000523953,ENST00000542576,ENST00000431316	136,205
2NN1	ENSG00000133742	ENST00000517590	LIG 2	TRS	NO	ENST00000523022,ENST00000523953,ENST00000542576,ENST00000431316	NA
2NN1	ENSG00000133742	ENST00000522662	LIG 2	TRS	NO	ENST00000523022,ENST00000523953,ENST00000542576,ENST00000431316	NA
2NN1	ENSG00000133742	ENST00000521846	LIG 2	TRS	NO	ENST00000523022,ENST00000523953,ENST00000542576,ENST00000431316	NA
2NN1	ENSG00000133742	ENST00000519991	LIG 2	TRS	YES	ENST00000523022,ENST00000523953,ENST00000542576,ENST00000431316	22,91
2NN1	ENSG00000133742	ENST00000520663	LIG 2	TRS	NO	ENST00000523022,ENST00000523953,ENST00000542576,ENST00000431316	NA
2NN1	ENSG00000133742	ENST00000523953	LIG 2	TRS	YES	ENST00000523022,ENST00000523953,ENST00000542576,ENST00000431316	136,205
2NN1	ENSG00000133742	ENST00000517429	LIG 2	TRS	NO	ENST00000523022,ENST00000523953,ENST00000542576,ENST00000431316	NA
2NN1	ENSG00000133742	ENST00000522814	LIG 2	TRS	NO	ENST00000523022,ENST00000523953,ENST00000542576,ENST00000431316	NA
2NN1	ENSG00000133742	ENST00000517618	LIG 2	TRS	YES	ENST00000523022,ENST00000523953,ENST00000542576,ENST00000431316	136,205
2NN1	ENSG00000133742	ENST00000523858	LIG 2	TRS	NO	ENST00000523022,ENST00000523953,ENST00000542576,ENST00000431316	NA
2NN1	ENSG00000133742	ENST00000542576	LIG 2	TRS	YES	ENST00000523022,ENST00000523953,ENST00000542576,ENST00000431316	136,205
2NN1	ENSG00000133742	ENST00000626824	LIG 2	TRS	YES	ENST00000523022,ENST00000523953,ENST00000542576,ENST00000431316	22,70
2NN7	ENSG00000133742	ENST00000431316	LIG 2	DMS	YES	ENST00000431316,ENST00000523953,ENST00000542576,ENST00000523022	36,39,193,261
2NN7	ENSG00000133742	ENST00000522389	LIG 2	DMS	NO	ENST00000431316,ENST00000523953,ENST00000542576,ENST00000523022	NA
2NN7	ENSG00000133742	ENST00000522579	LIG 2	DMS	NO	ENST00000431316,ENST00000523953,ENST00000542576,ENST00000523022	NA
2NN7	ENSG00000133742	ENST00000524324	LIG 2	DMS	NO	ENST00000431316,ENST00000523953,ENST00000542576,ENST00000523022	NA
2NN7	ENSG00000133742	ENST00000521679	LIG 2	DMS	NO	ENST00000431316,ENST00000523953,ENST00000542576,ENST00000523022	NA
2NN7	ENSG00000133742	ENST00000519129	LIG 2	DMS	NO	ENST00000431316,ENST00000523953,ENST00000542576,ENST00000523022	NA
2NN7	ENSG00000133742	ENST00000523022	LIG 2	DMS	YES	ENST00000431316,ENST00000523953,ENST00000542576,ENST00000523022	36,39,193,261
2NN7	ENSG00000133742	ENST00000517590	LIG 2	DMS	NO	ENST00000431316,ENST00000523953,ENST00000542576,ENST00000523022	NA
2NN7	ENSG00000133742	ENST00000522662	LIG 2	DMS	NO	ENST00000431316,ENST00000523953,ENST00000542576,ENST00000523022	NA
2NN7	ENSG00000133742	ENST00000521846	LIG 2	DMS	NO	ENST00000431316,ENST00000523953,ENST00000542576,ENST00000523022	NA
2NN7	ENSG00000133742	ENST00000519991	LIG 2	DMS	NO	ENST00000431316,ENST00000523953,ENST00000542576,ENST00000523022	NA
2NN7	ENSG00000133742	ENST00000520663	LIG 2	DMS	NO	ENST00000431316,ENST00000523953,ENST00000542576,ENST00000523022	NA
2NN7	ENSG00000133742	ENST00000523953	LIG 2	DMS	YES	ENST00000431316,ENST00000523953,ENST00000542576,ENST00000523022	36,39,193,261
2NN7	ENSG00000133742	ENST00000517429	LIG 2	DMS	NO	ENST00000431316,ENST00000523953,ENST00000542576,ENST00000523022	NA
2NN7	ENSG00000133742	ENST00000522814	LIG 2	DMS	NO	ENST00000431316,ENST00000523953,ENST00000542576,ENST00000523022	NA
2NN7	ENSG00000133742	ENST00000517618	LIG 2	DMS	NO	ENST00000431316,ENST00000523953,ENST00000542576,ENST00000523022	NA
2NN7	ENSG00000133742	ENST00000523858	LIG 2	DMS	NO	ENST00000431316,ENST00000523953,ENST00000542576,ENST00000523022	NA
2NN7	ENSG00000133742	ENST00000542576	LIG 2	DMS	YES	ENST00000431316,ENST00000523953,ENST00000542576,ENST00000523022	36,39,193,261
2NN7	ENSG00000133742	ENST00000626824	LIG 2	DMS	NO	ENST00000431316,ENST00000523953,ENST00000542576,ENST00000523022	NA
3LXE	ENSG00000133742	ENST00000431316	LIG 1	TOR	YES	ENST00000523022,ENST00000542576,ENST00000523953,ENST00000431316	65,66,92,93,95,97,120,199,200,201,210
3LXE	ENSG00000133742	ENST00000522389	LIG 1	TOR	NO	ENST00000523022,ENST00000542576,ENST00000523953,ENST00000431316	NA
3LXE	ENSG00000133742	ENST00000522579	LIG 1	TOR	NO	ENST00000523022,ENST00000542576,ENST00000523953,ENST00000431316	NA
3LXE	ENSG00000133742	ENST00000524324	LIG 1	TOR	NO	ENST00000523022,ENST00000542576,ENST00000523953,ENST00000431316	NA
3LXE	ENSG00000133742	ENST00000521679	LIG 1	TOR	NO	ENST00000523022,ENST00000542576,ENST00000523953,ENST00000431316	NA
3LXE	ENSG00000133742	ENST00000519129	LIG 1	TOR	NO	ENST00000523022,ENST00000542576,ENST00000523953,ENST00000431316	NA
3LXE	ENSG00000133742	ENST00000523022	LIG 1	TOR	YES	ENST00000523022,ENST00000542576,ENST00000523953,ENST00000431316	65,66,92,93,95,97,120,199,200,201,210
3LXE	ENSG00000133742	ENST00000517590	LIG 1	TOR	NO	ENST00000523022,ENST00000542576,ENST00000523953,ENST00000431316	NA
3LXE	ENSG00000133742	ENST00000522662	LIG 1	TOR	NO	ENST00000523022,ENST00000542576,ENST00000523953,ENST00000431316	NA
3LXE	ENSG00000133742	ENST00000521846	LIG 1	TOR	NO	ENST00000523022,ENST00000542576,ENST00000523953,ENST00000431316	NA
3LXE	ENSG00000133742	ENST00000519991	LIG 1	TOR	NO	ENST00000523022,ENST00000542576,ENST00000523953,ENST00000431316	NA
3LXE	ENSG00000133742	ENST00000520663	LIG 1	TOR	NO	ENST00000523022,ENST00000542576,ENST00000523953,ENST00000431316	NA
3LXE	ENSG00000133742	ENST00000523953	LIG 1	TOR	YES	ENST00000523022,ENST00000542576,ENST00000523953,ENST00000431316	65,66,92,93,95,97,120,199,200,201,210
3LXE	ENSG00000133742	ENST00000517429	LIG 1	TOR	NO	ENST00000523022,ENST00000542576,ENST00000523953,ENST00000431316	NA
3LXE	ENSG00000133742	ENST00000522814	LIG 1	TOR	NO	ENST00000523022,ENST00000542576,ENST00000523953,ENST00000431316	NA
3LXE	ENSG00000133742	ENST00000517618	LIG 1	TOR	YES	ENST00000523022,ENST00000542576,ENST00000523953,ENST00000431316	65,66,92,93,95,97,120,199,200,201,210
3LXE	ENSG00000133742	ENST00000523858	LIG 1	TOR	NO	ENST00000523022,ENST00000542576,ENST00000523953,ENST00000431316	NA
3LXE	ENSG00000133742	ENST00000542576	LIG 1	TOR	YES	ENST00000523022,ENST00000542576,ENST00000523953,ENST00000431316	65,66,92,93,95,97,120,199,200,201,210
3LXE	ENSG00000133742	ENST00000626824	LIG 1	TOR	NO	ENST00000523022,ENST00000542576,ENST00000523953,ENST00000431316	NA
3W6H	ENSG00000133742	ENST00000431316	LIG 2	AZM	YES	ENST00000523953,ENST00000542576,ENST00000431316,ENST00000523022	93,95,97,120,199,200,201,210
3W6H	ENSG00000133742	ENST00000522389	LIG 2	AZM	NO	ENST00000523953,ENST00000542576,ENST00000431316,ENST00000523022	NA
3W6H	ENSG00000133742	ENST00000522579	LIG 2	AZM	NO	ENST00000523953,ENST00000542576,ENST00000431316,ENST00000523022	NA
3W6H	ENSG00000133742	ENST00000524324	LIG 2	AZM	YES	ENST00000523953,ENST00000542576,ENST00000431316,ENST00000523022	27,29,31,54,133,134,135,144
3W6H	ENSG00000133742	ENST00000521679	LIG 2	AZM	YES	ENST00000523953,ENST00000542576,ENST00000431316,ENST00000523022	29,31,33,56,135,136,137,146
3W6H	ENSG00000133742	ENST00000519129	LIG 2	AZM	NO	ENST00000523953,ENST00000542576,ENST00000431316,ENST00000523022	NA
3W6H	ENSG00000133742	ENST00000523022	LIG 2	AZM	YES	ENST00000523953,ENST00000542576,ENST00000431316,ENST00000523022	93,95,97,120,199,200,201,210
3W6H	ENSG00000133742	ENST00000517590	LIG 2	AZM	NO	ENST00000523953,ENST00000542576,ENST00000431316,ENST00000523022	NA
3W6H	ENSG00000133742	ENST00000522662	LIG 2	AZM	NO	ENST00000523953,ENST00000542576,ENST00000431316,ENST00000523022	NA
3W6H	ENSG00000133742	ENST00000521846	LIG 2	AZM	NO	ENST00000523953,ENST00000542576,ENST00000431316,ENST00000523022	NA
3W6H	ENSG00000133742	ENST00000519991	LIG 2	AZM	NO	ENST00000523953,ENST00000542576,ENST00000431316,ENST00000523022	NA
3W6H	ENSG00000133742	ENST00000520663	LIG 2	AZM	NO	ENST00000523953,ENST00000542576,ENST00000431316,ENST00000523022	NA
3W6H	ENSG00000133742	ENST00000523953	LIG 2	AZM	YES	ENST00000523953,ENST00000542576,ENST00000431316,ENST00000523022	93,95,97,120,199,200,201,210
3W6H	ENSG00000133742	ENST00000517429	LIG 2	AZM	NO	ENST00000523953,ENST00000542576,ENST00000431316,ENST00000523022	NA
3W6H	ENSG00000133742	ENST00000522814	LIG 2	AZM	NO	ENST00000523953,ENST00000542576,ENST00000431316,ENST00000523022	NA
3W6H	ENSG00000133742	ENST00000517618	LIG 2	AZM	YES	ENST00000523953,ENST00000542576,ENST00000431316,ENST00000523022	93,95,97,120,199,200,201,210
3W6H	ENSG00000133742	ENST00000523858	LIG 2	AZM	NO	ENST00000523953,ENST00000542576,ENST00000431316,ENST00000523022	NA
3W6H	ENSG00000133742	ENST00000542576	LIG 2	AZM	YES	ENST00000523953,ENST00000542576,ENST00000431316,ENST00000523022	93,95,97,120,199,200,201,210
3W6H	ENSG00000133742	ENST00000626824	LIG 2	AZM	NO	ENST00000523953,ENST00000542576,ENST00000431316,ENST00000523022	NA
6EVR	ENSG00000133742	ENST00000431316	LIG 2	GOL	YES	ENST00000542576,ENST00000431316,ENST00000523022,ENST00000523953	6,21,202,203
6EVR	ENSG00000133742	ENST00000522389	LIG 2	GOL	NO	ENST00000542576,ENST00000431316,ENST00000523022,ENST00000523953	NA
6EVR	ENSG00000133742	ENST00000522579	LIG 2	GOL	NO	ENST00000542576,ENST00000431316,ENST00000523022,ENST00000523953	NA
6EVR	ENSG00000133742	ENST00000524324	LIG 2	GOL	NO	ENST00000542576,ENST00000431316,ENST00000523022,ENST00000523953	NA
6EVR	ENSG00000133742	ENST00000521679	LIG 2	GOL	NO	ENST00000542576,ENST00000431316,ENST00000523022,ENST00000523953	NA
6EVR	ENSG00000133742	ENST00000519129	LIG 2	GOL	NO	ENST00000542576,ENST00000431316,ENST00000523022,ENST00000523953	NA
6EVR	ENSG00000133742	ENST00000523022	LIG 2	GOL	YES	ENST00000542576,ENST00000431316,ENST00000523022,ENST00000523953	6,21,202,203
6EVR	ENSG00000133742	ENST00000517590	LIG 2	GOL	NO	ENST00000542576,ENST00000431316,ENST00000523022,ENST00000523953	NA
6EVR	ENSG00000133742	ENST00000522662	LIG 2	GOL	NO	ENST00000542576,ENST00000431316,ENST00000523022,ENST00000523953	NA
6EVR	ENSG00000133742	ENST00000521846	LIG 2	GOL	NO	ENST00000542576,ENST00000431316,ENST00000523022,ENST00000523953	NA
6EVR	ENSG00000133742	ENST00000519991	LIG 2	GOL	NO	ENST00000542576,ENST00000431316,ENST00000523022,ENST00000523953	NA
6EVR	ENSG00000133742	ENST00000520663	LIG 2	GOL	NO	ENST00000542576,ENST00000431316,ENST00000523022,ENST00000523953	NA
6EVR	ENSG00000133742	ENST00000523953	LIG 2	GOL	YES	ENST00000542576,ENST00000431316,ENST00000523022,ENST00000523953	6,21,202,203
6EVR	ENSG00000133742	ENST00000517429	LIG 2	GOL	NO	ENST00000542576,ENST00000431316,ENST00000523022,ENST00000523953	NA
6EVR	ENSG00000133742	ENST00000522814	LIG 2	GOL	NO	ENST00000542576,ENST00000431316,ENST00000523022,ENST00000523953	NA
6EVR	ENSG00000133742	ENST00000517618	LIG 2	GOL	YES	ENST00000542576,ENST00000431316,ENST00000523022,ENST00000523953	6,21,202,203
6EVR	ENSG00000133742	ENST00000523858	LIG 2	GOL	NO	ENST00000542576,ENST00000431316,ENST00000523022,ENST00000523953	NA
6EVR	ENSG00000133742	ENST00000542576	LIG 2	GOL	YES	ENST00000542576,ENST00000431316,ENST00000523022,ENST00000523953	6,21,202,203
6EVR	ENSG00000133742	ENST00000626824	LIG 2	GOL	NO	ENST00000542576,ENST00000431316,ENST00000523022,ENST00000523953	NA
6EX1	ENSG00000133742	ENST00000431316	LIG 3	GOL	YES	ENST00000431316,ENST00000523022,ENST00000542576,ENST00000523953	173,235
6EX1	ENSG00000133742	ENST00000522389	LIG 3	GOL	NO	ENST00000431316,ENST00000523022,ENST00000542576,ENST00000523953	NA
6EX1	ENSG00000133742	ENST00000522579	LIG 3	GOL	NO	ENST00000431316,ENST00000523022,ENST00000542576,ENST00000523953	NA
6EX1	ENSG00000133742	ENST00000524324	LIG 3	GOL	YES	ENST00000431316,ENST00000523022,ENST00000542576,ENST00000523953	107,169
6EX1	ENSG00000133742	ENST00000521679	LIG 3	GOL	NO	ENST00000431316,ENST00000523022,ENST00000542576,ENST00000523953	NA
6EX1	ENSG00000133742	ENST00000519129	LIG 3	GOL	NO	ENST00000431316,ENST00000523022,ENST00000542576,ENST00000523953	NA
6EX1	ENSG00000133742	ENST00000523022	LIG 3	GOL	YES	ENST00000431316,ENST00000523022,ENST00000542576,ENST00000523953	173,235
6EX1	ENSG00000133742	ENST00000517590	LIG 3	GOL	NO	ENST00000431316,ENST00000523022,ENST00000542576,ENST00000523953	NA
6EX1	ENSG00000133742	ENST00000522662	LIG 3	GOL	NO	ENST00000431316,ENST00000523022,ENST00000542576,ENST00000523953	NA
6EX1	ENSG00000133742	ENST00000521846	LIG 3	GOL	NO	ENST00000431316,ENST00000523022,ENST00000542576,ENST00000523953	NA
6EX1	ENSG00000133742	ENST00000519991	LIG 3	GOL	YES	ENST00000431316,ENST00000523022,ENST00000542576,ENST00000523953	59,121
6EX1	ENSG00000133742	ENST00000520663	LIG 3	GOL	NO	ENST00000431316,ENST00000523022,ENST00000542576,ENST00000523953	NA
6EX1	ENSG00000133742	ENST00000523953	LIG 3	GOL	YES	ENST00000431316,ENST00000523022,ENST00000542576,ENST00000523953	173,235
6EX1	ENSG00000133742	ENST00000517429	LIG 3	GOL	NO	ENST00000431316,ENST00000523022,ENST00000542576,ENST00000523953	NA
6EX1	ENSG00000133742	ENST00000522814	LIG 3	GOL	NO	ENST00000431316,ENST00000523022,ENST00000542576,ENST00000523953	NA
6EX1	ENSG00000133742	ENST00000517618	LIG 3	GOL	YES	ENST00000431316,ENST00000523022,ENST00000542576,ENST00000523953	173,235
6EX1	ENSG00000133742	ENST00000523858	LIG 3	GOL	NO	ENST00000431316,ENST00000523022,ENST00000542576,ENST00000523953	NA
6EX1	ENSG00000133742	ENST00000542576	LIG 3	GOL	YES	ENST00000431316,ENST00000523022,ENST00000542576,ENST00000523953	173,235
6EX1	ENSG00000133742	ENST00000626824	LIG 3	GOL	NO	ENST00000431316,ENST00000523022,ENST00000542576,ENST00000523953	NA
6F3B	ENSG00000133742	ENST00000431316	LIG 3	GOL	YES	ENST00000523022,ENST00000542576,ENST00000431316,ENST00000523953	128,129,138,139,140
6F3B	ENSG00000133742	ENST00000522389	LIG 3	GOL	YES	ENST00000523022,ENST00000542576,ENST00000431316,ENST00000523953	14,15,24,25,26
6F3B	ENSG00000133742	ENST00000522579	LIG 3	GOL	YES	ENST00000523022,ENST00000542576,ENST00000431316,ENST00000523953	128,129,138,139,140
6F3B	ENSG00000133742	ENST00000524324	LIG 3	GOL	YES	ENST00000523022,ENST00000542576,ENST00000431316,ENST00000523953	62,63,72,73,74
6F3B	ENSG00000133742	ENST00000521679	LIG 3	GOL	YES	ENST00000523022,ENST00000542576,ENST00000431316,ENST00000523953	64,65,74,75,76
6F3B	ENSG00000133742	ENST00000519129	LIG 3	GOL	NO	ENST00000523022,ENST00000542576,ENST00000431316,ENST00000523953	NA
6F3B	ENSG00000133742	ENST00000523022	LIG 3	GOL	YES	ENST00000523022,ENST00000542576,ENST00000431316,ENST00000523953	128,129,138,139,140
6F3B	ENSG00000133742	ENST00000517590	LIG 3	GOL	YES	ENST00000523022,ENST00000542576,ENST00000431316,ENST00000523953	128,129,138,139,140
6F3B	ENSG00000133742	ENST00000522662	LIG 3	GOL	NO	ENST00000523022,ENST00000542576,ENST00000431316,ENST00000523953	NA
6F3B	ENSG00000133742	ENST00000521846	LIG 3	GOL	YES	ENST00000523022,ENST00000542576,ENST00000431316,ENST00000523953	128,129,138,139,140
6F3B	ENSG00000133742	ENST00000519991	LIG 3	GOL	YES	ENST00000523022,ENST00000542576,ENST00000431316,ENST00000523953	14,15,24,25,26
6F3B	ENSG00000133742	ENST00000520663	LIG 3	GOL	YES	ENST00000523022,ENST00000542576,ENST00000431316,ENST00000523953	14,15,24,25,26
6F3B	ENSG00000133742	ENST00000523953	LIG 3	GOL	YES	ENST00000523022,ENST00000542576,ENST00000431316,ENST00000523953	128,129,138,139,140
6F3B	ENSG00000133742	ENST00000517429	LIG 3	GOL	NO	ENST00000523022,ENST00000542576,ENST00000431316,ENST00000523953	NA
6F3B	ENSG00000133742	ENST00000522814	LIG 3	GOL	YES	ENST00000523022,ENST00000542576,ENST00000431316,ENST00000523953	128,129,138,139,140
6F3B	ENSG00000133742	ENST00000517618	LIG 3	GOL	YES	ENST00000523022,ENST00000542576,ENST00000431316,ENST00000523953	128,129,138,139,140
6F3B	ENSG00000133742	ENST00000523858	LIG 3	GOL	NO	ENST00000523022,ENST00000542576,ENST00000431316,ENST00000523953	NA
6F3B	ENSG00000133742	ENST00000542576	LIG 3	GOL	YES	ENST00000523022,ENST00000542576,ENST00000431316,ENST00000523953	128,129,138,139,140
6F3B	ENSG00000133742	ENST00000626824	LIG 3	GOL	YES	ENST00000523022,ENST00000542576,ENST00000431316,ENST00000523953	14,15,24,25,26
6FAF	ENSG00000133742	ENST00000431316	LIG 2	GOL	YES	ENST00000542576,ENST00000431316,ENST00000523022,ENST00000523953	93,100,132,228,243
6FAF	ENSG00000133742	ENST00000522389	LIG 2	GOL	NO	ENST00000542576,ENST00000431316,ENST00000523022,ENST00000523953	NA
6FAF	ENSG00000133742	ENST00000522579	LIG 2	GOL	NO	ENST00000542576,ENST00000431316,ENST00000523022,ENST00000523953	NA
6FAF	ENSG00000133742	ENST00000524324	LIG 2	GOL	YES	ENST00000542576,ENST00000431316,ENST00000523022,ENST00000523953	27,34,66,162,177
6FAF	ENSG00000133742	ENST00000521679	LIG 2	GOL	NO	ENST00000542576,ENST00000431316,ENST00000523022,ENST00000523953	NA
6FAF	ENSG00000133742	ENST00000519129	LIG 2	GOL	NO	ENST00000542576,ENST00000431316,ENST00000523022,ENST00000523953	NA
6FAF	ENSG00000133742	ENST00000523022	LIG 2	GOL	YES	ENST00000542576,ENST00000431316,ENST00000523022,ENST00000523953	93,100,132,228,243
6FAF	ENSG00000133742	ENST00000517590	LIG 2	GOL	NO	ENST00000542576,ENST00000431316,ENST00000523022,ENST00000523953	NA
6FAF	ENSG00000133742	ENST00000522662	LIG 2	GOL	NO	ENST00000542576,ENST00000431316,ENST00000523022,ENST00000523953	NA
6FAF	ENSG00000133742	ENST00000521846	LIG 2	GOL	NO	ENST00000542576,ENST00000431316,ENST00000523022,ENST00000523953	NA
6FAF	ENSG00000133742	ENST00000519991	LIG 2	GOL	NO	ENST00000542576,ENST00000431316,ENST00000523022,ENST00000523953	NA
6FAF	ENSG00000133742	ENST00000520663	LIG 2	GOL	NO	ENST00000542576,ENST00000431316,ENST00000523022,ENST00000523953	NA
6FAF	ENSG00000133742	ENST00000523953	LIG 2	GOL	YES	ENST00000542576,ENST00000431316,ENST00000523022,ENST00000523953	93,100,132,228,243
6FAF	ENSG00000133742	ENST00000517429	LIG 2	GOL	NO	ENST00000542576,ENST00000431316,ENST00000523022,ENST00000523953	NA
6FAF	ENSG00000133742	ENST00000522814	LIG 2	GOL	NO	ENST00000542576,ENST00000431316,ENST00000523022,ENST00000523953	NA
6FAF	ENSG00000133742	ENST00000517618	LIG 2	GOL	YES	ENST00000542576,ENST00000431316,ENST00000523022,ENST00000523953	93,100,132,228,243
6FAF	ENSG00000133742	ENST00000523858	LIG 2	GOL	NO	ENST00000542576,ENST00000431316,ENST00000523022,ENST00000523953	NA
6FAF	ENSG00000133742	ENST00000542576	LIG 2	GOL	YES	ENST00000542576,ENST00000431316,ENST00000523022,ENST00000523953	93,100,132,228,243
6FAF	ENSG00000133742	ENST00000626824	LIG 2	GOL	NO	ENST00000542576,ENST00000431316,ENST00000523022,ENST00000523953	NA
6FAG	ENSG00000133742	ENST00000431316	LIG 1	GOL	YES	ENST00000523022,ENST00000523953,ENST00000542576,ENST00000431316	68,93
6FAG	ENSG00000133742	ENST00000522389	LIG 1	GOL	NO	ENST00000523022,ENST00000523953,ENST00000542576,ENST00000431316	NA
6FAG	ENSG00000133742	ENST00000522579	LIG 1	GOL	YES	ENST00000523022,ENST00000523953,ENST00000542576,ENST00000431316	68,93
6FAG	ENSG00000133742	ENST00000524324	LIG 1	GOL	NO	ENST00000523022,ENST00000523953,ENST00000542576,ENST00000431316	NA
6FAG	ENSG00000133742	ENST00000521679	LIG 1	GOL	YES	ENST00000523022,ENST00000523953,ENST00000542576,ENST00000431316	4,29
6FAG	ENSG00000133742	ENST00000519129	LIG 1	GOL	NO	ENST00000523022,ENST00000523953,ENST00000542576,ENST00000431316	NA
6FAG	ENSG00000133742	ENST00000523022	LIG 1	GOL	YES	ENST00000523022,ENST00000523953,ENST00000542576,ENST00000431316	68,93
6FAG	ENSG00000133742	ENST00000517590	LIG 1	GOL	YES	ENST00000523022,ENST00000523953,ENST00000542576,ENST00000431316	68,93
6FAG	ENSG00000133742	ENST00000522662	LIG 1	GOL	YES	ENST00000523022,ENST00000523953,ENST00000542576,ENST00000431316	68,93
6FAG	ENSG00000133742	ENST00000521846	LIG 1	GOL	YES	ENST00000523022,ENST00000523953,ENST00000542576,ENST00000431316	68,93
6FAG	ENSG00000133742	ENST00000519991	LIG 1	GOL	NO	ENST00000523022,ENST00000523953,ENST00000542576,ENST00000431316	NA
6FAG	ENSG00000133742	ENST00000520663	LIG 1	GOL	NO	ENST00000523022,ENST00000523953,ENST00000542576,ENST00000431316	NA
6FAG	ENSG00000133742	ENST00000523953	LIG 1	GOL	YES	ENST00000523022,ENST00000523953,ENST00000542576,ENST00000431316	68,93
6FAG	ENSG00000133742	ENST00000517429	LIG 1	GOL	NO	ENST00000523022,ENST00000523953,ENST00000542576,ENST00000431316	NA
6FAG	ENSG00000133742	ENST00000522814	LIG 1	GOL	YES	ENST00000523022,ENST00000523953,ENST00000542576,ENST00000431316	68,93
6FAG	ENSG00000133742	ENST00000517618	LIG 1	GOL	YES	ENST00000523022,ENST00000523953,ENST00000542576,ENST00000431316	68,93
6FAG	ENSG00000133742	ENST00000523858	LIG 1	GOL	YES	ENST00000523022,ENST00000523953,ENST00000542576,ENST00000431316	68,93
6FAG	ENSG00000133742	ENST00000542576	LIG 1	GOL	YES	ENST00000523022,ENST00000523953,ENST00000542576,ENST00000431316	68,93
6FAG	ENSG00000133742	ENST00000626824	LIG 1	GOL	NO	ENST00000523022,ENST00000523953,ENST00000542576,ENST00000431316	NA
6G3V	ENSG00000133742	ENST00000431316	LIG 1	FO9	YES	ENST00000523022,ENST00000542576,ENST00000523953,ENST00000431316	93,95,97,120,133,136,144,199,200,201,203,210
6G3V	ENSG00000133742	ENST00000522389	LIG 1	FO9	NO	ENST00000523022,ENST00000542576,ENST00000523953,ENST00000431316	NA
6G3V	ENSG00000133742	ENST00000522579	LIG 1	FO9	NO	ENST00000523022,ENST00000542576,ENST00000523953,ENST00000431316	NA
6G3V	ENSG00000133742	ENST00000524324	LIG 1	FO9	YES	ENST00000523022,ENST00000542576,ENST00000523953,ENST00000431316	27,29,31,54,67,70,78,133,134,135,137,144
6G3V	ENSG00000133742	ENST00000521679	LIG 1	FO9	YES	ENST00000523022,ENST00000542576,ENST00000523953,ENST00000431316	29,31,33,56,69,72,80,135,136,137,139,146
6G3V	ENSG00000133742	ENST00000519129	LIG 1	FO9	NO	ENST00000523022,ENST00000542576,ENST00000523953,ENST00000431316	NA
6G3V	ENSG00000133742	ENST00000523022	LIG 1	FO9	YES	ENST00000523022,ENST00000542576,ENST00000523953,ENST00000431316	93,95,97,120,133,136,144,199,200,201,203,210
6G3V	ENSG00000133742	ENST00000517590	LIG 1	FO9	NO	ENST00000523022,ENST00000542576,ENST00000523953,ENST00000431316	NA
6G3V	ENSG00000133742	ENST00000522662	LIG 1	FO9	NO	ENST00000523022,ENST00000542576,ENST00000523953,ENST00000431316	NA
6G3V	ENSG00000133742	ENST00000521846	LIG 1	FO9	NO	ENST00000523022,ENST00000542576,ENST00000523953,ENST00000431316	NA
6G3V	ENSG00000133742	ENST00000519991	LIG 1	FO9	NO	ENST00000523022,ENST00000542576,ENST00000523953,ENST00000431316	NA
6G3V	ENSG00000133742	ENST00000520663	LIG 1	FO9	NO	ENST00000523022,ENST00000542576,ENST00000523953,ENST00000431316	NA
6G3V	ENSG00000133742	ENST00000523953	LIG 1	FO9	YES	ENST00000523022,ENST00000542576,ENST00000523953,ENST00000431316	93,95,97,120,133,136,144,199,200,201,203,210
6G3V	ENSG00000133742	ENST00000517429	LIG 1	FO9	NO	ENST00000523022,ENST00000542576,ENST00000523953,ENST00000431316	NA
6G3V	ENSG00000133742	ENST00000522814	LIG 1	FO9	NO	ENST00000523022,ENST00000542576,ENST00000523953,ENST00000431316	NA
6G3V	ENSG00000133742	ENST00000517618	LIG 1	FO9	YES	ENST00000523022,ENST00000542576,ENST00000523953,ENST00000431316	93,95,97,120,133,136,144,199,200,201,203,210
6G3V	ENSG00000133742	ENST00000523858	LIG 1	FO9	NO	ENST00000523022,ENST00000542576,ENST00000523953,ENST00000431316	NA
6G3V	ENSG00000133742	ENST00000542576	LIG 1	FO9	YES	ENST00000523022,ENST00000542576,ENST00000523953,ENST00000431316	93,95,97,120,133,136,144,199,200,201,203,210
6G3V	ENSG00000133742	ENST00000626824	LIG 1	FO9	NO	ENST00000523022,ENST00000542576,ENST00000523953,ENST00000431316	NA
6I0J	ENSG00000133742	ENST00000431316	LIG 2	GOL	YES	ENST00000523022,ENST00000542576,ENST00000431316,ENST00000523953	36,138,139,140,259,261
6I0J	ENSG00000133742	ENST00000522389	LIG 2	GOL	NO	ENST00000523022,ENST00000542576,ENST00000431316,ENST00000523953	NA
6I0J	ENSG00000133742	ENST00000522579	LIG 2	GOL	NO	ENST00000523022,ENST00000542576,ENST00000431316,ENST00000523953	NA
6I0J	ENSG00000133742	ENST00000524324	LIG 2	GOL	NO	ENST00000523022,ENST00000542576,ENST00000431316,ENST00000523953	NA
6I0J	ENSG00000133742	ENST00000521679	LIG 2	GOL	NO	ENST00000523022,ENST00000542576,ENST00000431316,ENST00000523953	NA
6I0J	ENSG00000133742	ENST00000519129	LIG 2	GOL	NO	ENST00000523022,ENST00000542576,ENST00000431316,ENST00000523953	NA
6I0J	ENSG00000133742	ENST00000523022	LIG 2	GOL	YES	ENST00000523022,ENST00000542576,ENST00000431316,ENST00000523953	36,138,139,140,259,261
6I0J	ENSG00000133742	ENST00000517590	LIG 2	GOL	NO	ENST00000523022,ENST00000542576,ENST00000431316,ENST00000523953	NA
6I0J	ENSG00000133742	ENST00000522662	LIG 2	GOL	NO	ENST00000523022,ENST00000542576,ENST00000431316,ENST00000523953	NA
6I0J	ENSG00000133742	ENST00000521846	LIG 2	GOL	NO	ENST00000523022,ENST00000542576,ENST00000431316,ENST00000523953	NA
6I0J	ENSG00000133742	ENST00000519991	LIG 2	GOL	NO	ENST00000523022,ENST00000542576,ENST00000431316,ENST00000523953	NA
6I0J	ENSG00000133742	ENST00000520663	LIG 2	GOL	NO	ENST00000523022,ENST00000542576,ENST00000431316,ENST00000523953	NA
6I0J	ENSG00000133742	ENST00000523953	LIG 2	GOL	YES	ENST00000523022,ENST00000542576,ENST00000431316,ENST00000523953	36,138,139,140,259,261
6I0J	ENSG00000133742	ENST00000517429	LIG 2	GOL	NO	ENST00000523022,ENST00000542576,ENST00000431316,ENST00000523953	NA
6I0J	ENSG00000133742	ENST00000522814	LIG 2	GOL	NO	ENST00000523022,ENST00000542576,ENST00000431316,ENST00000523953	NA
6I0J	ENSG00000133742	ENST00000517618	LIG 2	GOL	NO	ENST00000523022,ENST00000542576,ENST00000431316,ENST00000523953	NA
6I0J	ENSG00000133742	ENST00000523858	LIG 2	GOL	NO	ENST00000523022,ENST00000542576,ENST00000431316,ENST00000523953	NA
6I0J	ENSG00000133742	ENST00000542576	LIG 2	GOL	YES	ENST00000523022,ENST00000542576,ENST00000431316,ENST00000523953	36,138,139,140,259,261
6I0J	ENSG00000133742	ENST00000626824	LIG 2	GOL	NO	ENST00000523022,ENST00000542576,ENST00000431316,ENST00000523953	NA
6I0L	ENSG00000133742	ENST00000431316	LIG 2	GOL	YES	ENST00000523953,ENST00000523022,ENST00000542576,ENST00000431316	128,138,139,140
6I0L	ENSG00000133742	ENST00000522389	LIG 2	GOL	YES	ENST00000523953,ENST00000523022,ENST00000542576,ENST00000431316	14,24,25,26
6I0L	ENSG00000133742	ENST00000522579	LIG 2	GOL	YES	ENST00000523953,ENST00000523022,ENST00000542576,ENST00000431316	128,138,139,140
6I0L	ENSG00000133742	ENST00000524324	LIG 2	GOL	YES	ENST00000523953,ENST00000523022,ENST00000542576,ENST00000431316	62,72,73,74
6I0L	ENSG00000133742	ENST00000521679	LIG 2	GOL	YES	ENST00000523953,ENST00000523022,ENST00000542576,ENST00000431316	64,74,75,76
6I0L	ENSG00000133742	ENST00000519129	LIG 2	GOL	NO	ENST00000523953,ENST00000523022,ENST00000542576,ENST00000431316	NA
6I0L	ENSG00000133742	ENST00000523022	LIG 2	GOL	YES	ENST00000523953,ENST00000523022,ENST00000542576,ENST00000431316	128,138,139,140
6I0L	ENSG00000133742	ENST00000517590	LIG 2	GOL	YES	ENST00000523953,ENST00000523022,ENST00000542576,ENST00000431316	128,138,139,140
6I0L	ENSG00000133742	ENST00000522662	LIG 2	GOL	NO	ENST00000523953,ENST00000523022,ENST00000542576,ENST00000431316	NA
6I0L	ENSG00000133742	ENST00000521846	LIG 2	GOL	YES	ENST00000523953,ENST00000523022,ENST00000542576,ENST00000431316	128,138,139,140
6I0L	ENSG00000133742	ENST00000519991	LIG 2	GOL	YES	ENST00000523953,ENST00000523022,ENST00000542576,ENST00000431316	14,24,25,26
6I0L	ENSG00000133742	ENST00000520663	LIG 2	GOL	YES	ENST00000523953,ENST00000523022,ENST00000542576,ENST00000431316	14,24,25,26
6I0L	ENSG00000133742	ENST00000523953	LIG 2	GOL	YES	ENST00000523953,ENST00000523022,ENST00000542576,ENST00000431316	128,138,139,140
6I0L	ENSG00000133742	ENST00000517429	LIG 2	GOL	NO	ENST00000523953,ENST00000523022,ENST00000542576,ENST00000431316	NA
6I0L	ENSG00000133742	ENST00000522814	LIG 2	GOL	YES	ENST00000523953,ENST00000523022,ENST00000542576,ENST00000431316	128,138,139,140
6I0L	ENSG00000133742	ENST00000517618	LIG 2	GOL	YES	ENST00000523953,ENST00000523022,ENST00000542576,ENST00000431316	128,138,139,140
6I0L	ENSG00000133742	ENST00000523858	LIG 2	GOL	NO	ENST00000523953,ENST00000523022,ENST00000542576,ENST00000431316	NA
6I0L	ENSG00000133742	ENST00000542576	LIG 2	GOL	YES	ENST00000523953,ENST00000523022,ENST00000542576,ENST00000431316	128,138,139,140
6I0L	ENSG00000133742	ENST00000626824	LIG 2	GOL	YES	ENST00000523953,ENST00000523022,ENST00000542576,ENST00000431316	14,24,25,26
1AZX	ENSG00000117601	ENST00000367698	LIG 2	NAG	YES	ENST00000367698	174,176,374,375
1DZG	ENSG00000117601	ENST00000367698	LIG 3	GOL	YES	ENST00000367698	108,327,330,331,334,439,444,446
1DZG	ENSG00000117601	ENST00000367698	LIG 1	NAG	YES	ENST00000367698	181,381
1DZH	ENSG00000117601	ENST00000367698	LIG 1	NAG	YES	ENST00000367698	177,178
1DZH	ENSG00000117601	ENST00000367698	LIG 4	GOL	YES	ENST00000367698	78,326,327,330,435,440,442
1E03	ENSG00000117601	ENST00000367698	LIG 1	NAG	YES	ENST00000367698	120,121
1E04	ENSG00000117601	ENST00000367698	LIG 5	GOL	YES	ENST00000367698	64,312,313,316,421,428
1E05	ENSG00000117601	ENST00000367698	LIG 1	NAG	YES	ENST00000367698	52,116,370
1E05	ENSG00000117601	ENST00000367698	LIG 6	GOL	YES	ENST00000367698	324,328,433,440
1NQ9	ENSG00000117601	ENST00000367698	LIG 1	NAG	YES	ENST00000367698	49,50,52,172
1OYH	ENSG00000117601	ENST00000367698	LIG 1	NAG	YES	ENST00000367698	50,174,176,198
1R1L	ENSG00000117601	ENST00000367698	LIG 3	NAG	YES	ENST00000367698	50,51,52,53,110,169,171,370
1SR5	ENSG00000117601	ENST00000367698	LIG 2	NAG	YES	ENST00000367698	50,51,52,156,158,159,160,176,178
1T1F	ENSG00000117601	ENST00000367698	LIG 3	GOL	YES	ENST00000367698	90,347,349,350,354
2B4X	ENSG00000117601	ENST00000367698	LIG 1	NAG	YES	ENST00000367698	179,201
2B5T	ENSG00000117601	ENST00000367698	LIG 5	GOL	YES	ENST00000367698	218,345,393,395,402
2BEH	ENSG00000117601	ENST00000367698	LIG 4	GOL	YES	ENST00000367698	73,76,77,101,123,147,435,436,437
2BEH	ENSG00000117601	ENST00000367698	LIG 1	NAG	YES	ENST00000367698	116,117,371
2GD4	ENSG00000117601	ENST00000367698	LIG 1	NAG	YES	ENST00000367698	49,50,51,52,177,179,377
2HIJ	ENSG00000117601	ENST00000367698	LIG 4	GOL	YES	ENST00000367698	73,317,320,324,429,434
2HIJ	ENSG00000117601	ENST00000367698	LIG 1	NAG	YES	ENST00000367698	52,113,366
2ZNH	ENSG00000117601	ENST00000367698	LIG 1	NAG	YES	ENST00000367698	111
3EVJ	ENSG00000117601	ENST00000367698	LIG 1	NAG	YES	ENST00000367698	50,51,52,112,173,179,366,367,369,370
1B1E	ENSG00000214274	ENST00000336811	LIG 1	CIT	YES	ENST00000336811,ENST00000397990	123,124,125,146
1B1E	ENSG00000214274	ENST00000397990	LIG 1	CIT	YES	ENST00000336811,ENST00000397990	123,124,125,146
1B1I	ENSG00000214274	ENST00000336811	LIG 1	CIT	YES	ENST00000397990,ENST00000336811	123,124,125
1B1I	ENSG00000214274	ENST00000397990	LIG 1	CIT	YES	ENST00000397990,ENST00000336811	123,124,125
1H53	ENSG00000214274	ENST00000336811	LIG 1	CIT	YES	ENST00000336811,ENST00000397990	122,123,124,125
1H53	ENSG00000214274	ENST00000397990	LIG 1	CIT	YES	ENST00000336811,ENST00000397990	122,123,124,125
1K59	ENSG00000214274	ENST00000336811	LIG 1	CIT	YES	ENST00000397990,ENST00000336811	122,123,124,125
1K59	ENSG00000214274	ENST00000397990	LIG 1	CIT	YES	ENST00000397990,ENST00000336811	122,123,124,125
1K5B	ENSG00000214274	ENST00000336811	LIG 1	CIT	YES	ENST00000397990,ENST00000336811	65,106,107,119
1K5B	ENSG00000214274	ENST00000397990	LIG 1	CIT	YES	ENST00000397990,ENST00000336811	65,106,107,119
1UN4	ENSG00000214274	ENST00000336811	LIG 1	CIT	YES	ENST00000336811,ENST00000397990	122,123,124,125
1UN4	ENSG00000214274	ENST00000397990	LIG 1	CIT	YES	ENST00000336811,ENST00000397990	122,123,124,125
2ANG	ENSG00000214274	ENST00000336811	LIG 1	CIT	YES	ENST00000336811,ENST00000397990	123,124,125,146
2ANG	ENSG00000214274	ENST00000397990	LIG 1	CIT	YES	ENST00000336811,ENST00000397990	123,124,125,146
5EPZ	ENSG00000214274	ENST00000336811	LIG 2	GOL	YES	ENST00000336811,ENST00000397990	123,124
5EPZ	ENSG00000214274	ENST00000397990	LIG 2	GOL	YES	ENST00000336811,ENST00000397990	123,124
5M9T	ENSG00000214274	ENST00000336811	LIG 1	GOL	YES	ENST00000397990,ENST00000336811	38,73,74,75
5M9T	ENSG00000214274	ENST00000397990	LIG 1	GOL	YES	ENST00000397990,ENST00000336811	38,73,74,75
5M9V	ENSG00000214274	ENST00000336811	LIG 2	GSH	YES	ENST00000397990,ENST00000336811	141,145
5M9V	ENSG00000214274	ENST00000397990	LIG 2	GSH	YES	ENST00000397990,ENST00000336811	141,145
1B2I	ENSG00000122194	ENST00000308192	LIG 1	AMH	YES	ENST00000308192	219,238,240,244,246,253,254
1B2I	ENSG00000122194	ENST00000366924	LIG 1	AMH	NO	ENST00000308192	NA
1B2I	ENSG00000122194	ENST00000418964	LIG 1	AMH	NO	ENST00000308192	NA
1CEA	ENSG00000122194	ENST00000308192	LIG 1	ACA	YES	ENST00000308192	135,136,155,157,162,164,171,172
1CEA	ENSG00000122194	ENST00000366924	LIG 1	ACA	NO	ENST00000308192	NA
1CEA	ENSG00000122194	ENST00000418964	LIG 1	ACA	NO	ENST00000308192	NA
1CEB	ENSG00000122194	ENST00000308192	LIG 1	AMH	YES	ENST00000308192	135,136,155,157,162,164,171,172
1CEB	ENSG00000122194	ENST00000366924	LIG 1	AMH	NO	ENST00000308192	NA
1CEB	ENSG00000122194	ENST00000418964	LIG 1	AMH	NO	ENST00000308192	NA
1HPK	ENSG00000122194	ENST00000308192	LIG 1	ACA	YES	ENST00000308192	135,156,157,158,163,165
1HPK	ENSG00000122194	ENST00000366924	LIG 1	ACA	NO	ENST00000308192	NA
1HPK	ENSG00000122194	ENST00000418964	LIG 1	ACA	NO	ENST00000308192	NA
2PK4	ENSG00000122194	ENST00000308192	LIG 1	ACA	YES	ENST00000308192	411,430,432,436,438,445,446
2PK4	ENSG00000122194	ENST00000366924	LIG 1	ACA	NO	ENST00000308192	NA
2PK4	ENSG00000122194	ENST00000418964	LIG 1	ACA	NO	ENST00000308192	NA
6D3Y	ENSG00000122194	ENST00000308192	LIG 2	GOL	YES	ENST00000308192	663,778
6D3Y	ENSG00000122194	ENST00000366924	LIG 2	GOL	NO	ENST00000308192	NA
6D3Y	ENSG00000122194	ENST00000418964	LIG 2	GOL	NO	ENST00000308192	NA
1B2Y	ENSG00000243480	ENST00000423678	LIG 2	PCA	NO	ENST00000414303	NA
1B2Y	ENSG00000243480	ENST00000414303	LIG 2	PCA	YES	ENST00000414303	17,18,243,244,245,265
1BSI	ENSG00000243480	ENST00000423678	LIG 1	NAG	NO	ENST00000414303	NA
1BSI	ENSG00000243480	ENST00000414303	LIG 1	NAG	YES	ENST00000414303	474,476
1CPU	ENSG00000243480	ENST00000423678	LIG 3	NAG	NO	ENST00000414303	NA
1CPU	ENSG00000243480	ENST00000414303	LIG 3	NAG	YES	ENST00000414303	474,476
1KB3	ENSG00000243480	ENST00000423678	LIG 1	NAG	NO	ENST00000414303	NA
1KB3	ENSG00000243480	ENST00000414303	LIG 1	NAG	YES	ENST00000414303	474,476
1KBK	ENSG00000243480	ENST00000423678	LIG 1	NAG	NO	ENST00000414303	NA
1KBK	ENSG00000243480	ENST00000414303	LIG 1	NAG	YES	ENST00000414303	476
1KGW	ENSG00000243480	ENST00000423678	LIG 1	NAG	NO	ENST00000414303	NA
1KGW	ENSG00000243480	ENST00000414303	LIG 1	NAG	YES	ENST00000414303	474,475,476
1KGX	ENSG00000243480	ENST00000423678	LIG 1	NAG	NO	ENST00000414303	NA
1KGX	ENSG00000243480	ENST00000414303	LIG 1	NAG	YES	ENST00000414303	474,475,476
1U2Y	ENSG00000243480	ENST00000423678	LIG 1	NAG	NO	ENST00000414303	NA
1U2Y	ENSG00000243480	ENST00000414303	LIG 1	NAG	YES	ENST00000414303	474,476
1U30	ENSG00000243480	ENST00000423678	LIG 1	NAG	NO	ENST00000414303	NA
1U30	ENSG00000243480	ENST00000414303	LIG 1	NAG	YES	ENST00000414303	476
1U33	ENSG00000243480	ENST00000423678	LIG 1	NAG	NO	ENST00000414303	NA
1U33	ENSG00000243480	ENST00000414303	LIG 1	NAG	YES	ENST00000414303	474,476
1XCW	ENSG00000243480	ENST00000423678	LIG 2	NAG	NO	ENST00000414303	NA
1XCW	ENSG00000243480	ENST00000414303	LIG 2	NAG	YES	ENST00000414303	474,476
1XCX	ENSG00000243480	ENST00000423678	LIG 2	NAG	NO	ENST00000414303	NA
1XCX	ENSG00000243480	ENST00000414303	LIG 2	NAG	YES	ENST00000414303	475,476
1XD0	ENSG00000243480	ENST00000423678	LIG 1	NAG	NO	ENST00000414303	NA
1XD0	ENSG00000243480	ENST00000414303	LIG 1	NAG	YES	ENST00000414303	474,476
1XD1	ENSG00000243480	ENST00000423678	LIG 1	NAG	NO	ENST00000414303	NA
1XD1	ENSG00000243480	ENST00000414303	LIG 1	NAG	YES	ENST00000414303	475,476
1XGZ	ENSG00000243480	ENST00000423678	LIG 1	NAG	NO	ENST00000414303	NA
1XGZ	ENSG00000243480	ENST00000414303	LIG 1	NAG	YES	ENST00000414303	474,476
1XH0	ENSG00000243480	ENST00000423678	LIG 1	NAG	NO	ENST00000414303	NA
1XH0	ENSG00000243480	ENST00000414303	LIG 1	NAG	YES	ENST00000414303	474,476
1XH1	ENSG00000243480	ENST00000423678	LIG 1	NAG	NO	ENST00000414303	NA
1XH1	ENSG00000243480	ENST00000414303	LIG 1	NAG	YES	ENST00000414303	474,475,476
1XH2	ENSG00000243480	ENST00000423678	LIG 1	NAG	NO	ENST00000414303	NA
1XH2	ENSG00000243480	ENST00000414303	LIG 1	NAG	YES	ENST00000414303	474,475,476
2QMK	ENSG00000243480	ENST00000423678	LIG 2	NO2	NO	ENST00000414303	NA
2QMK	ENSG00000243480	ENST00000414303	LIG 2	NO2	YES	ENST00000414303	210,248,269,271,310,313,352
2QMK	ENSG00000243480	ENST00000423678	LIG 1	NAG	NO	ENST00000414303	NA
2QMK	ENSG00000243480	ENST00000414303	LIG 1	NAG	YES	ENST00000414303	474,476
2QV4	ENSG00000243480	ENST00000423678	LIG 2	NO2	NO	ENST00000414303	NA
2QV4	ENSG00000243480	ENST00000414303	LIG 2	NO2	YES	ENST00000414303	210,248,269,271,313,352
2QV4	ENSG00000243480	ENST00000423678	LIG 1	NAG	NO	ENST00000414303	NA
2QV4	ENSG00000243480	ENST00000414303	LIG 1	NAG	YES	ENST00000414303	474,475,476
3BAI	ENSG00000243480	ENST00000423678	LIG 1	NAG	NO	ENST00000414303	NA
3BAI	ENSG00000243480	ENST00000414303	LIG 1	NAG	YES	ENST00000414303	474,475,476
3BAJ	ENSG00000243480	ENST00000423678	LIG 1	NAG	NO	ENST00000414303	NA
3BAJ	ENSG00000243480	ENST00000414303	LIG 1	NAG	YES	ENST00000414303	474,475,476
3BAK	ENSG00000243480	ENST00000423678	LIG 1	NAG	NO	ENST00000414303	NA
3BAK	ENSG00000243480	ENST00000414303	LIG 1	NAG	YES	ENST00000414303	474,475,476
3BAW	ENSG00000243480	ENST00000423678	LIG 1	NAG	NO	ENST00000414303	NA
3BAW	ENSG00000243480	ENST00000414303	LIG 1	NAG	YES	ENST00000414303	474,476
3BAX	ENSG00000243480	ENST00000423678	LIG 1	NAG	NO	ENST00000414303	NA
3BAX	ENSG00000243480	ENST00000414303	LIG 1	NAG	YES	ENST00000414303	474,475,476
3BAY	ENSG00000243480	ENST00000423678	LIG 1	NAG	NO	ENST00000414303	NA
3BAY	ENSG00000243480	ENST00000414303	LIG 1	NAG	YES	ENST00000414303	474,475,476
3OLD	ENSG00000243480	ENST00000423678	LIG 8	PCA	NO	ENST00000414303	NA
3OLD	ENSG00000243480	ENST00000414303	LIG 8	PCA	YES	ENST00000414303	17,18,242,243,244,245,265
3OLD	ENSG00000243480	ENST00000423678	LIG 6	NAG	NO	ENST00000414303	NA
3OLD	ENSG00000243480	ENST00000414303	LIG 6	NAG	YES	ENST00000414303	474,475,476
3OLE	ENSG00000243480	ENST00000423678	LIG 8	PCA	NO	ENST00000414303	NA
3OLE	ENSG00000243480	ENST00000414303	LIG 8	PCA	YES	ENST00000414303	17,18,243,244,245,265
3OLE	ENSG00000243480	ENST00000423678	LIG 6	NAG	NO	ENST00000414303	NA
3OLE	ENSG00000243480	ENST00000414303	LIG 6	NAG	YES	ENST00000414303	474,476
3OLG	ENSG00000243480	ENST00000423678	LIG 1	GLC	NO	ENST00000414303	NA
3OLG	ENSG00000243480	ENST00000414303	LIG 1	GLC	YES	ENST00000414303	73,74,77,78,178,180,315,320
3OLG	ENSG00000243480	ENST00000423678	LIG 7	PCA	NO	ENST00000414303	NA
3OLG	ENSG00000243480	ENST00000414303	LIG 7	PCA	YES	ENST00000414303	17,18,242,243,244,245,265
3OLI	ENSG00000243480	ENST00000423678	LIG 7	PCA	NO	ENST00000414303	NA
3OLI	ENSG00000243480	ENST00000414303	LIG 7	PCA	YES	ENST00000414303	17,18,242,243,244,245,265
4GQQ	ENSG00000243480	ENST00000423678	LIG 1	NAG	NO	ENST00000414303	NA
4GQQ	ENSG00000243480	ENST00000414303	LIG 1	NAG	YES	ENST00000414303	475,476,481,511
4GQR	ENSG00000243480	ENST00000423678	LIG 1	NAG	NO	ENST00000414303	NA
4GQR	ENSG00000243480	ENST00000414303	LIG 1	NAG	YES	ENST00000414303	474,476
5U3A	ENSG00000243480	ENST00000423678	LIG 1	NAG	NO	ENST00000414303	NA
5U3A	ENSG00000243480	ENST00000414303	LIG 1	NAG	YES	ENST00000414303	474,476
6OBX	ENSG00000243480	ENST00000423678	LIG 3	NAG	NO	ENST00000414303	NA
6OBX	ENSG00000243480	ENST00000414303	LIG 3	NAG	YES	ENST00000414303	474,476
6OCN	ENSG00000243480	ENST00000423678	LIG 1	NAG	NO	ENST00000414303	NA
6OCN	ENSG00000243480	ENST00000414303	LIG 1	NAG	YES	ENST00000414303	474,476
1B41	ENSG00000087085	ENST00000241069	LIG 1	NAG	YES	ENST00000428317,ENST00000412389,ENST00000241069	369,370,372,375
1B41	ENSG00000087085	ENST00000302913	LIG 1	NAG	YES	ENST00000428317,ENST00000412389,ENST00000241069	369,370,372,375
1B41	ENSG00000087085	ENST00000454485	LIG 1	NAG	YES	ENST00000428317,ENST00000412389,ENST00000241069	369,370,372,375
1B41	ENSG00000087085	ENST00000412389	LIG 1	NAG	YES	ENST00000428317,ENST00000412389,ENST00000241069	369,370,372,375
1B41	ENSG00000087085	ENST00000441605	LIG 1	NAG	NO	ENST00000428317,ENST00000412389,ENST00000241069	NA
1B41	ENSG00000087085	ENST00000426415	LIG 1	NAG	NO	ENST00000428317,ENST00000412389,ENST00000241069	NA
1B41	ENSG00000087085	ENST00000430554	LIG 1	NAG	YES	ENST00000428317,ENST00000412389,ENST00000241069	369,370,372,375
1B41	ENSG00000087085	ENST00000445236	LIG 1	NAG	NO	ENST00000428317,ENST00000412389,ENST00000241069	NA
1B41	ENSG00000087085	ENST00000419336	LIG 1	NAG	NO	ENST00000428317,ENST00000412389,ENST00000241069	NA
1B41	ENSG00000087085	ENST00000411582	LIG 1	NAG	YES	ENST00000428317,ENST00000412389,ENST00000241069	369,370,372,375
1B41	ENSG00000087085	ENST00000440755	LIG 1	NAG	NO	ENST00000428317,ENST00000412389,ENST00000241069	NA
1B41	ENSG00000087085	ENST00000428317	LIG 1	NAG	YES	ENST00000428317,ENST00000412389,ENST00000241069	369,370,372,375
1B41	ENSG00000087085	ENST00000442452	LIG 1	NAG	NO	ENST00000428317,ENST00000412389,ENST00000241069	NA
2X8B	ENSG00000087085	ENST00000241069	LIG 3	NAG	YES	ENST00000428317,ENST00000412389,ENST00000241069	370,372,375
2X8B	ENSG00000087085	ENST00000302913	LIG 3	NAG	YES	ENST00000428317,ENST00000412389,ENST00000241069	370,372,375
2X8B	ENSG00000087085	ENST00000454485	LIG 3	NAG	YES	ENST00000428317,ENST00000412389,ENST00000241069	370,372,375
2X8B	ENSG00000087085	ENST00000412389	LIG 3	NAG	YES	ENST00000428317,ENST00000412389,ENST00000241069	370,372,375
2X8B	ENSG00000087085	ENST00000441605	LIG 3	NAG	NO	ENST00000428317,ENST00000412389,ENST00000241069	NA
2X8B	ENSG00000087085	ENST00000426415	LIG 3	NAG	NO	ENST00000428317,ENST00000412389,ENST00000241069	NA
2X8B	ENSG00000087085	ENST00000430554	LIG 3	NAG	YES	ENST00000428317,ENST00000412389,ENST00000241069	370,372,375
2X8B	ENSG00000087085	ENST00000445236	LIG 3	NAG	NO	ENST00000428317,ENST00000412389,ENST00000241069	NA
2X8B	ENSG00000087085	ENST00000419336	LIG 3	NAG	NO	ENST00000428317,ENST00000412389,ENST00000241069	NA
2X8B	ENSG00000087085	ENST00000411582	LIG 3	NAG	YES	ENST00000428317,ENST00000412389,ENST00000241069	370,372,375
2X8B	ENSG00000087085	ENST00000440755	LIG 3	NAG	NO	ENST00000428317,ENST00000412389,ENST00000241069	NA
2X8B	ENSG00000087085	ENST00000428317	LIG 3	NAG	YES	ENST00000428317,ENST00000412389,ENST00000241069	370,372,375
2X8B	ENSG00000087085	ENST00000442452	LIG 3	NAG	NO	ENST00000428317,ENST00000412389,ENST00000241069	NA
4EY4	ENSG00000087085	ENST00000241069	LIG 1	NAG	YES	ENST00000428317,ENST00000412389,ENST00000241069	369,370,371,372,375
4EY4	ENSG00000087085	ENST00000302913	LIG 1	NAG	YES	ENST00000428317,ENST00000412389,ENST00000241069	369,370,371,372,375
4EY4	ENSG00000087085	ENST00000454485	LIG 1	NAG	YES	ENST00000428317,ENST00000412389,ENST00000241069	369,370,371,372,375
4EY4	ENSG00000087085	ENST00000412389	LIG 1	NAG	YES	ENST00000428317,ENST00000412389,ENST00000241069	369,370,371,372,375
4EY4	ENSG00000087085	ENST00000441605	LIG 1	NAG	NO	ENST00000428317,ENST00000412389,ENST00000241069	NA
4EY4	ENSG00000087085	ENST00000426415	LIG 1	NAG	NO	ENST00000428317,ENST00000412389,ENST00000241069	NA
4EY4	ENSG00000087085	ENST00000430554	LIG 1	NAG	YES	ENST00000428317,ENST00000412389,ENST00000241069	369,370,371,372,375
4EY4	ENSG00000087085	ENST00000445236	LIG 1	NAG	NO	ENST00000428317,ENST00000412389,ENST00000241069	NA
4EY4	ENSG00000087085	ENST00000419336	LIG 1	NAG	NO	ENST00000428317,ENST00000412389,ENST00000241069	NA
4EY4	ENSG00000087085	ENST00000411582	LIG 1	NAG	YES	ENST00000428317,ENST00000412389,ENST00000241069	369,370,371,372,375
4EY4	ENSG00000087085	ENST00000440755	LIG 1	NAG	NO	ENST00000428317,ENST00000412389,ENST00000241069	NA
4EY4	ENSG00000087085	ENST00000428317	LIG 1	NAG	YES	ENST00000428317,ENST00000412389,ENST00000241069	369,370,371,372,375
4EY4	ENSG00000087085	ENST00000442452	LIG 1	NAG	NO	ENST00000428317,ENST00000412389,ENST00000241069	NA
4EY5	ENSG00000087085	ENST00000241069	LIG 1	NAG	YES	ENST00000241069,ENST00000412389,ENST00000428317	369,370,371,372,375
4EY5	ENSG00000087085	ENST00000302913	LIG 1	NAG	YES	ENST00000241069,ENST00000412389,ENST00000428317	369,370,371,372,375
4EY5	ENSG00000087085	ENST00000454485	LIG 1	NAG	YES	ENST00000241069,ENST00000412389,ENST00000428317	369,370,371,372,375
4EY5	ENSG00000087085	ENST00000412389	LIG 1	NAG	YES	ENST00000241069,ENST00000412389,ENST00000428317	369,370,371,372,375
4EY5	ENSG00000087085	ENST00000441605	LIG 1	NAG	NO	ENST00000241069,ENST00000412389,ENST00000428317	NA
4EY5	ENSG00000087085	ENST00000426415	LIG 1	NAG	NO	ENST00000241069,ENST00000412389,ENST00000428317	NA
4EY5	ENSG00000087085	ENST00000430554	LIG 1	NAG	YES	ENST00000241069,ENST00000412389,ENST00000428317	369,370,371,372,375
4EY5	ENSG00000087085	ENST00000445236	LIG 1	NAG	NO	ENST00000241069,ENST00000412389,ENST00000428317	NA
4EY5	ENSG00000087085	ENST00000419336	LIG 1	NAG	NO	ENST00000241069,ENST00000412389,ENST00000428317	NA
4EY5	ENSG00000087085	ENST00000411582	LIG 1	NAG	YES	ENST00000241069,ENST00000412389,ENST00000428317	369,370,371,372,375
4EY5	ENSG00000087085	ENST00000440755	LIG 1	NAG	NO	ENST00000241069,ENST00000412389,ENST00000428317	NA
4EY5	ENSG00000087085	ENST00000428317	LIG 1	NAG	YES	ENST00000241069,ENST00000412389,ENST00000428317	369,370,371,372,375
4EY5	ENSG00000087085	ENST00000442452	LIG 1	NAG	NO	ENST00000241069,ENST00000412389,ENST00000428317	NA
4EY5	ENSG00000087085	ENST00000241069	LIG 2	HUP	YES	ENST00000241069,ENST00000412389,ENST00000428317	117,150,151,152,153,155,156,157,164,233,234,362,472
4EY5	ENSG00000087085	ENST00000302913	LIG 2	HUP	YES	ENST00000241069,ENST00000412389,ENST00000428317	117,150,151,152,153,155,156,157,164,233,234,362,472
4EY5	ENSG00000087085	ENST00000454485	LIG 2	HUP	NO	ENST00000241069,ENST00000412389,ENST00000428317	NA
4EY5	ENSG00000087085	ENST00000412389	LIG 2	HUP	YES	ENST00000241069,ENST00000412389,ENST00000428317	117,150,151,152,153,155,156,157,164,233,234,362,472
4EY5	ENSG00000087085	ENST00000441605	LIG 2	HUP	NO	ENST00000241069,ENST00000412389,ENST00000428317	NA
4EY5	ENSG00000087085	ENST00000426415	LIG 2	HUP	NO	ENST00000241069,ENST00000412389,ENST00000428317	NA
4EY5	ENSG00000087085	ENST00000430554	LIG 2	HUP	NO	ENST00000241069,ENST00000412389,ENST00000428317	NA
4EY5	ENSG00000087085	ENST00000445236	LIG 2	HUP	NO	ENST00000241069,ENST00000412389,ENST00000428317	NA
4EY5	ENSG00000087085	ENST00000419336	LIG 2	HUP	NO	ENST00000241069,ENST00000412389,ENST00000428317	NA
4EY5	ENSG00000087085	ENST00000411582	LIG 2	HUP	YES	ENST00000241069,ENST00000412389,ENST00000428317	117,150,151,152,153,155,156,157,164,233,234,362,472
4EY5	ENSG00000087085	ENST00000440755	LIG 2	HUP	NO	ENST00000241069,ENST00000412389,ENST00000428317	NA
4EY5	ENSG00000087085	ENST00000428317	LIG 2	HUP	YES	ENST00000241069,ENST00000412389,ENST00000428317	117,150,151,152,153,155,156,157,164,233,234,362,472
4EY5	ENSG00000087085	ENST00000442452	LIG 2	HUP	NO	ENST00000241069,ENST00000412389,ENST00000428317	NA
4EY5	ENSG00000087085	ENST00000241069	LIG 3	DMS	YES	ENST00000241069,ENST00000412389,ENST00000428317	155,311,320,322,362,363,366
4EY5	ENSG00000087085	ENST00000302913	LIG 3	DMS	YES	ENST00000241069,ENST00000412389,ENST00000428317	155,311,320,322,362,363,366
4EY5	ENSG00000087085	ENST00000454485	LIG 3	DMS	YES	ENST00000241069,ENST00000412389,ENST00000428317	155,311,320,322,362,363,366
4EY5	ENSG00000087085	ENST00000412389	LIG 3	DMS	YES	ENST00000241069,ENST00000412389,ENST00000428317	155,311,320,322,362,363,366
4EY5	ENSG00000087085	ENST00000441605	LIG 3	DMS	NO	ENST00000241069,ENST00000412389,ENST00000428317	NA
4EY5	ENSG00000087085	ENST00000426415	LIG 3	DMS	NO	ENST00000241069,ENST00000412389,ENST00000428317	NA
4EY5	ENSG00000087085	ENST00000430554	LIG 3	DMS	YES	ENST00000241069,ENST00000412389,ENST00000428317	155,311,320,322,362,363,366
4EY5	ENSG00000087085	ENST00000445236	LIG 3	DMS	NO	ENST00000241069,ENST00000412389,ENST00000428317	NA
4EY5	ENSG00000087085	ENST00000419336	LIG 3	DMS	NO	ENST00000241069,ENST00000412389,ENST00000428317	NA
4EY5	ENSG00000087085	ENST00000411582	LIG 3	DMS	YES	ENST00000241069,ENST00000412389,ENST00000428317	155,311,320,322,362,363,366
4EY5	ENSG00000087085	ENST00000440755	LIG 3	DMS	NO	ENST00000241069,ENST00000412389,ENST00000428317	NA
4EY5	ENSG00000087085	ENST00000428317	LIG 3	DMS	YES	ENST00000241069,ENST00000412389,ENST00000428317	155,311,320,322,362,363,366
4EY5	ENSG00000087085	ENST00000442452	LIG 3	DMS	NO	ENST00000241069,ENST00000412389,ENST00000428317	NA
4EY6	ENSG00000087085	ENST00000241069	LIG 2	GNT	YES	ENST00000428317,ENST00000412389,ENST00000241069	105,117,151,152,153,155,233,234,320,322,362,363,472
4EY6	ENSG00000087085	ENST00000302913	LIG 2	GNT	YES	ENST00000428317,ENST00000412389,ENST00000241069	105,117,151,152,153,155,233,234,320,322,362,363,472
4EY6	ENSG00000087085	ENST00000454485	LIG 2	GNT	NO	ENST00000428317,ENST00000412389,ENST00000241069	NA
4EY6	ENSG00000087085	ENST00000412389	LIG 2	GNT	YES	ENST00000428317,ENST00000412389,ENST00000241069	105,117,151,152,153,155,233,234,320,322,362,363,472
4EY6	ENSG00000087085	ENST00000441605	LIG 2	GNT	NO	ENST00000428317,ENST00000412389,ENST00000241069	NA
4EY6	ENSG00000087085	ENST00000426415	LIG 2	GNT	NO	ENST00000428317,ENST00000412389,ENST00000241069	NA
4EY6	ENSG00000087085	ENST00000430554	LIG 2	GNT	NO	ENST00000428317,ENST00000412389,ENST00000241069	NA
4EY6	ENSG00000087085	ENST00000445236	LIG 2	GNT	NO	ENST00000428317,ENST00000412389,ENST00000241069	NA
4EY6	ENSG00000087085	ENST00000419336	LIG 2	GNT	NO	ENST00000428317,ENST00000412389,ENST00000241069	NA
4EY6	ENSG00000087085	ENST00000411582	LIG 2	GNT	YES	ENST00000428317,ENST00000412389,ENST00000241069	105,117,151,152,153,155,233,234,320,322,362,363,472
4EY6	ENSG00000087085	ENST00000440755	LIG 2	GNT	NO	ENST00000428317,ENST00000412389,ENST00000241069	NA
4EY6	ENSG00000087085	ENST00000428317	LIG 2	GNT	YES	ENST00000428317,ENST00000412389,ENST00000241069	105,117,151,152,153,155,233,234,320,322,362,363,472
4EY6	ENSG00000087085	ENST00000442452	LIG 2	GNT	NO	ENST00000428317,ENST00000412389,ENST00000241069	NA
4EY6	ENSG00000087085	ENST00000241069	LIG 1	NAG	YES	ENST00000428317,ENST00000412389,ENST00000241069	369,370,371,372,375
4EY6	ENSG00000087085	ENST00000302913	LIG 1	NAG	YES	ENST00000428317,ENST00000412389,ENST00000241069	369,370,371,372,375
4EY6	ENSG00000087085	ENST00000454485	LIG 1	NAG	YES	ENST00000428317,ENST00000412389,ENST00000241069	369,370,371,372,375
4EY6	ENSG00000087085	ENST00000412389	LIG 1	NAG	YES	ENST00000428317,ENST00000412389,ENST00000241069	369,370,371,372,375
4EY6	ENSG00000087085	ENST00000441605	LIG 1	NAG	NO	ENST00000428317,ENST00000412389,ENST00000241069	NA
4EY6	ENSG00000087085	ENST00000426415	LIG 1	NAG	NO	ENST00000428317,ENST00000412389,ENST00000241069	NA
4EY6	ENSG00000087085	ENST00000430554	LIG 1	NAG	YES	ENST00000428317,ENST00000412389,ENST00000241069	369,370,371,372,375
4EY6	ENSG00000087085	ENST00000445236	LIG 1	NAG	NO	ENST00000428317,ENST00000412389,ENST00000241069	NA
4EY6	ENSG00000087085	ENST00000419336	LIG 1	NAG	NO	ENST00000428317,ENST00000412389,ENST00000241069	NA
4EY6	ENSG00000087085	ENST00000411582	LIG 1	NAG	YES	ENST00000428317,ENST00000412389,ENST00000241069	369,370,371,372,375
4EY6	ENSG00000087085	ENST00000440755	LIG 1	NAG	NO	ENST00000428317,ENST00000412389,ENST00000241069	NA
4EY6	ENSG00000087085	ENST00000428317	LIG 1	NAG	YES	ENST00000428317,ENST00000412389,ENST00000241069	369,370,371,372,375
4EY6	ENSG00000087085	ENST00000442452	LIG 1	NAG	NO	ENST00000428317,ENST00000412389,ENST00000241069	NA
4EY7	ENSG00000087085	ENST00000241069	LIG 1	NAG	YES	ENST00000241069,ENST00000428317,ENST00000412389	369,370,371,372,375
4EY7	ENSG00000087085	ENST00000302913	LIG 1	NAG	YES	ENST00000241069,ENST00000428317,ENST00000412389	369,370,371,372,375
4EY7	ENSG00000087085	ENST00000454485	LIG 1	NAG	YES	ENST00000241069,ENST00000428317,ENST00000412389	369,370,371,372,375
4EY7	ENSG00000087085	ENST00000412389	LIG 1	NAG	YES	ENST00000241069,ENST00000428317,ENST00000412389	369,370,371,372,375
4EY7	ENSG00000087085	ENST00000441605	LIG 1	NAG	NO	ENST00000241069,ENST00000428317,ENST00000412389	NA
4EY7	ENSG00000087085	ENST00000426415	LIG 1	NAG	NO	ENST00000241069,ENST00000428317,ENST00000412389	NA
4EY7	ENSG00000087085	ENST00000430554	LIG 1	NAG	YES	ENST00000241069,ENST00000428317,ENST00000412389	369,370,371,372,375
4EY7	ENSG00000087085	ENST00000445236	LIG 1	NAG	NO	ENST00000241069,ENST00000428317,ENST00000412389	NA
4EY7	ENSG00000087085	ENST00000419336	LIG 1	NAG	NO	ENST00000241069,ENST00000428317,ENST00000412389	NA
4EY7	ENSG00000087085	ENST00000411582	LIG 1	NAG	YES	ENST00000241069,ENST00000428317,ENST00000412389	369,370,371,372,375
4EY7	ENSG00000087085	ENST00000440755	LIG 1	NAG	NO	ENST00000241069,ENST00000428317,ENST00000412389	NA
4EY7	ENSG00000087085	ENST00000428317	LIG 1	NAG	YES	ENST00000241069,ENST00000428317,ENST00000412389	369,370,371,372,375
4EY7	ENSG00000087085	ENST00000442452	LIG 1	NAG	NO	ENST00000241069,ENST00000428317,ENST00000412389	NA
4EY8	ENSG00000087085	ENST00000241069	LIG 1	NAG	YES	ENST00000241069,ENST00000428317,ENST00000412389	370,372,375
4EY8	ENSG00000087085	ENST00000302913	LIG 1	NAG	YES	ENST00000241069,ENST00000428317,ENST00000412389	370,372,375
4EY8	ENSG00000087085	ENST00000454485	LIG 1	NAG	YES	ENST00000241069,ENST00000428317,ENST00000412389	370,372,375
4EY8	ENSG00000087085	ENST00000412389	LIG 1	NAG	YES	ENST00000241069,ENST00000428317,ENST00000412389	370,372,375
4EY8	ENSG00000087085	ENST00000441605	LIG 1	NAG	NO	ENST00000241069,ENST00000428317,ENST00000412389	NA
4EY8	ENSG00000087085	ENST00000426415	LIG 1	NAG	NO	ENST00000241069,ENST00000428317,ENST00000412389	NA
4EY8	ENSG00000087085	ENST00000430554	LIG 1	NAG	YES	ENST00000241069,ENST00000428317,ENST00000412389	370,372,375
4EY8	ENSG00000087085	ENST00000445236	LIG 1	NAG	NO	ENST00000241069,ENST00000428317,ENST00000412389	NA
4EY8	ENSG00000087085	ENST00000419336	LIG 1	NAG	NO	ENST00000241069,ENST00000428317,ENST00000412389	NA
4EY8	ENSG00000087085	ENST00000411582	LIG 1	NAG	YES	ENST00000241069,ENST00000428317,ENST00000412389	370,372,375
4EY8	ENSG00000087085	ENST00000440755	LIG 1	NAG	NO	ENST00000241069,ENST00000428317,ENST00000412389	NA
4EY8	ENSG00000087085	ENST00000428317	LIG 1	NAG	YES	ENST00000241069,ENST00000428317,ENST00000412389	370,372,375
4EY8	ENSG00000087085	ENST00000442452	LIG 1	NAG	NO	ENST00000241069,ENST00000428317,ENST00000412389	NA
4M0E	ENSG00000087085	ENST00000241069	LIG 1	NAG	YES	ENST00000428317,ENST00000241069,ENST00000412389	370,371,373,376
4M0E	ENSG00000087085	ENST00000302913	LIG 1	NAG	YES	ENST00000428317,ENST00000241069,ENST00000412389	370,371,373,376
4M0E	ENSG00000087085	ENST00000454485	LIG 1	NAG	YES	ENST00000428317,ENST00000241069,ENST00000412389	370,371,373,376
4M0E	ENSG00000087085	ENST00000412389	LIG 1	NAG	YES	ENST00000428317,ENST00000241069,ENST00000412389	370,371,373,376
4M0E	ENSG00000087085	ENST00000441605	LIG 1	NAG	NO	ENST00000428317,ENST00000241069,ENST00000412389	NA
4M0E	ENSG00000087085	ENST00000426415	LIG 1	NAG	NO	ENST00000428317,ENST00000241069,ENST00000412389	NA
4M0E	ENSG00000087085	ENST00000430554	LIG 1	NAG	YES	ENST00000428317,ENST00000241069,ENST00000412389	370,371,373,376
4M0E	ENSG00000087085	ENST00000445236	LIG 1	NAG	NO	ENST00000428317,ENST00000241069,ENST00000412389	NA
4M0E	ENSG00000087085	ENST00000419336	LIG 1	NAG	NO	ENST00000428317,ENST00000241069,ENST00000412389	NA
4M0E	ENSG00000087085	ENST00000411582	LIG 1	NAG	YES	ENST00000428317,ENST00000241069,ENST00000412389	370,371,373,376
4M0E	ENSG00000087085	ENST00000440755	LIG 1	NAG	NO	ENST00000428317,ENST00000241069,ENST00000412389	NA
4M0E	ENSG00000087085	ENST00000428317	LIG 1	NAG	YES	ENST00000428317,ENST00000241069,ENST00000412389	370,371,373,376
4M0E	ENSG00000087085	ENST00000442452	LIG 1	NAG	NO	ENST00000428317,ENST00000241069,ENST00000412389	NA
4M0F	ENSG00000087085	ENST00000241069	LIG 1	NAG	YES	ENST00000241069,ENST00000412389,ENST00000428317	369,370,371,372,375
4M0F	ENSG00000087085	ENST00000302913	LIG 1	NAG	YES	ENST00000241069,ENST00000412389,ENST00000428317	369,370,371,372,375
4M0F	ENSG00000087085	ENST00000454485	LIG 1	NAG	YES	ENST00000241069,ENST00000412389,ENST00000428317	369,370,371,372,375
4M0F	ENSG00000087085	ENST00000412389	LIG 1	NAG	YES	ENST00000241069,ENST00000412389,ENST00000428317	369,370,371,372,375
4M0F	ENSG00000087085	ENST00000441605	LIG 1	NAG	NO	ENST00000241069,ENST00000412389,ENST00000428317	NA
4M0F	ENSG00000087085	ENST00000426415	LIG 1	NAG	NO	ENST00000241069,ENST00000412389,ENST00000428317	NA
4M0F	ENSG00000087085	ENST00000430554	LIG 1	NAG	YES	ENST00000241069,ENST00000412389,ENST00000428317	369,370,371,372,375
4M0F	ENSG00000087085	ENST00000445236	LIG 1	NAG	NO	ENST00000241069,ENST00000412389,ENST00000428317	NA
4M0F	ENSG00000087085	ENST00000419336	LIG 1	NAG	NO	ENST00000241069,ENST00000412389,ENST00000428317	NA
4M0F	ENSG00000087085	ENST00000411582	LIG 1	NAG	YES	ENST00000241069,ENST00000412389,ENST00000428317	369,370,371,372,375
4M0F	ENSG00000087085	ENST00000440755	LIG 1	NAG	NO	ENST00000241069,ENST00000412389,ENST00000428317	NA
4M0F	ENSG00000087085	ENST00000428317	LIG 1	NAG	YES	ENST00000241069,ENST00000412389,ENST00000428317	369,370,371,372,375
4M0F	ENSG00000087085	ENST00000442452	LIG 1	NAG	NO	ENST00000241069,ENST00000412389,ENST00000428317	NA
5HF5	ENSG00000087085	ENST00000241069	LIG 1	NAG	YES	ENST00000428317,ENST00000412389,ENST00000241069	369,370,372,375
5HF5	ENSG00000087085	ENST00000302913	LIG 1	NAG	YES	ENST00000428317,ENST00000412389,ENST00000241069	369,370,372,375
5HF5	ENSG00000087085	ENST00000454485	LIG 1	NAG	YES	ENST00000428317,ENST00000412389,ENST00000241069	369,370,372,375
5HF5	ENSG00000087085	ENST00000412389	LIG 1	NAG	YES	ENST00000428317,ENST00000412389,ENST00000241069	369,370,372,375
5HF5	ENSG00000087085	ENST00000441605	LIG 1	NAG	NO	ENST00000428317,ENST00000412389,ENST00000241069	NA
5HF5	ENSG00000087085	ENST00000426415	LIG 1	NAG	NO	ENST00000428317,ENST00000412389,ENST00000241069	NA
5HF5	ENSG00000087085	ENST00000430554	LIG 1	NAG	YES	ENST00000428317,ENST00000412389,ENST00000241069	369,370,372,375
5HF5	ENSG00000087085	ENST00000445236	LIG 1	NAG	NO	ENST00000428317,ENST00000412389,ENST00000241069	NA
5HF5	ENSG00000087085	ENST00000419336	LIG 1	NAG	NO	ENST00000428317,ENST00000412389,ENST00000241069	NA
5HF5	ENSG00000087085	ENST00000411582	LIG 1	NAG	YES	ENST00000428317,ENST00000412389,ENST00000241069	369,370,372,375
5HF5	ENSG00000087085	ENST00000440755	LIG 1	NAG	NO	ENST00000428317,ENST00000412389,ENST00000241069	NA
5HF5	ENSG00000087085	ENST00000428317	LIG 1	NAG	YES	ENST00000428317,ENST00000412389,ENST00000241069	369,370,372,375
5HF5	ENSG00000087085	ENST00000442452	LIG 1	NAG	NO	ENST00000428317,ENST00000412389,ENST00000241069	NA
5HF6	ENSG00000087085	ENST00000241069	LIG 1	NAG	YES	ENST00000412389,ENST00000241069,ENST00000428317	369,370,371,372,375
5HF6	ENSG00000087085	ENST00000302913	LIG 1	NAG	YES	ENST00000412389,ENST00000241069,ENST00000428317	369,370,371,372,375
5HF6	ENSG00000087085	ENST00000454485	LIG 1	NAG	YES	ENST00000412389,ENST00000241069,ENST00000428317	369,370,371,372,375
5HF6	ENSG00000087085	ENST00000412389	LIG 1	NAG	YES	ENST00000412389,ENST00000241069,ENST00000428317	369,370,371,372,375
5HF6	ENSG00000087085	ENST00000441605	LIG 1	NAG	NO	ENST00000412389,ENST00000241069,ENST00000428317	NA
5HF6	ENSG00000087085	ENST00000426415	LIG 1	NAG	NO	ENST00000412389,ENST00000241069,ENST00000428317	NA
5HF6	ENSG00000087085	ENST00000430554	LIG 1	NAG	YES	ENST00000412389,ENST00000241069,ENST00000428317	369,370,371,372,375
5HF6	ENSG00000087085	ENST00000445236	LIG 1	NAG	NO	ENST00000412389,ENST00000241069,ENST00000428317	NA
5HF6	ENSG00000087085	ENST00000419336	LIG 1	NAG	NO	ENST00000412389,ENST00000241069,ENST00000428317	NA
5HF6	ENSG00000087085	ENST00000411582	LIG 1	NAG	YES	ENST00000412389,ENST00000241069,ENST00000428317	369,370,371,372,375
5HF6	ENSG00000087085	ENST00000440755	LIG 1	NAG	NO	ENST00000412389,ENST00000241069,ENST00000428317	NA
5HF6	ENSG00000087085	ENST00000428317	LIG 1	NAG	YES	ENST00000412389,ENST00000241069,ENST00000428317	369,370,371,372,375
5HF6	ENSG00000087085	ENST00000442452	LIG 1	NAG	NO	ENST00000412389,ENST00000241069,ENST00000428317	NA
5HF8	ENSG00000087085	ENST00000241069	LIG 1	NAG	YES	ENST00000241069,ENST00000428317,ENST00000412389	369,370,371,372,375
5HF8	ENSG00000087085	ENST00000302913	LIG 1	NAG	YES	ENST00000241069,ENST00000428317,ENST00000412389	369,370,371,372,375
5HF8	ENSG00000087085	ENST00000454485	LIG 1	NAG	YES	ENST00000241069,ENST00000428317,ENST00000412389	369,370,371,372,375
5HF8	ENSG00000087085	ENST00000412389	LIG 1	NAG	YES	ENST00000241069,ENST00000428317,ENST00000412389	369,370,371,372,375
5HF8	ENSG00000087085	ENST00000441605	LIG 1	NAG	NO	ENST00000241069,ENST00000428317,ENST00000412389	NA
5HF8	ENSG00000087085	ENST00000426415	LIG 1	NAG	NO	ENST00000241069,ENST00000428317,ENST00000412389	NA
5HF8	ENSG00000087085	ENST00000430554	LIG 1	NAG	YES	ENST00000241069,ENST00000428317,ENST00000412389	369,370,371,372,375
5HF8	ENSG00000087085	ENST00000445236	LIG 1	NAG	NO	ENST00000241069,ENST00000428317,ENST00000412389	NA
5HF8	ENSG00000087085	ENST00000419336	LIG 1	NAG	NO	ENST00000241069,ENST00000428317,ENST00000412389	NA
5HF8	ENSG00000087085	ENST00000411582	LIG 1	NAG	YES	ENST00000241069,ENST00000428317,ENST00000412389	369,370,371,372,375
5HF8	ENSG00000087085	ENST00000440755	LIG 1	NAG	NO	ENST00000241069,ENST00000428317,ENST00000412389	NA
5HF8	ENSG00000087085	ENST00000428317	LIG 1	NAG	YES	ENST00000241069,ENST00000428317,ENST00000412389	369,370,371,372,375
5HF8	ENSG00000087085	ENST00000442452	LIG 1	NAG	NO	ENST00000241069,ENST00000428317,ENST00000412389	NA
5HF9	ENSG00000087085	ENST00000241069	LIG 1	NAG	YES	ENST00000412389,ENST00000241069,ENST00000428317	369,370,372,375
5HF9	ENSG00000087085	ENST00000302913	LIG 1	NAG	YES	ENST00000412389,ENST00000241069,ENST00000428317	369,370,372,375
5HF9	ENSG00000087085	ENST00000454485	LIG 1	NAG	YES	ENST00000412389,ENST00000241069,ENST00000428317	369,370,372,375
5HF9	ENSG00000087085	ENST00000412389	LIG 1	NAG	YES	ENST00000412389,ENST00000241069,ENST00000428317	369,370,372,375
5HF9	ENSG00000087085	ENST00000441605	LIG 1	NAG	NO	ENST00000412389,ENST00000241069,ENST00000428317	NA
5HF9	ENSG00000087085	ENST00000426415	LIG 1	NAG	NO	ENST00000412389,ENST00000241069,ENST00000428317	NA
5HF9	ENSG00000087085	ENST00000430554	LIG 1	NAG	YES	ENST00000412389,ENST00000241069,ENST00000428317	369,370,372,375
5HF9	ENSG00000087085	ENST00000445236	LIG 1	NAG	NO	ENST00000412389,ENST00000241069,ENST00000428317	NA
5HF9	ENSG00000087085	ENST00000419336	LIG 1	NAG	NO	ENST00000412389,ENST00000241069,ENST00000428317	NA
5HF9	ENSG00000087085	ENST00000411582	LIG 1	NAG	YES	ENST00000412389,ENST00000241069,ENST00000428317	369,370,372,375
5HF9	ENSG00000087085	ENST00000440755	LIG 1	NAG	NO	ENST00000412389,ENST00000241069,ENST00000428317	NA
5HF9	ENSG00000087085	ENST00000428317	LIG 1	NAG	YES	ENST00000412389,ENST00000241069,ENST00000428317	369,370,372,375
5HF9	ENSG00000087085	ENST00000442452	LIG 1	NAG	NO	ENST00000412389,ENST00000241069,ENST00000428317	NA
5HFA	ENSG00000087085	ENST00000241069	LIG 1	NAG	YES	ENST00000241069,ENST00000412389,ENST00000428317	369,370,371,372,374,375
5HFA	ENSG00000087085	ENST00000302913	LIG 1	NAG	YES	ENST00000241069,ENST00000412389,ENST00000428317	369,370,371,372,374,375
5HFA	ENSG00000087085	ENST00000454485	LIG 1	NAG	YES	ENST00000241069,ENST00000412389,ENST00000428317	369,370,371,372,374,375
5HFA	ENSG00000087085	ENST00000412389	LIG 1	NAG	YES	ENST00000241069,ENST00000412389,ENST00000428317	369,370,371,372,374,375
5HFA	ENSG00000087085	ENST00000441605	LIG 1	NAG	NO	ENST00000241069,ENST00000412389,ENST00000428317	NA
5HFA	ENSG00000087085	ENST00000426415	LIG 1	NAG	NO	ENST00000241069,ENST00000412389,ENST00000428317	NA
5HFA	ENSG00000087085	ENST00000430554	LIG 1	NAG	YES	ENST00000241069,ENST00000412389,ENST00000428317	369,370,371,372,374,375
5HFA	ENSG00000087085	ENST00000445236	LIG 1	NAG	NO	ENST00000241069,ENST00000412389,ENST00000428317	NA
5HFA	ENSG00000087085	ENST00000419336	LIG 1	NAG	NO	ENST00000241069,ENST00000412389,ENST00000428317	NA
5HFA	ENSG00000087085	ENST00000411582	LIG 1	NAG	YES	ENST00000241069,ENST00000412389,ENST00000428317	369,370,371,372,374,375
5HFA	ENSG00000087085	ENST00000440755	LIG 1	NAG	NO	ENST00000241069,ENST00000412389,ENST00000428317	NA
5HFA	ENSG00000087085	ENST00000428317	LIG 1	NAG	YES	ENST00000241069,ENST00000412389,ENST00000428317	369,370,371,372,374,375
5HFA	ENSG00000087085	ENST00000442452	LIG 1	NAG	NO	ENST00000241069,ENST00000412389,ENST00000428317	NA
6CQT	ENSG00000087085	ENST00000241069	LIG 1	NAG	YES	ENST00000412389,ENST00000428317,ENST00000241069	369,370,371,373,376
6CQT	ENSG00000087085	ENST00000302913	LIG 1	NAG	YES	ENST00000412389,ENST00000428317,ENST00000241069	369,370,371,373,376
6CQT	ENSG00000087085	ENST00000454485	LIG 1	NAG	YES	ENST00000412389,ENST00000428317,ENST00000241069	369,370,371,373,376
6CQT	ENSG00000087085	ENST00000412389	LIG 1	NAG	YES	ENST00000412389,ENST00000428317,ENST00000241069	369,370,371,373,376
6CQT	ENSG00000087085	ENST00000441605	LIG 1	NAG	NO	ENST00000412389,ENST00000428317,ENST00000241069	NA
6CQT	ENSG00000087085	ENST00000426415	LIG 1	NAG	NO	ENST00000412389,ENST00000428317,ENST00000241069	NA
6CQT	ENSG00000087085	ENST00000430554	LIG 1	NAG	YES	ENST00000412389,ENST00000428317,ENST00000241069	369,370,371,373,376
6CQT	ENSG00000087085	ENST00000445236	LIG 1	NAG	NO	ENST00000412389,ENST00000428317,ENST00000241069	NA
6CQT	ENSG00000087085	ENST00000419336	LIG 1	NAG	NO	ENST00000412389,ENST00000428317,ENST00000241069	NA
6CQT	ENSG00000087085	ENST00000411582	LIG 1	NAG	YES	ENST00000412389,ENST00000428317,ENST00000241069	369,370,371,373,376
6CQT	ENSG00000087085	ENST00000440755	LIG 1	NAG	NO	ENST00000412389,ENST00000428317,ENST00000241069	NA
6CQT	ENSG00000087085	ENST00000428317	LIG 1	NAG	YES	ENST00000412389,ENST00000428317,ENST00000241069	369,370,371,373,376
6CQT	ENSG00000087085	ENST00000442452	LIG 1	NAG	NO	ENST00000412389,ENST00000428317,ENST00000241069	NA
6CQU	ENSG00000087085	ENST00000241069	LIG 1	NAG	YES	ENST00000428317,ENST00000241069,ENST00000412389	294,296,297,374,376,379
6CQU	ENSG00000087085	ENST00000302913	LIG 1	NAG	YES	ENST00000428317,ENST00000241069,ENST00000412389	294,296,297,374,376,379
6CQU	ENSG00000087085	ENST00000454485	LIG 1	NAG	YES	ENST00000428317,ENST00000241069,ENST00000412389	294,296,297,374,376,379
6CQU	ENSG00000087085	ENST00000412389	LIG 1	NAG	YES	ENST00000428317,ENST00000241069,ENST00000412389	294,296,297,374,376,379
6CQU	ENSG00000087085	ENST00000441605	LIG 1	NAG	NO	ENST00000428317,ENST00000241069,ENST00000412389	NA
6CQU	ENSG00000087085	ENST00000426415	LIG 1	NAG	NO	ENST00000428317,ENST00000241069,ENST00000412389	NA
6CQU	ENSG00000087085	ENST00000430554	LIG 1	NAG	YES	ENST00000428317,ENST00000241069,ENST00000412389	294,296,297,374,376,379
6CQU	ENSG00000087085	ENST00000445236	LIG 1	NAG	NO	ENST00000428317,ENST00000241069,ENST00000412389	NA
6CQU	ENSG00000087085	ENST00000419336	LIG 1	NAG	NO	ENST00000428317,ENST00000241069,ENST00000412389	NA
6CQU	ENSG00000087085	ENST00000411582	LIG 1	NAG	YES	ENST00000428317,ENST00000241069,ENST00000412389	294,296,297,374,376,379
6CQU	ENSG00000087085	ENST00000440755	LIG 1	NAG	NO	ENST00000428317,ENST00000241069,ENST00000412389	NA
6CQU	ENSG00000087085	ENST00000428317	LIG 1	NAG	YES	ENST00000428317,ENST00000241069,ENST00000412389	294,296,297,374,376,379
6CQU	ENSG00000087085	ENST00000442452	LIG 1	NAG	NO	ENST00000428317,ENST00000241069,ENST00000412389	NA
6CQV	ENSG00000087085	ENST00000241069	LIG 1	NAG	YES	ENST00000412389,ENST00000241069,ENST00000428317	372,373,374,375,378
6CQV	ENSG00000087085	ENST00000302913	LIG 1	NAG	YES	ENST00000412389,ENST00000241069,ENST00000428317	372,373,374,375,378
6CQV	ENSG00000087085	ENST00000454485	LIG 1	NAG	YES	ENST00000412389,ENST00000241069,ENST00000428317	372,373,374,375,378
6CQV	ENSG00000087085	ENST00000412389	LIG 1	NAG	YES	ENST00000412389,ENST00000241069,ENST00000428317	372,373,374,375,378
6CQV	ENSG00000087085	ENST00000441605	LIG 1	NAG	NO	ENST00000412389,ENST00000241069,ENST00000428317	NA
6CQV	ENSG00000087085	ENST00000426415	LIG 1	NAG	NO	ENST00000412389,ENST00000241069,ENST00000428317	NA
6CQV	ENSG00000087085	ENST00000430554	LIG 1	NAG	YES	ENST00000412389,ENST00000241069,ENST00000428317	372,373,374,375,378
6CQV	ENSG00000087085	ENST00000445236	LIG 1	NAG	NO	ENST00000412389,ENST00000241069,ENST00000428317	NA
6CQV	ENSG00000087085	ENST00000419336	LIG 1	NAG	NO	ENST00000412389,ENST00000241069,ENST00000428317	NA
6CQV	ENSG00000087085	ENST00000411582	LIG 1	NAG	YES	ENST00000412389,ENST00000241069,ENST00000428317	372,373,374,375,378
6CQV	ENSG00000087085	ENST00000440755	LIG 1	NAG	NO	ENST00000412389,ENST00000241069,ENST00000428317	NA
6CQV	ENSG00000087085	ENST00000428317	LIG 1	NAG	YES	ENST00000412389,ENST00000241069,ENST00000428317	372,373,374,375,378
6CQV	ENSG00000087085	ENST00000442452	LIG 1	NAG	NO	ENST00000412389,ENST00000241069,ENST00000428317	NA
6CQW	ENSG00000087085	ENST00000241069	LIG 1	NAG	YES	ENST00000412389,ENST00000241069,ENST00000428317	371,372,373,374,375,378
6CQW	ENSG00000087085	ENST00000302913	LIG 1	NAG	YES	ENST00000412389,ENST00000241069,ENST00000428317	371,372,373,374,375,378
6CQW	ENSG00000087085	ENST00000454485	LIG 1	NAG	YES	ENST00000412389,ENST00000241069,ENST00000428317	371,372,373,374,375,378
6CQW	ENSG00000087085	ENST00000412389	LIG 1	NAG	YES	ENST00000412389,ENST00000241069,ENST00000428317	371,372,373,374,375,378
6CQW	ENSG00000087085	ENST00000441605	LIG 1	NAG	NO	ENST00000412389,ENST00000241069,ENST00000428317	NA
6CQW	ENSG00000087085	ENST00000426415	LIG 1	NAG	NO	ENST00000412389,ENST00000241069,ENST00000428317	NA
6CQW	ENSG00000087085	ENST00000430554	LIG 1	NAG	YES	ENST00000412389,ENST00000241069,ENST00000428317	371,372,373,374,375,378
6CQW	ENSG00000087085	ENST00000445236	LIG 1	NAG	NO	ENST00000412389,ENST00000241069,ENST00000428317	NA
6CQW	ENSG00000087085	ENST00000419336	LIG 1	NAG	NO	ENST00000412389,ENST00000241069,ENST00000428317	NA
6CQW	ENSG00000087085	ENST00000411582	LIG 1	NAG	YES	ENST00000412389,ENST00000241069,ENST00000428317	371,372,373,374,375,378
6CQW	ENSG00000087085	ENST00000440755	LIG 1	NAG	NO	ENST00000412389,ENST00000241069,ENST00000428317	NA
6CQW	ENSG00000087085	ENST00000428317	LIG 1	NAG	YES	ENST00000412389,ENST00000241069,ENST00000428317	371,372,373,374,375,378
6CQW	ENSG00000087085	ENST00000442452	LIG 1	NAG	NO	ENST00000412389,ENST00000241069,ENST00000428317	NA
6CQX	ENSG00000087085	ENST00000241069	LIG 1	NAG	YES	ENST00000412389,ENST00000428317,ENST00000241069	293,372,373,375,378
6CQX	ENSG00000087085	ENST00000302913	LIG 1	NAG	YES	ENST00000412389,ENST00000428317,ENST00000241069	293,372,373,375,378
6CQX	ENSG00000087085	ENST00000454485	LIG 1	NAG	YES	ENST00000412389,ENST00000428317,ENST00000241069	293,372,373,375,378
6CQX	ENSG00000087085	ENST00000412389	LIG 1	NAG	YES	ENST00000412389,ENST00000428317,ENST00000241069	293,372,373,375,378
6CQX	ENSG00000087085	ENST00000441605	LIG 1	NAG	NO	ENST00000412389,ENST00000428317,ENST00000241069	NA
6CQX	ENSG00000087085	ENST00000426415	LIG 1	NAG	NO	ENST00000412389,ENST00000428317,ENST00000241069	NA
6CQX	ENSG00000087085	ENST00000430554	LIG 1	NAG	YES	ENST00000412389,ENST00000428317,ENST00000241069	293,372,373,375,378
6CQX	ENSG00000087085	ENST00000445236	LIG 1	NAG	NO	ENST00000412389,ENST00000428317,ENST00000241069	NA
6CQX	ENSG00000087085	ENST00000419336	LIG 1	NAG	NO	ENST00000412389,ENST00000428317,ENST00000241069	NA
6CQX	ENSG00000087085	ENST00000411582	LIG 1	NAG	YES	ENST00000412389,ENST00000428317,ENST00000241069	293,372,373,375,378
6CQX	ENSG00000087085	ENST00000440755	LIG 1	NAG	NO	ENST00000412389,ENST00000428317,ENST00000241069	NA
6CQX	ENSG00000087085	ENST00000428317	LIG 1	NAG	YES	ENST00000412389,ENST00000428317,ENST00000241069	293,372,373,375,378
6CQX	ENSG00000087085	ENST00000442452	LIG 1	NAG	NO	ENST00000412389,ENST00000428317,ENST00000241069	NA
6CQY	ENSG00000087085	ENST00000241069	LIG 1	NAG	YES	ENST00000412389,ENST00000241069,ENST00000428317	371,372,373,375,378
6CQY	ENSG00000087085	ENST00000302913	LIG 1	NAG	YES	ENST00000412389,ENST00000241069,ENST00000428317	371,372,373,375,378
6CQY	ENSG00000087085	ENST00000454485	LIG 1	NAG	YES	ENST00000412389,ENST00000241069,ENST00000428317	371,372,373,375,378
6CQY	ENSG00000087085	ENST00000412389	LIG 1	NAG	YES	ENST00000412389,ENST00000241069,ENST00000428317	371,372,373,375,378
6CQY	ENSG00000087085	ENST00000441605	LIG 1	NAG	NO	ENST00000412389,ENST00000241069,ENST00000428317	NA
6CQY	ENSG00000087085	ENST00000426415	LIG 1	NAG	NO	ENST00000412389,ENST00000241069,ENST00000428317	NA
6CQY	ENSG00000087085	ENST00000430554	LIG 1	NAG	YES	ENST00000412389,ENST00000241069,ENST00000428317	371,372,373,375,378
6CQY	ENSG00000087085	ENST00000445236	LIG 1	NAG	NO	ENST00000412389,ENST00000241069,ENST00000428317	NA
6CQY	ENSG00000087085	ENST00000419336	LIG 1	NAG	NO	ENST00000412389,ENST00000241069,ENST00000428317	NA
6CQY	ENSG00000087085	ENST00000411582	LIG 1	NAG	YES	ENST00000412389,ENST00000241069,ENST00000428317	371,372,373,375,378
6CQY	ENSG00000087085	ENST00000440755	LIG 1	NAG	NO	ENST00000412389,ENST00000241069,ENST00000428317	NA
6CQY	ENSG00000087085	ENST00000428317	LIG 1	NAG	YES	ENST00000412389,ENST00000241069,ENST00000428317	371,372,373,375,378
6CQY	ENSG00000087085	ENST00000442452	LIG 1	NAG	NO	ENST00000412389,ENST00000241069,ENST00000428317	NA
6CQZ	ENSG00000087085	ENST00000241069	LIG 1	NAG	YES	ENST00000241069,ENST00000412389,ENST00000428317	373,374,375,377,378
6CQZ	ENSG00000087085	ENST00000302913	LIG 1	NAG	YES	ENST00000241069,ENST00000412389,ENST00000428317	373,374,375,377,378
6CQZ	ENSG00000087085	ENST00000454485	LIG 1	NAG	YES	ENST00000241069,ENST00000412389,ENST00000428317	373,374,375,377,378
6CQZ	ENSG00000087085	ENST00000412389	LIG 1	NAG	YES	ENST00000241069,ENST00000412389,ENST00000428317	373,374,375,377,378
6CQZ	ENSG00000087085	ENST00000441605	LIG 1	NAG	NO	ENST00000241069,ENST00000412389,ENST00000428317	NA
6CQZ	ENSG00000087085	ENST00000426415	LIG 1	NAG	NO	ENST00000241069,ENST00000412389,ENST00000428317	NA
6CQZ	ENSG00000087085	ENST00000430554	LIG 1	NAG	YES	ENST00000241069,ENST00000412389,ENST00000428317	373,374,375,377,378
6CQZ	ENSG00000087085	ENST00000445236	LIG 1	NAG	NO	ENST00000241069,ENST00000412389,ENST00000428317	NA
6CQZ	ENSG00000087085	ENST00000419336	LIG 1	NAG	NO	ENST00000241069,ENST00000412389,ENST00000428317	NA
6CQZ	ENSG00000087085	ENST00000411582	LIG 1	NAG	YES	ENST00000241069,ENST00000412389,ENST00000428317	373,374,375,377,378
6CQZ	ENSG00000087085	ENST00000440755	LIG 1	NAG	NO	ENST00000241069,ENST00000412389,ENST00000428317	NA
6CQZ	ENSG00000087085	ENST00000428317	LIG 1	NAG	YES	ENST00000241069,ENST00000412389,ENST00000428317	373,374,375,377,378
6CQZ	ENSG00000087085	ENST00000442452	LIG 1	NAG	NO	ENST00000241069,ENST00000412389,ENST00000428317	NA
6F25	ENSG00000087085	ENST00000241069	LIG 1	NAG	YES	ENST00000241069,ENST00000412389,ENST00000428317	368,369,370,371,372,375,378
6F25	ENSG00000087085	ENST00000302913	LIG 1	NAG	YES	ENST00000241069,ENST00000412389,ENST00000428317	368,369,370,371,372,375,378
6F25	ENSG00000087085	ENST00000454485	LIG 1	NAG	YES	ENST00000241069,ENST00000412389,ENST00000428317	368,369,370,371,372,375,378
6F25	ENSG00000087085	ENST00000412389	LIG 1	NAG	YES	ENST00000241069,ENST00000412389,ENST00000428317	368,369,370,371,372,375,378
6F25	ENSG00000087085	ENST00000441605	LIG 1	NAG	NO	ENST00000241069,ENST00000412389,ENST00000428317	NA
6F25	ENSG00000087085	ENST00000426415	LIG 1	NAG	NO	ENST00000241069,ENST00000412389,ENST00000428317	NA
6F25	ENSG00000087085	ENST00000430554	LIG 1	NAG	YES	ENST00000241069,ENST00000412389,ENST00000428317	368,369,370,371,372,375,378
6F25	ENSG00000087085	ENST00000445236	LIG 1	NAG	NO	ENST00000241069,ENST00000412389,ENST00000428317	NA
6F25	ENSG00000087085	ENST00000419336	LIG 1	NAG	NO	ENST00000241069,ENST00000412389,ENST00000428317	NA
6F25	ENSG00000087085	ENST00000411582	LIG 1	NAG	YES	ENST00000241069,ENST00000412389,ENST00000428317	368,369,370,371,372,375,378
6F25	ENSG00000087085	ENST00000440755	LIG 1	NAG	NO	ENST00000241069,ENST00000412389,ENST00000428317	NA
6F25	ENSG00000087085	ENST00000428317	LIG 1	NAG	YES	ENST00000241069,ENST00000412389,ENST00000428317	368,369,370,371,372,375,378
6F25	ENSG00000087085	ENST00000442452	LIG 1	NAG	NO	ENST00000241069,ENST00000412389,ENST00000428317	NA
6NEA	ENSG00000087085	ENST00000241069	LIG 1	NAG	YES	ENST00000412389,ENST00000428317,ENST00000241069	372,373,374,375,377,378
6NEA	ENSG00000087085	ENST00000302913	LIG 1	NAG	YES	ENST00000412389,ENST00000428317,ENST00000241069	372,373,374,375,377,378
6NEA	ENSG00000087085	ENST00000454485	LIG 1	NAG	YES	ENST00000412389,ENST00000428317,ENST00000241069	372,373,374,375,377,378
6NEA	ENSG00000087085	ENST00000412389	LIG 1	NAG	YES	ENST00000412389,ENST00000428317,ENST00000241069	372,373,374,375,377,378
6NEA	ENSG00000087085	ENST00000441605	LIG 1	NAG	NO	ENST00000412389,ENST00000428317,ENST00000241069	NA
6NEA	ENSG00000087085	ENST00000426415	LIG 1	NAG	NO	ENST00000412389,ENST00000428317,ENST00000241069	NA
6NEA	ENSG00000087085	ENST00000430554	LIG 1	NAG	YES	ENST00000412389,ENST00000428317,ENST00000241069	372,373,374,375,377,378
6NEA	ENSG00000087085	ENST00000445236	LIG 1	NAG	NO	ENST00000412389,ENST00000428317,ENST00000241069	NA
6NEA	ENSG00000087085	ENST00000419336	LIG 1	NAG	NO	ENST00000412389,ENST00000428317,ENST00000241069	NA
6NEA	ENSG00000087085	ENST00000411582	LIG 1	NAG	YES	ENST00000412389,ENST00000428317,ENST00000241069	372,373,374,375,377,378
6NEA	ENSG00000087085	ENST00000440755	LIG 1	NAG	NO	ENST00000412389,ENST00000428317,ENST00000241069	NA
6NEA	ENSG00000087085	ENST00000428317	LIG 1	NAG	YES	ENST00000412389,ENST00000428317,ENST00000241069	372,373,374,375,377,378
6NEA	ENSG00000087085	ENST00000442452	LIG 1	NAG	NO	ENST00000412389,ENST00000428317,ENST00000241069	NA
6NTG	ENSG00000087085	ENST00000241069	LIG 1	NAG	YES	ENST00000428317,ENST00000412389,ENST00000241069	371,373,375,376
6NTG	ENSG00000087085	ENST00000302913	LIG 1	NAG	YES	ENST00000428317,ENST00000412389,ENST00000241069	371,373,375,376
6NTG	ENSG00000087085	ENST00000454485	LIG 1	NAG	YES	ENST00000428317,ENST00000412389,ENST00000241069	371,373,375,376
6NTG	ENSG00000087085	ENST00000412389	LIG 1	NAG	YES	ENST00000428317,ENST00000412389,ENST00000241069	371,373,375,376
6NTG	ENSG00000087085	ENST00000441605	LIG 1	NAG	NO	ENST00000428317,ENST00000412389,ENST00000241069	NA
6NTG	ENSG00000087085	ENST00000426415	LIG 1	NAG	NO	ENST00000428317,ENST00000412389,ENST00000241069	NA
6NTG	ENSG00000087085	ENST00000430554	LIG 1	NAG	YES	ENST00000428317,ENST00000412389,ENST00000241069	371,373,375,376
6NTG	ENSG00000087085	ENST00000445236	LIG 1	NAG	NO	ENST00000428317,ENST00000412389,ENST00000241069	NA
6NTG	ENSG00000087085	ENST00000419336	LIG 1	NAG	NO	ENST00000428317,ENST00000412389,ENST00000241069	NA
6NTG	ENSG00000087085	ENST00000411582	LIG 1	NAG	YES	ENST00000428317,ENST00000412389,ENST00000241069	371,373,375,376
6NTG	ENSG00000087085	ENST00000440755	LIG 1	NAG	NO	ENST00000428317,ENST00000412389,ENST00000241069	NA
6NTG	ENSG00000087085	ENST00000428317	LIG 1	NAG	YES	ENST00000428317,ENST00000412389,ENST00000241069	371,373,375,376
6NTG	ENSG00000087085	ENST00000442452	LIG 1	NAG	NO	ENST00000428317,ENST00000412389,ENST00000241069	NA
6NTH	ENSG00000087085	ENST00000241069	LIG 1	NAG	YES	ENST00000241069,ENST00000412389,ENST00000428317	294,296,297,373,374,376,378,379
6NTH	ENSG00000087085	ENST00000302913	LIG 1	NAG	YES	ENST00000241069,ENST00000412389,ENST00000428317	294,296,297,373,374,376,378,379
6NTH	ENSG00000087085	ENST00000454485	LIG 1	NAG	YES	ENST00000241069,ENST00000412389,ENST00000428317	294,296,297,373,374,376,378,379
6NTH	ENSG00000087085	ENST00000412389	LIG 1	NAG	YES	ENST00000241069,ENST00000412389,ENST00000428317	294,296,297,373,374,376,378,379
6NTH	ENSG00000087085	ENST00000441605	LIG 1	NAG	NO	ENST00000241069,ENST00000412389,ENST00000428317	NA
6NTH	ENSG00000087085	ENST00000426415	LIG 1	NAG	NO	ENST00000241069,ENST00000412389,ENST00000428317	NA
6NTH	ENSG00000087085	ENST00000430554	LIG 1	NAG	YES	ENST00000241069,ENST00000412389,ENST00000428317	294,296,297,373,374,376,378,379
6NTH	ENSG00000087085	ENST00000445236	LIG 1	NAG	NO	ENST00000241069,ENST00000412389,ENST00000428317	NA
6NTH	ENSG00000087085	ENST00000419336	LIG 1	NAG	NO	ENST00000241069,ENST00000412389,ENST00000428317	NA
6NTH	ENSG00000087085	ENST00000411582	LIG 1	NAG	YES	ENST00000241069,ENST00000412389,ENST00000428317	294,296,297,373,374,376,378,379
6NTH	ENSG00000087085	ENST00000440755	LIG 1	NAG	NO	ENST00000241069,ENST00000412389,ENST00000428317	NA
6NTH	ENSG00000087085	ENST00000428317	LIG 1	NAG	YES	ENST00000241069,ENST00000412389,ENST00000428317	294,296,297,373,374,376,378,379
6NTH	ENSG00000087085	ENST00000442452	LIG 1	NAG	NO	ENST00000241069,ENST00000412389,ENST00000428317	NA
6NTK	ENSG00000087085	ENST00000241069	LIG 1	NAG	YES	ENST00000241069,ENST00000412389,ENST00000428317	372,373,375,378
6NTK	ENSG00000087085	ENST00000302913	LIG 1	NAG	YES	ENST00000241069,ENST00000412389,ENST00000428317	372,373,375,378
6NTK	ENSG00000087085	ENST00000454485	LIG 1	NAG	YES	ENST00000241069,ENST00000412389,ENST00000428317	372,373,375,378
6NTK	ENSG00000087085	ENST00000412389	LIG 1	NAG	YES	ENST00000241069,ENST00000412389,ENST00000428317	372,373,375,378
6NTK	ENSG00000087085	ENST00000441605	LIG 1	NAG	NO	ENST00000241069,ENST00000412389,ENST00000428317	NA
6NTK	ENSG00000087085	ENST00000426415	LIG 1	NAG	NO	ENST00000241069,ENST00000412389,ENST00000428317	NA
6NTK	ENSG00000087085	ENST00000430554	LIG 1	NAG	YES	ENST00000241069,ENST00000412389,ENST00000428317	372,373,375,378
6NTK	ENSG00000087085	ENST00000445236	LIG 1	NAG	NO	ENST00000241069,ENST00000412389,ENST00000428317	NA
6NTK	ENSG00000087085	ENST00000419336	LIG 1	NAG	NO	ENST00000241069,ENST00000412389,ENST00000428317	NA
6NTK	ENSG00000087085	ENST00000411582	LIG 1	NAG	YES	ENST00000241069,ENST00000412389,ENST00000428317	372,373,375,378
6NTK	ENSG00000087085	ENST00000440755	LIG 1	NAG	NO	ENST00000241069,ENST00000412389,ENST00000428317	NA
6NTK	ENSG00000087085	ENST00000428317	LIG 1	NAG	YES	ENST00000241069,ENST00000412389,ENST00000428317	372,373,375,378
6NTK	ENSG00000087085	ENST00000442452	LIG 1	NAG	NO	ENST00000241069,ENST00000412389,ENST00000428317	NA
6NTM	ENSG00000087085	ENST00000241069	LIG 1	NAG	YES	ENST00000412389,ENST00000241069,ENST00000428317	293,295,371,372,373,375,377,378
6NTM	ENSG00000087085	ENST00000302913	LIG 1	NAG	YES	ENST00000412389,ENST00000241069,ENST00000428317	293,295,371,372,373,375,377,378
6NTM	ENSG00000087085	ENST00000454485	LIG 1	NAG	YES	ENST00000412389,ENST00000241069,ENST00000428317	293,295,371,372,373,375,377,378
6NTM	ENSG00000087085	ENST00000412389	LIG 1	NAG	YES	ENST00000412389,ENST00000241069,ENST00000428317	293,295,371,372,373,375,377,378
6NTM	ENSG00000087085	ENST00000441605	LIG 1	NAG	NO	ENST00000412389,ENST00000241069,ENST00000428317	NA
6NTM	ENSG00000087085	ENST00000426415	LIG 1	NAG	NO	ENST00000412389,ENST00000241069,ENST00000428317	NA
6NTM	ENSG00000087085	ENST00000430554	LIG 1	NAG	YES	ENST00000412389,ENST00000241069,ENST00000428317	293,295,371,372,373,375,377,378
6NTM	ENSG00000087085	ENST00000445236	LIG 1	NAG	NO	ENST00000412389,ENST00000241069,ENST00000428317	NA
6NTM	ENSG00000087085	ENST00000419336	LIG 1	NAG	NO	ENST00000412389,ENST00000241069,ENST00000428317	NA
6NTM	ENSG00000087085	ENST00000411582	LIG 1	NAG	YES	ENST00000412389,ENST00000241069,ENST00000428317	293,295,371,372,373,375,377,378
6NTM	ENSG00000087085	ENST00000440755	LIG 1	NAG	NO	ENST00000412389,ENST00000241069,ENST00000428317	NA
6NTM	ENSG00000087085	ENST00000428317	LIG 1	NAG	YES	ENST00000412389,ENST00000241069,ENST00000428317	293,295,371,372,373,375,377,378
6NTM	ENSG00000087085	ENST00000442452	LIG 1	NAG	NO	ENST00000412389,ENST00000241069,ENST00000428317	NA
6NTN	ENSG00000087085	ENST00000241069	LIG 1	NAG	YES	ENST00000428317,ENST00000412389,ENST00000241069	294,296,297,373,374,376,379
6NTN	ENSG00000087085	ENST00000302913	LIG 1	NAG	YES	ENST00000428317,ENST00000412389,ENST00000241069	294,296,297,373,374,376,379
6NTN	ENSG00000087085	ENST00000454485	LIG 1	NAG	YES	ENST00000428317,ENST00000412389,ENST00000241069	294,296,297,373,374,376,379
6NTN	ENSG00000087085	ENST00000412389	LIG 1	NAG	YES	ENST00000428317,ENST00000412389,ENST00000241069	294,296,297,373,374,376,379
6NTN	ENSG00000087085	ENST00000441605	LIG 1	NAG	NO	ENST00000428317,ENST00000412389,ENST00000241069	NA
6NTN	ENSG00000087085	ENST00000426415	LIG 1	NAG	NO	ENST00000428317,ENST00000412389,ENST00000241069	NA
6NTN	ENSG00000087085	ENST00000430554	LIG 1	NAG	YES	ENST00000428317,ENST00000412389,ENST00000241069	294,296,297,373,374,376,379
6NTN	ENSG00000087085	ENST00000445236	LIG 1	NAG	NO	ENST00000428317,ENST00000412389,ENST00000241069	NA
6NTN	ENSG00000087085	ENST00000419336	LIG 1	NAG	NO	ENST00000428317,ENST00000412389,ENST00000241069	NA
6NTN	ENSG00000087085	ENST00000411582	LIG 1	NAG	YES	ENST00000428317,ENST00000412389,ENST00000241069	294,296,297,373,374,376,379
6NTN	ENSG00000087085	ENST00000440755	LIG 1	NAG	NO	ENST00000428317,ENST00000412389,ENST00000241069	NA
6NTN	ENSG00000087085	ENST00000428317	LIG 1	NAG	YES	ENST00000428317,ENST00000412389,ENST00000241069	294,296,297,373,374,376,379
6NTN	ENSG00000087085	ENST00000442452	LIG 1	NAG	NO	ENST00000428317,ENST00000412389,ENST00000241069	NA
6NTO	ENSG00000087085	ENST00000241069	LIG 1	NAG	YES	ENST00000428317,ENST00000241069,ENST00000412389	294,297,373,374,376,379
6NTO	ENSG00000087085	ENST00000302913	LIG 1	NAG	YES	ENST00000428317,ENST00000241069,ENST00000412389	294,297,373,374,376,379
6NTO	ENSG00000087085	ENST00000454485	LIG 1	NAG	YES	ENST00000428317,ENST00000241069,ENST00000412389	294,297,373,374,376,379
6NTO	ENSG00000087085	ENST00000412389	LIG 1	NAG	YES	ENST00000428317,ENST00000241069,ENST00000412389	294,297,373,374,376,379
6NTO	ENSG00000087085	ENST00000441605	LIG 1	NAG	NO	ENST00000428317,ENST00000241069,ENST00000412389	NA
6NTO	ENSG00000087085	ENST00000426415	LIG 1	NAG	NO	ENST00000428317,ENST00000241069,ENST00000412389	NA
6NTO	ENSG00000087085	ENST00000430554	LIG 1	NAG	YES	ENST00000428317,ENST00000241069,ENST00000412389	294,297,373,374,376,379
6NTO	ENSG00000087085	ENST00000445236	LIG 1	NAG	NO	ENST00000428317,ENST00000241069,ENST00000412389	NA
6NTO	ENSG00000087085	ENST00000419336	LIG 1	NAG	NO	ENST00000428317,ENST00000241069,ENST00000412389	NA
6NTO	ENSG00000087085	ENST00000411582	LIG 1	NAG	YES	ENST00000428317,ENST00000241069,ENST00000412389	294,297,373,374,376,379
6NTO	ENSG00000087085	ENST00000440755	LIG 1	NAG	NO	ENST00000428317,ENST00000241069,ENST00000412389	NA
6NTO	ENSG00000087085	ENST00000428317	LIG 1	NAG	YES	ENST00000428317,ENST00000241069,ENST00000412389	294,297,373,374,376,379
6NTO	ENSG00000087085	ENST00000442452	LIG 1	NAG	NO	ENST00000428317,ENST00000241069,ENST00000412389	NA
6O4W	ENSG00000087085	ENST00000241069	LIG 1	GOL	YES	ENST00000428317,ENST00000412389,ENST00000241069	77,107,112,116,305,306,307,308,372,467,468,469,480,483,496
6O4W	ENSG00000087085	ENST00000302913	LIG 1	GOL	YES	ENST00000428317,ENST00000412389,ENST00000241069	77,107,112,116,305,306,307,308,372,467,468,469,480,483,496
6O4W	ENSG00000087085	ENST00000454485	LIG 1	GOL	NO	ENST00000428317,ENST00000412389,ENST00000241069	NA
6O4W	ENSG00000087085	ENST00000412389	LIG 1	GOL	YES	ENST00000428317,ENST00000412389,ENST00000241069	77,107,112,116,305,306,307,308,372,467,468,469,480,483,496
6O4W	ENSG00000087085	ENST00000441605	LIG 1	GOL	NO	ENST00000428317,ENST00000412389,ENST00000241069	NA
6O4W	ENSG00000087085	ENST00000426415	LIG 1	GOL	NO	ENST00000428317,ENST00000412389,ENST00000241069	NA
6O4W	ENSG00000087085	ENST00000430554	LIG 1	GOL	NO	ENST00000428317,ENST00000412389,ENST00000241069	NA
6O4W	ENSG00000087085	ENST00000445236	LIG 1	GOL	NO	ENST00000428317,ENST00000412389,ENST00000241069	NA
6O4W	ENSG00000087085	ENST00000419336	LIG 1	GOL	NO	ENST00000428317,ENST00000412389,ENST00000241069	NA
6O4W	ENSG00000087085	ENST00000411582	LIG 1	GOL	YES	ENST00000428317,ENST00000412389,ENST00000241069	77,107,112,116,305,306,307,308,372,467,468,469,480,483,496
6O4W	ENSG00000087085	ENST00000440755	LIG 1	GOL	NO	ENST00000428317,ENST00000412389,ENST00000241069	NA
6O4W	ENSG00000087085	ENST00000428317	LIG 1	GOL	YES	ENST00000428317,ENST00000412389,ENST00000241069	77,107,112,116,305,306,307,308,372,467,468,469,480,483,496
6O4W	ENSG00000087085	ENST00000442452	LIG 1	GOL	NO	ENST00000428317,ENST00000412389,ENST00000241069	NA
6O4X	ENSG00000087085	ENST00000241069	LIG 1	GOL	YES	ENST00000241069,ENST00000428317,ENST00000412389	112,116,155,325,326,328,368,369,372,460,462,465,467,468,469,480,483,496,541,552,556
6O4X	ENSG00000087085	ENST00000302913	LIG 1	GOL	YES	ENST00000241069,ENST00000428317,ENST00000412389	112,116,155,325,326,328,368,369,372,460,462,465,467,468,469,480,483,496,541,552,556
6O4X	ENSG00000087085	ENST00000454485	LIG 1	GOL	NO	ENST00000241069,ENST00000428317,ENST00000412389	NA
6O4X	ENSG00000087085	ENST00000412389	LIG 1	GOL	YES	ENST00000241069,ENST00000428317,ENST00000412389	112,116,155,325,326,328,368,369,372,460,462,465,467,468,469,480,483,496,541,552,556
6O4X	ENSG00000087085	ENST00000441605	LIG 1	GOL	NO	ENST00000241069,ENST00000428317,ENST00000412389	NA
6O4X	ENSG00000087085	ENST00000426415	LIG 1	GOL	NO	ENST00000241069,ENST00000428317,ENST00000412389	NA
6O4X	ENSG00000087085	ENST00000430554	LIG 1	GOL	NO	ENST00000241069,ENST00000428317,ENST00000412389	NA
6O4X	ENSG00000087085	ENST00000445236	LIG 1	GOL	NO	ENST00000241069,ENST00000428317,ENST00000412389	NA
6O4X	ENSG00000087085	ENST00000419336	LIG 1	GOL	NO	ENST00000241069,ENST00000428317,ENST00000412389	NA
6O4X	ENSG00000087085	ENST00000411582	LIG 1	GOL	YES	ENST00000241069,ENST00000428317,ENST00000412389	112,116,155,325,326,328,368,369,372,460,462,465,467,468,469,480,483,496,541,552,556
6O4X	ENSG00000087085	ENST00000440755	LIG 1	GOL	NO	ENST00000241069,ENST00000428317,ENST00000412389	NA
6O4X	ENSG00000087085	ENST00000428317	LIG 1	GOL	YES	ENST00000241069,ENST00000428317,ENST00000412389	112,116,155,325,326,328,368,369,372,460,462,465,467,468,469,480,483,496,541,552,556
6O4X	ENSG00000087085	ENST00000442452	LIG 1	GOL	NO	ENST00000241069,ENST00000428317,ENST00000412389	NA
6O50	ENSG00000087085	ENST00000241069	LIG 2	GOL	YES	ENST00000241069,ENST00000428317,ENST00000412389	77,112,116,125,305,306,308,309,467,468,469,480,483,496
6O50	ENSG00000087085	ENST00000302913	LIG 2	GOL	YES	ENST00000241069,ENST00000428317,ENST00000412389	77,112,116,125,305,306,308,309,467,468,469,480,483,496
6O50	ENSG00000087085	ENST00000454485	LIG 2	GOL	NO	ENST00000241069,ENST00000428317,ENST00000412389	NA
6O50	ENSG00000087085	ENST00000412389	LIG 2	GOL	YES	ENST00000241069,ENST00000428317,ENST00000412389	77,112,116,125,305,306,308,309,467,468,469,480,483,496
6O50	ENSG00000087085	ENST00000441605	LIG 2	GOL	NO	ENST00000241069,ENST00000428317,ENST00000412389	NA
6O50	ENSG00000087085	ENST00000426415	LIG 2	GOL	NO	ENST00000241069,ENST00000428317,ENST00000412389	NA
6O50	ENSG00000087085	ENST00000430554	LIG 2	GOL	NO	ENST00000241069,ENST00000428317,ENST00000412389	NA
6O50	ENSG00000087085	ENST00000445236	LIG 2	GOL	NO	ENST00000241069,ENST00000428317,ENST00000412389	NA
6O50	ENSG00000087085	ENST00000419336	LIG 2	GOL	YES	ENST00000241069,ENST00000428317,ENST00000412389	77,112,116,125,305,306,308,309,379,380,381,392,395,408
6O50	ENSG00000087085	ENST00000411582	LIG 2	GOL	YES	ENST00000241069,ENST00000428317,ENST00000412389	77,112,116,125,305,306,308,309,467,468,469,480,483,496
6O50	ENSG00000087085	ENST00000440755	LIG 2	GOL	NO	ENST00000241069,ENST00000428317,ENST00000412389	NA
6O50	ENSG00000087085	ENST00000428317	LIG 2	GOL	YES	ENST00000241069,ENST00000428317,ENST00000412389	77,112,116,125,305,306,308,309,467,468,469,480,483,496
6O50	ENSG00000087085	ENST00000442452	LIG 2	GOL	NO	ENST00000241069,ENST00000428317,ENST00000412389	NA
6O5V	ENSG00000087085	ENST00000241069	LIG 3	GOL	YES	ENST00000241069,ENST00000412389,ENST00000428317	112,116,117,152,233,368,467,468,469,478,480,483,496
6O5V	ENSG00000087085	ENST00000302913	LIG 3	GOL	YES	ENST00000241069,ENST00000412389,ENST00000428317	112,116,117,152,233,368,467,468,469,478,480,483,496
6O5V	ENSG00000087085	ENST00000454485	LIG 3	GOL	NO	ENST00000241069,ENST00000412389,ENST00000428317	NA
6O5V	ENSG00000087085	ENST00000412389	LIG 3	GOL	YES	ENST00000241069,ENST00000412389,ENST00000428317	112,116,117,152,233,368,467,468,469,478,480,483,496
6O5V	ENSG00000087085	ENST00000441605	LIG 3	GOL	NO	ENST00000241069,ENST00000412389,ENST00000428317	NA
6O5V	ENSG00000087085	ENST00000426415	LIG 3	GOL	NO	ENST00000241069,ENST00000412389,ENST00000428317	NA
6O5V	ENSG00000087085	ENST00000430554	LIG 3	GOL	NO	ENST00000241069,ENST00000412389,ENST00000428317	NA
6O5V	ENSG00000087085	ENST00000445236	LIG 3	GOL	NO	ENST00000241069,ENST00000412389,ENST00000428317	NA
6O5V	ENSG00000087085	ENST00000419336	LIG 3	GOL	NO	ENST00000241069,ENST00000412389,ENST00000428317	NA
6O5V	ENSG00000087085	ENST00000411582	LIG 3	GOL	YES	ENST00000241069,ENST00000412389,ENST00000428317	112,116,117,152,233,368,467,468,469,478,480,483,496
6O5V	ENSG00000087085	ENST00000440755	LIG 3	GOL	NO	ENST00000241069,ENST00000412389,ENST00000428317	NA
6O5V	ENSG00000087085	ENST00000428317	LIG 3	GOL	YES	ENST00000241069,ENST00000412389,ENST00000428317	112,116,117,152,233,368,467,468,469,478,480,483,496
6O5V	ENSG00000087085	ENST00000442452	LIG 3	GOL	NO	ENST00000241069,ENST00000412389,ENST00000428317	NA
6O66	ENSG00000087085	ENST00000241069	LIG 2	GOL	YES	ENST00000241069,ENST00000428317,ENST00000412389	74,83,112,116,117,212,213,216,233,234,305,306,307,364,368,427,467,468,469,473,478,480,483,496
6O66	ENSG00000087085	ENST00000302913	LIG 2	GOL	YES	ENST00000241069,ENST00000428317,ENST00000412389	74,83,112,116,117,212,213,216,233,234,305,306,307,364,368,427,467,468,469,473,478,480,483,496
6O66	ENSG00000087085	ENST00000454485	LIG 2	GOL	NO	ENST00000241069,ENST00000428317,ENST00000412389	NA
6O66	ENSG00000087085	ENST00000412389	LIG 2	GOL	YES	ENST00000241069,ENST00000428317,ENST00000412389	74,83,112,116,117,212,213,216,233,234,305,306,307,364,368,427,467,468,469,473,478,480,483,496
6O66	ENSG00000087085	ENST00000441605	LIG 2	GOL	NO	ENST00000241069,ENST00000428317,ENST00000412389	NA
6O66	ENSG00000087085	ENST00000426415	LIG 2	GOL	NO	ENST00000241069,ENST00000428317,ENST00000412389	NA
6O66	ENSG00000087085	ENST00000430554	LIG 2	GOL	NO	ENST00000241069,ENST00000428317,ENST00000412389	NA
6O66	ENSG00000087085	ENST00000445236	LIG 2	GOL	NO	ENST00000241069,ENST00000428317,ENST00000412389	NA
6O66	ENSG00000087085	ENST00000419336	LIG 2	GOL	NO	ENST00000241069,ENST00000428317,ENST00000412389	NA
6O66	ENSG00000087085	ENST00000411582	LIG 2	GOL	YES	ENST00000241069,ENST00000428317,ENST00000412389	74,83,112,116,117,212,213,216,233,234,305,306,307,364,368,427,467,468,469,473,478,480,483,496
6O66	ENSG00000087085	ENST00000440755	LIG 2	GOL	NO	ENST00000241069,ENST00000428317,ENST00000412389	NA
6O66	ENSG00000087085	ENST00000428317	LIG 2	GOL	YES	ENST00000241069,ENST00000428317,ENST00000412389	74,83,112,116,117,212,213,216,233,234,305,306,307,364,368,427,467,468,469,473,478,480,483,496
6O66	ENSG00000087085	ENST00000442452	LIG 2	GOL	NO	ENST00000241069,ENST00000428317,ENST00000412389	NA
6U34	ENSG00000087085	ENST00000241069	LIG 1	GOL	YES	ENST00000412389,ENST00000241069,ENST00000428317	103,112,116,317,467,468,469,480,483,496
6U34	ENSG00000087085	ENST00000302913	LIG 1	GOL	YES	ENST00000412389,ENST00000241069,ENST00000428317	103,112,116,317,467,468,469,480,483,496
6U34	ENSG00000087085	ENST00000454485	LIG 1	GOL	NO	ENST00000412389,ENST00000241069,ENST00000428317	NA
6U34	ENSG00000087085	ENST00000412389	LIG 1	GOL	YES	ENST00000412389,ENST00000241069,ENST00000428317	103,112,116,317,467,468,469,480,483,496
6U34	ENSG00000087085	ENST00000441605	LIG 1	GOL	NO	ENST00000412389,ENST00000241069,ENST00000428317	NA
6U34	ENSG00000087085	ENST00000426415	LIG 1	GOL	NO	ENST00000412389,ENST00000241069,ENST00000428317	NA
6U34	ENSG00000087085	ENST00000430554	LIG 1	GOL	NO	ENST00000412389,ENST00000241069,ENST00000428317	NA
6U34	ENSG00000087085	ENST00000445236	LIG 1	GOL	NO	ENST00000412389,ENST00000241069,ENST00000428317	NA
6U34	ENSG00000087085	ENST00000419336	LIG 1	GOL	YES	ENST00000412389,ENST00000241069,ENST00000428317	103,112,116,317,379,380,381,392,395,408
6U34	ENSG00000087085	ENST00000411582	LIG 1	GOL	YES	ENST00000412389,ENST00000241069,ENST00000428317	103,112,116,317,467,468,469,480,483,496
6U34	ENSG00000087085	ENST00000440755	LIG 1	GOL	NO	ENST00000412389,ENST00000241069,ENST00000428317	NA
6U34	ENSG00000087085	ENST00000428317	LIG 1	GOL	YES	ENST00000412389,ENST00000241069,ENST00000428317	103,112,116,317,467,468,469,480,483,496
6U34	ENSG00000087085	ENST00000442452	LIG 1	GOL	NO	ENST00000412389,ENST00000241069,ENST00000428317	NA
6U37	ENSG00000087085	ENST00000241069	LIG 3	GOL	YES	ENST00000241069,ENST00000428317,ENST00000412389	112,116,117,233,234,368,467,468,469,478,480,483,496
6U37	ENSG00000087085	ENST00000302913	LIG 3	GOL	YES	ENST00000241069,ENST00000428317,ENST00000412389	112,116,117,233,234,368,467,468,469,478,480,483,496
6U37	ENSG00000087085	ENST00000454485	LIG 3	GOL	NO	ENST00000241069,ENST00000428317,ENST00000412389	NA
6U37	ENSG00000087085	ENST00000412389	LIG 3	GOL	YES	ENST00000241069,ENST00000428317,ENST00000412389	112,116,117,233,234,368,467,468,469,478,480,483,496
6U37	ENSG00000087085	ENST00000441605	LIG 3	GOL	NO	ENST00000241069,ENST00000428317,ENST00000412389	NA
6U37	ENSG00000087085	ENST00000426415	LIG 3	GOL	NO	ENST00000241069,ENST00000428317,ENST00000412389	NA
6U37	ENSG00000087085	ENST00000430554	LIG 3	GOL	NO	ENST00000241069,ENST00000428317,ENST00000412389	NA
6U37	ENSG00000087085	ENST00000445236	LIG 3	GOL	NO	ENST00000241069,ENST00000428317,ENST00000412389	NA
6U37	ENSG00000087085	ENST00000419336	LIG 3	GOL	NO	ENST00000241069,ENST00000428317,ENST00000412389	NA
6U37	ENSG00000087085	ENST00000411582	LIG 3	GOL	YES	ENST00000241069,ENST00000428317,ENST00000412389	112,116,117,233,234,368,467,468,469,478,480,483,496
6U37	ENSG00000087085	ENST00000440755	LIG 3	GOL	NO	ENST00000241069,ENST00000428317,ENST00000412389	NA
6U37	ENSG00000087085	ENST00000428317	LIG 3	GOL	YES	ENST00000241069,ENST00000428317,ENST00000412389	112,116,117,233,234,368,467,468,469,478,480,483,496
6U37	ENSG00000087085	ENST00000442452	LIG 3	GOL	NO	ENST00000241069,ENST00000428317,ENST00000412389	NA
1B4Q	ENSG00000173221	ENST00000237858	LIG 1	GSH	YES	ENST00000512469,ENST00000505427,ENST00000237858,ENST00000508780,ENST00000379979	20,23,25,68,69,70,82,84,85
1B4Q	ENSG00000173221	ENST00000379979	LIG 1	GSH	YES	ENST00000512469,ENST00000505427,ENST00000237858,ENST00000508780,ENST00000379979	20,23,25,68,69,70,82,84,85
1B4Q	ENSG00000173221	ENST00000508780	LIG 1	GSH	YES	ENST00000512469,ENST00000505427,ENST00000237858,ENST00000508780,ENST00000379979	20,23,25,68,69,70,82,84,85
1B4Q	ENSG00000173221	ENST00000512469	LIG 1	GSH	YES	ENST00000512469,ENST00000505427,ENST00000237858,ENST00000508780,ENST00000379979	20,23,25,68,69,70,82,84,85
1B4Q	ENSG00000173221	ENST00000505427	LIG 1	GSH	YES	ENST00000512469,ENST00000505427,ENST00000237858,ENST00000508780,ENST00000379979	20,23,25,68,69,70,82,84,85
1B56	ENSG00000164687	ENST00000297258	LIG 1	PLM	YES	ENST00000297258	35,36,78,79,107,109,118,129,131
1B56	ENSG00000164687	ENST00000396359	LIG 1	PLM	NO	ENST00000297258	NA
4LKP	ENSG00000164687	ENST00000297258	LIG 1	DMS	YES	ENST00000297258	46,48,51,52,53,106,108,119,121
4LKP	ENSG00000164687	ENST00000396359	LIG 1	DMS	YES	ENST00000297258	12,14,17,18,19,72,74,85,87
5HZ5	ENSG00000164687	ENST00000297258	LIG 1	DMS	YES	ENST00000297258	106,108,119,121
5HZ5	ENSG00000164687	ENST00000396359	LIG 1	DMS	YES	ENST00000297258	72,74,85,87
1BIK	ENSG00000106927	ENST00000265132	LIG 1	NAG	YES	ENST00000265132	235,250,252,253,257
1BIK	ENSG00000106927	ENST00000603230	LIG 1	NAG	NO	ENST00000265132	NA
1BIK	ENSG00000106927	ENST00000466610	LIG 1	NAG	YES	ENST00000265132	126,141,143,144,148
3QKG	ENSG00000106927	ENST00000265132	LIG 1	GOL	YES	ENST00000265132	86,89,91,189,190
3QKG	ENSG00000106927	ENST00000603230	LIG 1	GOL	NO	ENST00000265132	NA
3QKG	ENSG00000106927	ENST00000466610	LIG 1	GOL	NO	ENST00000265132	NA
1BIO	ENSG00000197766	ENST00000327726	LIG 2	GOL	YES	ENST00000327726	129,137,168,169,170,171,187,188
1BIO	ENSG00000197766	ENST00000592860	LIG 2	GOL	YES	ENST00000327726	136,144,175,176,177,178,194,195
2XW9	ENSG00000197766	ENST00000327726	LIG 1	GOL	YES	ENST00000327726	141,142,173,174,175,176,178,184,194,195,197,203,204,205,208,222,223,225,226,227,229,232
2XW9	ENSG00000197766	ENST00000592860	LIG 1	GOL	YES	ENST00000327726	148,149,180,181,182,183,185,191,201,202,204,210,211,212,215,229,230,232,233,234,236,239
2XWA	ENSG00000197766	ENST00000327726	LIG 1	GOL	YES	ENST00000327726	142,173,174,175,176,194,195
2XWA	ENSG00000197766	ENST00000592860	LIG 1	GOL	YES	ENST00000327726	149,180,181,182,183,201,202
2XWB	ENSG00000197766	ENST00000327726	LIG 4	GOL	YES	ENST00000327726	141,142,173,174,175,176,194,195
2XWB	ENSG00000197766	ENST00000592860	LIG 4	GOL	YES	ENST00000327726	148,149,180,181,182,183,201,202
4CBN	ENSG00000197766	ENST00000327726	LIG 1	GOL	YES	ENST00000327726	141,142,144,173,174,175,176,194,195
4CBN	ENSG00000197766	ENST00000592860	LIG 1	GOL	YES	ENST00000327726	148,149,151,180,181,182,183,201,202
4CBO	ENSG00000197766	ENST00000327726	LIG 1	GOL	YES	ENST00000327726	141,142,144,173,174,175,176,194,195
4CBO	ENSG00000197766	ENST00000592860	LIG 1	GOL	YES	ENST00000327726	148,149,151,180,181,182,183,201,202
5FBE	ENSG00000197766	ENST00000327726	LIG 1	GOL	YES	ENST00000327726	129,137,168,169,170,171,187,188
5FBE	ENSG00000197766	ENST00000592860	LIG 1	GOL	YES	ENST00000327726	136,144,175,176,177,178,194,195
5FBI	ENSG00000197766	ENST00000327726	LIG 1	GOL	YES	ENST00000327726	129,137,168,169,170,171,187,188
5FBI	ENSG00000197766	ENST00000592860	LIG 1	GOL	YES	ENST00000327726	136,144,175,176,177,178,194,195
5NAT	ENSG00000197766	ENST00000327726	LIG 1	GOL	YES	ENST00000327726	129,137,142,143,144,168,169,170,171,187,188,206,207,208,209
5NAT	ENSG00000197766	ENST00000592860	LIG 1	GOL	YES	ENST00000327726	136,144,149,150,151,175,176,177,178,194,195,213,214,215,216
6FTY	ENSG00000197766	ENST00000327726	LIG 2	GOL	YES	ENST00000327726	129,137,168,169,170,171,187,188
6FTY	ENSG00000197766	ENST00000592860	LIG 2	GOL	YES	ENST00000327726	136,144,175,176,177,178,194,195
1BIO	ENSG00000274619	ENST00000617994	LIG 2	GOL	YES	ENST00000617994	129,137,168,169,170,171,187,188
1BIO	ENSG00000274619	ENST00000632706	LIG 2	GOL	YES	ENST00000617994	136,144,175,176,177,178,194,195
2XW9	ENSG00000274619	ENST00000617994	LIG 1	GOL	YES	ENST00000617994	141,142,173,174,175,176,178,184,194,195,197,203,204,205,208,222,223,225,226,227,229,232
2XW9	ENSG00000274619	ENST00000632706	LIG 1	GOL	YES	ENST00000617994	148,149,180,181,182,183,185,191,201,202,204,210,211,212,215,229,230,232,233,234,236,239
2XWA	ENSG00000274619	ENST00000617994	LIG 1	GOL	YES	ENST00000617994	142,173,174,175,176,194,195
2XWA	ENSG00000274619	ENST00000632706	LIG 1	GOL	YES	ENST00000617994	149,180,181,182,183,201,202
2XWB	ENSG00000274619	ENST00000617994	LIG 4	GOL	YES	ENST00000617994	141,142,173,174,175,176,194,195
2XWB	ENSG00000274619	ENST00000632706	LIG 4	GOL	YES	ENST00000617994	148,149,180,181,182,183,201,202
4CBN	ENSG00000274619	ENST00000617994	LIG 1	GOL	YES	ENST00000617994	141,142,144,173,174,175,176,194,195
4CBN	ENSG00000274619	ENST00000632706	LIG 1	GOL	YES	ENST00000617994	148,149,151,180,181,182,183,201,202
4CBO	ENSG00000274619	ENST00000617994	LIG 1	GOL	YES	ENST00000617994	141,142,144,173,174,175,176,194,195
4CBO	ENSG00000274619	ENST00000632706	LIG 1	GOL	YES	ENST00000617994	148,149,151,180,181,182,183,201,202
5FBE	ENSG00000274619	ENST00000617994	LIG 1	GOL	YES	ENST00000617994	129,137,168,169,170,171,187,188
5FBE	ENSG00000274619	ENST00000632706	LIG 1	GOL	YES	ENST00000617994	136,144,175,176,177,178,194,195
5FBI	ENSG00000274619	ENST00000617994	LIG 1	GOL	YES	ENST00000617994	129,137,168,169,170,171,187,188
5FBI	ENSG00000274619	ENST00000632706	LIG 1	GOL	YES	ENST00000617994	136,144,175,176,177,178,194,195
5NAT	ENSG00000274619	ENST00000617994	LIG 1	GOL	YES	ENST00000617994	129,137,142,143,144,168,169,170,171,187,188,206,207,208,209
5NAT	ENSG00000274619	ENST00000632706	LIG 1	GOL	YES	ENST00000617994	136,144,149,150,151,175,176,177,178,194,195,213,214,215,216
6FTY	ENSG00000274619	ENST00000617994	LIG 2	GOL	YES	ENST00000617994	129,137,168,169,170,171,187,188
6FTY	ENSG00000274619	ENST00000632706	LIG 2	GOL	YES	ENST00000617994	136,144,175,176,177,178,194,195
1BKF	ENSG00000088832	ENST00000381715	LIG 1	FK5	NO	ENST00000381719,ENST00000400137	NA
1BKF	ENSG00000088832	ENST00000381719	LIG 1	FK5	YES	ENST00000381719,ENST00000400137	27,37,38,43,47,55,56,57,60,83,100
1BKF	ENSG00000088832	ENST00000381724	LIG 1	FK5	YES	ENST00000381719,ENST00000400137	27,37,38,43,47,55,56,57,60,83,100
1BKF	ENSG00000088832	ENST00000400137	LIG 1	FK5	YES	ENST00000381719,ENST00000400137	27,37,38,43,47,55,56,57,60,83,100
1BKF	ENSG00000088832	ENST00000439640	LIG 1	FK5	NO	ENST00000381719,ENST00000400137	NA
1BKF	ENSG00000088832	ENST00000618612	LIG 1	FK5	NO	ENST00000381719,ENST00000400137	NA
1BKF	ENSG00000088832	ENST00000612074	LIG 1	FK5	NO	ENST00000381719,ENST00000400137	NA
1BKF	ENSG00000088832	ENST00000614856	LIG 1	FK5	NO	ENST00000381719,ENST00000400137	NA
1BKF	ENSG00000088832	ENST00000677335	LIG 1	FK5	YES	ENST00000381719,ENST00000400137	27,37,38,43,47,55,56,57,60,83,100
1BKF	ENSG00000088832	ENST00000678408	LIG 1	FK5	YES	ENST00000381719,ENST00000400137	27,37,38,43,47,55,56,57,60,83,100
1BKF	ENSG00000088832	ENST00000678136	LIG 1	FK5	NO	ENST00000381719,ENST00000400137	NA
1BKF	ENSG00000088832	ENST00000677533	LIG 1	FK5	NO	ENST00000381719,ENST00000400137	NA
1D7H	ENSG00000088832	ENST00000381715	LIG 3	DMS	NO	ENST00000381719,ENST00000400137	NA
1D7H	ENSG00000088832	ENST00000381719	LIG 3	DMS	YES	ENST00000381719,ENST00000400137	47,56,57,60,83,100
1D7H	ENSG00000088832	ENST00000381724	LIG 3	DMS	YES	ENST00000381719,ENST00000400137	47,56,57,60,83,100
1D7H	ENSG00000088832	ENST00000400137	LIG 3	DMS	YES	ENST00000381719,ENST00000400137	47,56,57,60,83,100
1D7H	ENSG00000088832	ENST00000439640	LIG 3	DMS	YES	ENST00000381719,ENST00000400137	31,40,41,44,67,84
1D7H	ENSG00000088832	ENST00000618612	LIG 3	DMS	NO	ENST00000381719,ENST00000400137	NA
1D7H	ENSG00000088832	ENST00000612074	LIG 3	DMS	NO	ENST00000381719,ENST00000400137	NA
1D7H	ENSG00000088832	ENST00000614856	LIG 3	DMS	NO	ENST00000381719,ENST00000400137	NA
1D7H	ENSG00000088832	ENST00000677335	LIG 3	DMS	YES	ENST00000381719,ENST00000400137	47,56,57,60,83,100
1D7H	ENSG00000088832	ENST00000678408	LIG 3	DMS	YES	ENST00000381719,ENST00000400137	47,56,57,60,83,100
1D7H	ENSG00000088832	ENST00000678136	LIG 3	DMS	NO	ENST00000381719,ENST00000400137	NA
1D7H	ENSG00000088832	ENST00000677533	LIG 3	DMS	NO	ENST00000381719,ENST00000400137	NA
1FAP	ENSG00000088832	ENST00000381715	LIG 1	RAP	NO	ENST00000400137,ENST00000381719	NA
1FAP	ENSG00000088832	ENST00000381719	LIG 1	RAP	YES	ENST00000400137,ENST00000381719	27,37,38,47,54,55,56,57,60,83,92,100
1FAP	ENSG00000088832	ENST00000381724	LIG 1	RAP	YES	ENST00000400137,ENST00000381719	27,37,38,47,54,55,56,57,60,83,92,100
1FAP	ENSG00000088832	ENST00000400137	LIG 1	RAP	YES	ENST00000400137,ENST00000381719	27,37,38,47,54,55,56,57,60,83,92,100
1FAP	ENSG00000088832	ENST00000439640	LIG 1	RAP	NO	ENST00000400137,ENST00000381719	NA
1FAP	ENSG00000088832	ENST00000618612	LIG 1	RAP	NO	ENST00000400137,ENST00000381719	NA
1FAP	ENSG00000088832	ENST00000612074	LIG 1	RAP	NO	ENST00000400137,ENST00000381719	NA
1FAP	ENSG00000088832	ENST00000614856	LIG 1	RAP	NO	ENST00000400137,ENST00000381719	NA
1FAP	ENSG00000088832	ENST00000677335	LIG 1	RAP	YES	ENST00000400137,ENST00000381719	27,37,38,47,54,55,56,57,60,83,92,100
1FAP	ENSG00000088832	ENST00000678408	LIG 1	RAP	YES	ENST00000400137,ENST00000381719	27,37,38,47,54,55,56,57,60,83,92,100
1FAP	ENSG00000088832	ENST00000678136	LIG 1	RAP	NO	ENST00000400137,ENST00000381719	NA
1FAP	ENSG00000088832	ENST00000677533	LIG 1	RAP	NO	ENST00000400137,ENST00000381719	NA
1FKB	ENSG00000088832	ENST00000381715	LIG 1	RAP	NO	ENST00000381719,ENST00000400137	NA
1FKB	ENSG00000088832	ENST00000381719	LIG 1	RAP	YES	ENST00000381719,ENST00000400137	27,37,38,47,54,55,56,57,60,83,88,100
1FKB	ENSG00000088832	ENST00000381724	LIG 1	RAP	YES	ENST00000381719,ENST00000400137	27,37,38,47,54,55,56,57,60,83,88,100
1FKB	ENSG00000088832	ENST00000400137	LIG 1	RAP	YES	ENST00000381719,ENST00000400137	27,37,38,47,54,55,56,57,60,83,88,100
1FKB	ENSG00000088832	ENST00000439640	LIG 1	RAP	NO	ENST00000381719,ENST00000400137	NA
1FKB	ENSG00000088832	ENST00000618612	LIG 1	RAP	NO	ENST00000381719,ENST00000400137	NA
1FKB	ENSG00000088832	ENST00000612074	LIG 1	RAP	NO	ENST00000381719,ENST00000400137	NA
1FKB	ENSG00000088832	ENST00000614856	LIG 1	RAP	NO	ENST00000381719,ENST00000400137	NA
1FKB	ENSG00000088832	ENST00000677335	LIG 1	RAP	YES	ENST00000381719,ENST00000400137	27,37,38,47,54,55,56,57,60,83,88,100
1FKB	ENSG00000088832	ENST00000678408	LIG 1	RAP	YES	ENST00000381719,ENST00000400137	27,37,38,47,54,55,56,57,60,83,88,100
1FKB	ENSG00000088832	ENST00000678136	LIG 1	RAP	NO	ENST00000381719,ENST00000400137	NA
1FKB	ENSG00000088832	ENST00000677533	LIG 1	RAP	NO	ENST00000381719,ENST00000400137	NA
1FKF	ENSG00000088832	ENST00000381715	LIG 1	FK5	NO	ENST00000400137,ENST00000381719	NA
1FKF	ENSG00000088832	ENST00000381719	LIG 1	FK5	YES	ENST00000400137,ENST00000381719	27,37,38,43,47,55,56,57,60,82,83,88,92,100
1FKF	ENSG00000088832	ENST00000381724	LIG 1	FK5	YES	ENST00000400137,ENST00000381719	27,37,38,43,47,55,56,57,60,82,83,88,92,100
1FKF	ENSG00000088832	ENST00000400137	LIG 1	FK5	YES	ENST00000400137,ENST00000381719	27,37,38,43,47,55,56,57,60,82,83,88,92,100
1FKF	ENSG00000088832	ENST00000439640	LIG 1	FK5	NO	ENST00000400137,ENST00000381719	NA
1FKF	ENSG00000088832	ENST00000618612	LIG 1	FK5	NO	ENST00000400137,ENST00000381719	NA
1FKF	ENSG00000088832	ENST00000612074	LIG 1	FK5	NO	ENST00000400137,ENST00000381719	NA
1FKF	ENSG00000088832	ENST00000614856	LIG 1	FK5	NO	ENST00000400137,ENST00000381719	NA
1FKF	ENSG00000088832	ENST00000677335	LIG 1	FK5	YES	ENST00000400137,ENST00000381719	27,37,38,43,47,55,56,57,60,82,83,88,92,100
1FKF	ENSG00000088832	ENST00000678408	LIG 1	FK5	YES	ENST00000400137,ENST00000381719	27,37,38,43,47,55,56,57,60,82,83,88,92,100
1FKF	ENSG00000088832	ENST00000678136	LIG 1	FK5	NO	ENST00000400137,ENST00000381719	NA
1FKF	ENSG00000088832	ENST00000677533	LIG 1	FK5	NO	ENST00000400137,ENST00000381719	NA
1FKJ	ENSG00000088832	ENST00000381715	LIG 1	FK5	NO	ENST00000400137,ENST00000381719	NA
1FKJ	ENSG00000088832	ENST00000381719	LIG 1	FK5	YES	ENST00000400137,ENST00000381719	27,37,38,43,47,55,56,57,60,82,83,88,92,100
1FKJ	ENSG00000088832	ENST00000381724	LIG 1	FK5	YES	ENST00000400137,ENST00000381719	27,37,38,43,47,55,56,57,60,82,83,88,92,100
1FKJ	ENSG00000088832	ENST00000400137	LIG 1	FK5	YES	ENST00000400137,ENST00000381719	27,37,38,43,47,55,56,57,60,82,83,88,92,100
1FKJ	ENSG00000088832	ENST00000439640	LIG 1	FK5	NO	ENST00000400137,ENST00000381719	NA
1FKJ	ENSG00000088832	ENST00000618612	LIG 1	FK5	NO	ENST00000400137,ENST00000381719	NA
1FKJ	ENSG00000088832	ENST00000612074	LIG 1	FK5	NO	ENST00000400137,ENST00000381719	NA
1FKJ	ENSG00000088832	ENST00000614856	LIG 1	FK5	NO	ENST00000400137,ENST00000381719	NA
1FKJ	ENSG00000088832	ENST00000677335	LIG 1	FK5	YES	ENST00000400137,ENST00000381719	27,37,38,43,47,55,56,57,60,82,83,88,92,100
1FKJ	ENSG00000088832	ENST00000678408	LIG 1	FK5	YES	ENST00000400137,ENST00000381719	27,37,38,43,47,55,56,57,60,82,83,88,92,100
1FKJ	ENSG00000088832	ENST00000678136	LIG 1	FK5	NO	ENST00000400137,ENST00000381719	NA
1FKJ	ENSG00000088832	ENST00000677533	LIG 1	FK5	NO	ENST00000400137,ENST00000381719	NA
1J4R	ENSG00000088832	ENST00000381715	LIG 2	GOL	NO	ENST00000400137,ENST00000381719	NA
1J4R	ENSG00000088832	ENST00000381719	LIG 2	GOL	YES	ENST00000400137,ENST00000381719	79,80,95
1J4R	ENSG00000088832	ENST00000381724	LIG 2	GOL	YES	ENST00000400137,ENST00000381719	79,80,95
1J4R	ENSG00000088832	ENST00000400137	LIG 2	GOL	YES	ENST00000400137,ENST00000381719	79,80,95
1J4R	ENSG00000088832	ENST00000439640	LIG 2	GOL	YES	ENST00000400137,ENST00000381719	63,64,79
1J4R	ENSG00000088832	ENST00000618612	LIG 2	GOL	NO	ENST00000400137,ENST00000381719	NA
1J4R	ENSG00000088832	ENST00000612074	LIG 2	GOL	NO	ENST00000400137,ENST00000381719	NA
1J4R	ENSG00000088832	ENST00000614856	LIG 2	GOL	NO	ENST00000400137,ENST00000381719	NA
1J4R	ENSG00000088832	ENST00000677335	LIG 2	GOL	YES	ENST00000400137,ENST00000381719	79,80,95
1J4R	ENSG00000088832	ENST00000678408	LIG 2	GOL	YES	ENST00000400137,ENST00000381719	79,80,95
1J4R	ENSG00000088832	ENST00000678136	LIG 2	GOL	NO	ENST00000400137,ENST00000381719	NA
1J4R	ENSG00000088832	ENST00000677533	LIG 2	GOL	NO	ENST00000400137,ENST00000381719	NA
2DG3	ENSG00000088832	ENST00000381715	LIG 1	RAP	NO	ENST00000381719,ENST00000400137	NA
2DG3	ENSG00000088832	ENST00000381719	LIG 1	RAP	YES	ENST00000381719,ENST00000400137	27,37,38,47,54,55,56,57,60,83,88,100
2DG3	ENSG00000088832	ENST00000381724	LIG 1	RAP	YES	ENST00000381719,ENST00000400137	27,37,38,47,54,55,56,57,60,83,88,100
2DG3	ENSG00000088832	ENST00000400137	LIG 1	RAP	YES	ENST00000381719,ENST00000400137	27,37,38,47,54,55,56,57,60,83,88,100
2DG3	ENSG00000088832	ENST00000439640	LIG 1	RAP	NO	ENST00000381719,ENST00000400137	NA
2DG3	ENSG00000088832	ENST00000618612	LIG 1	RAP	NO	ENST00000381719,ENST00000400137	NA
2DG3	ENSG00000088832	ENST00000612074	LIG 1	RAP	NO	ENST00000381719,ENST00000400137	NA
2DG3	ENSG00000088832	ENST00000614856	LIG 1	RAP	NO	ENST00000381719,ENST00000400137	NA
2DG3	ENSG00000088832	ENST00000677335	LIG 1	RAP	YES	ENST00000381719,ENST00000400137	27,37,38,47,54,55,56,57,60,83,88,100
2DG3	ENSG00000088832	ENST00000678408	LIG 1	RAP	YES	ENST00000381719,ENST00000400137	27,37,38,47,54,55,56,57,60,83,88,100
2DG3	ENSG00000088832	ENST00000678136	LIG 1	RAP	NO	ENST00000381719,ENST00000400137	NA
2DG3	ENSG00000088832	ENST00000677533	LIG 1	RAP	NO	ENST00000381719,ENST00000400137	NA
2DG3	ENSG00000088832	ENST00000381715	LIG 2	GOL	NO	ENST00000381719,ENST00000400137	NA
2DG3	ENSG00000088832	ENST00000381719	LIG 2	GOL	YES	ENST00000381719,ENST00000400137	83,84,85,86
2DG3	ENSG00000088832	ENST00000381724	LIG 2	GOL	YES	ENST00000381719,ENST00000400137	83,84,85,86
2DG3	ENSG00000088832	ENST00000400137	LIG 2	GOL	YES	ENST00000381719,ENST00000400137	83,84,85,86
2DG3	ENSG00000088832	ENST00000439640	LIG 2	GOL	YES	ENST00000381719,ENST00000400137	67,68,69,70
2DG3	ENSG00000088832	ENST00000618612	LIG 2	GOL	NO	ENST00000381719,ENST00000400137	NA
2DG3	ENSG00000088832	ENST00000612074	LIG 2	GOL	NO	ENST00000381719,ENST00000400137	NA
2DG3	ENSG00000088832	ENST00000614856	LIG 2	GOL	NO	ENST00000381719,ENST00000400137	NA
2DG3	ENSG00000088832	ENST00000677335	LIG 2	GOL	YES	ENST00000381719,ENST00000400137	83,84,85,86
2DG3	ENSG00000088832	ENST00000678408	LIG 2	GOL	YES	ENST00000381719,ENST00000400137	83,84,85,86
2DG3	ENSG00000088832	ENST00000678136	LIG 2	GOL	NO	ENST00000381719,ENST00000400137	NA
2DG3	ENSG00000088832	ENST00000677533	LIG 2	GOL	NO	ENST00000381719,ENST00000400137	NA
2DG4	ENSG00000088832	ENST00000381715	LIG 1	RAP	NO	ENST00000381719,ENST00000400137	NA
2DG4	ENSG00000088832	ENST00000381719	LIG 1	RAP	YES	ENST00000381719,ENST00000400137	27,37,38,47,54,55,56,57,60,83,88,100
2DG4	ENSG00000088832	ENST00000381724	LIG 1	RAP	YES	ENST00000381719,ENST00000400137	27,37,38,47,54,55,56,57,60,83,88,100
2DG4	ENSG00000088832	ENST00000400137	LIG 1	RAP	YES	ENST00000381719,ENST00000400137	27,37,38,47,54,55,56,57,60,83,88,100
2DG4	ENSG00000088832	ENST00000439640	LIG 1	RAP	NO	ENST00000381719,ENST00000400137	NA
2DG4	ENSG00000088832	ENST00000618612	LIG 1	RAP	NO	ENST00000381719,ENST00000400137	NA
2DG4	ENSG00000088832	ENST00000612074	LIG 1	RAP	NO	ENST00000381719,ENST00000400137	NA
2DG4	ENSG00000088832	ENST00000614856	LIG 1	RAP	NO	ENST00000381719,ENST00000400137	NA
2DG4	ENSG00000088832	ENST00000677335	LIG 1	RAP	YES	ENST00000381719,ENST00000400137	27,37,38,47,54,55,56,57,60,83,88,100
2DG4	ENSG00000088832	ENST00000678408	LIG 1	RAP	YES	ENST00000381719,ENST00000400137	27,37,38,47,54,55,56,57,60,83,88,100
2DG4	ENSG00000088832	ENST00000678136	LIG 1	RAP	NO	ENST00000381719,ENST00000400137	NA
2DG4	ENSG00000088832	ENST00000677533	LIG 1	RAP	NO	ENST00000381719,ENST00000400137	NA
2DG4	ENSG00000088832	ENST00000381715	LIG 2	GOL	NO	ENST00000381719,ENST00000400137	NA
2DG4	ENSG00000088832	ENST00000381719	LIG 2	GOL	YES	ENST00000381719,ENST00000400137	83,84,85,86
2DG4	ENSG00000088832	ENST00000381724	LIG 2	GOL	YES	ENST00000381719,ENST00000400137	83,84,85,86
2DG4	ENSG00000088832	ENST00000400137	LIG 2	GOL	YES	ENST00000381719,ENST00000400137	83,84,85,86
2DG4	ENSG00000088832	ENST00000439640	LIG 2	GOL	YES	ENST00000381719,ENST00000400137	67,68,69,70
2DG4	ENSG00000088832	ENST00000618612	LIG 2	GOL	NO	ENST00000381719,ENST00000400137	NA
2DG4	ENSG00000088832	ENST00000612074	LIG 2	GOL	NO	ENST00000381719,ENST00000400137	NA
2DG4	ENSG00000088832	ENST00000614856	LIG 2	GOL	NO	ENST00000381719,ENST00000400137	NA
2DG4	ENSG00000088832	ENST00000677335	LIG 2	GOL	YES	ENST00000381719,ENST00000400137	83,84,85,86
2DG4	ENSG00000088832	ENST00000678408	LIG 2	GOL	YES	ENST00000381719,ENST00000400137	83,84,85,86
2DG4	ENSG00000088832	ENST00000678136	LIG 2	GOL	NO	ENST00000381719,ENST00000400137	NA
2DG4	ENSG00000088832	ENST00000677533	LIG 2	GOL	NO	ENST00000381719,ENST00000400137	NA
2DG9	ENSG00000088832	ENST00000381715	LIG 1	RAP	NO	ENST00000400137,ENST00000381719	NA
2DG9	ENSG00000088832	ENST00000381719	LIG 1	RAP	YES	ENST00000400137,ENST00000381719	27,37,38,47,54,55,56,57,60,83,88,100
2DG9	ENSG00000088832	ENST00000381724	LIG 1	RAP	YES	ENST00000400137,ENST00000381719	27,37,38,47,54,55,56,57,60,83,88,100
2DG9	ENSG00000088832	ENST00000400137	LIG 1	RAP	YES	ENST00000400137,ENST00000381719	27,37,38,47,54,55,56,57,60,83,88,100
2DG9	ENSG00000088832	ENST00000439640	LIG 1	RAP	NO	ENST00000400137,ENST00000381719	NA
2DG9	ENSG00000088832	ENST00000618612	LIG 1	RAP	NO	ENST00000400137,ENST00000381719	NA
2DG9	ENSG00000088832	ENST00000612074	LIG 1	RAP	NO	ENST00000400137,ENST00000381719	NA
2DG9	ENSG00000088832	ENST00000614856	LIG 1	RAP	NO	ENST00000400137,ENST00000381719	NA
2DG9	ENSG00000088832	ENST00000677335	LIG 1	RAP	YES	ENST00000400137,ENST00000381719	27,37,38,47,54,55,56,57,60,83,88,100
2DG9	ENSG00000088832	ENST00000678408	LIG 1	RAP	YES	ENST00000400137,ENST00000381719	27,37,38,47,54,55,56,57,60,83,88,100
2DG9	ENSG00000088832	ENST00000678136	LIG 1	RAP	NO	ENST00000400137,ENST00000381719	NA
2DG9	ENSG00000088832	ENST00000677533	LIG 1	RAP	NO	ENST00000400137,ENST00000381719	NA
2DG9	ENSG00000088832	ENST00000381715	LIG 2	GOL	NO	ENST00000400137,ENST00000381719	NA
2DG9	ENSG00000088832	ENST00000381719	LIG 2	GOL	YES	ENST00000400137,ENST00000381719	83,84,85,86
2DG9	ENSG00000088832	ENST00000381724	LIG 2	GOL	YES	ENST00000400137,ENST00000381719	83,84,85,86
2DG9	ENSG00000088832	ENST00000400137	LIG 2	GOL	YES	ENST00000400137,ENST00000381719	83,84,85,86
2DG9	ENSG00000088832	ENST00000439640	LIG 2	GOL	YES	ENST00000400137,ENST00000381719	67,68,69,70
2DG9	ENSG00000088832	ENST00000618612	LIG 2	GOL	NO	ENST00000400137,ENST00000381719	NA
2DG9	ENSG00000088832	ENST00000612074	LIG 2	GOL	NO	ENST00000400137,ENST00000381719	NA
2DG9	ENSG00000088832	ENST00000614856	LIG 2	GOL	NO	ENST00000400137,ENST00000381719	NA
2DG9	ENSG00000088832	ENST00000677335	LIG 2	GOL	YES	ENST00000400137,ENST00000381719	83,84,85,86
2DG9	ENSG00000088832	ENST00000678408	LIG 2	GOL	YES	ENST00000400137,ENST00000381719	83,84,85,86
2DG9	ENSG00000088832	ENST00000678136	LIG 2	GOL	NO	ENST00000400137,ENST00000381719	NA
2DG9	ENSG00000088832	ENST00000677533	LIG 2	GOL	NO	ENST00000400137,ENST00000381719	NA
2FKE	ENSG00000088832	ENST00000381715	LIG 1	FK5	NO	ENST00000400137,ENST00000381719	NA
2FKE	ENSG00000088832	ENST00000381719	LIG 1	FK5	YES	ENST00000400137,ENST00000381719	27,37,38,43,47,55,56,57,60,82,83,88,92,100
2FKE	ENSG00000088832	ENST00000381724	LIG 1	FK5	YES	ENST00000400137,ENST00000381719	27,37,38,43,47,55,56,57,60,82,83,88,92,100
2FKE	ENSG00000088832	ENST00000400137	LIG 1	FK5	YES	ENST00000400137,ENST00000381719	27,37,38,43,47,55,56,57,60,82,83,88,92,100
2FKE	ENSG00000088832	ENST00000439640	LIG 1	FK5	NO	ENST00000400137,ENST00000381719	NA
2FKE	ENSG00000088832	ENST00000618612	LIG 1	FK5	NO	ENST00000400137,ENST00000381719	NA
2FKE	ENSG00000088832	ENST00000612074	LIG 1	FK5	NO	ENST00000400137,ENST00000381719	NA
2FKE	ENSG00000088832	ENST00000614856	LIG 1	FK5	NO	ENST00000400137,ENST00000381719	NA
2FKE	ENSG00000088832	ENST00000677335	LIG 1	FK5	YES	ENST00000400137,ENST00000381719	27,37,38,43,47,55,56,57,60,82,83,88,92,100
2FKE	ENSG00000088832	ENST00000678408	LIG 1	FK5	YES	ENST00000400137,ENST00000381719	27,37,38,43,47,55,56,57,60,82,83,88,92,100
2FKE	ENSG00000088832	ENST00000678136	LIG 1	FK5	NO	ENST00000400137,ENST00000381719	NA
2FKE	ENSG00000088832	ENST00000677533	LIG 1	FK5	NO	ENST00000400137,ENST00000381719	NA
6M4U	ENSG00000088832	ENST00000381715	LIG 1	RAP	NO	ENST00000400137,ENST00000381719	NA
6M4U	ENSG00000088832	ENST00000381719	LIG 1	RAP	YES	ENST00000400137,ENST00000381719	27,37,38,47,54,55,56,57,60,83,91,92,100
6M4U	ENSG00000088832	ENST00000381724	LIG 1	RAP	YES	ENST00000400137,ENST00000381719	27,37,38,47,54,55,56,57,60,83,91,92,100
6M4U	ENSG00000088832	ENST00000400137	LIG 1	RAP	YES	ENST00000400137,ENST00000381719	27,37,38,47,54,55,56,57,60,83,91,92,100
6M4U	ENSG00000088832	ENST00000439640	LIG 1	RAP	NO	ENST00000400137,ENST00000381719	NA
6M4U	ENSG00000088832	ENST00000618612	LIG 1	RAP	NO	ENST00000400137,ENST00000381719	NA
6M4U	ENSG00000088832	ENST00000612074	LIG 1	RAP	NO	ENST00000400137,ENST00000381719	NA
6M4U	ENSG00000088832	ENST00000614856	LIG 1	RAP	NO	ENST00000400137,ENST00000381719	NA
6M4U	ENSG00000088832	ENST00000677335	LIG 1	RAP	YES	ENST00000400137,ENST00000381719	27,37,38,47,54,55,56,57,60,83,91,92,100
6M4U	ENSG00000088832	ENST00000678408	LIG 1	RAP	YES	ENST00000400137,ENST00000381719	27,37,38,47,54,55,56,57,60,83,91,92,100
6M4U	ENSG00000088832	ENST00000678136	LIG 1	RAP	NO	ENST00000400137,ENST00000381719	NA
6M4U	ENSG00000088832	ENST00000677533	LIG 1	RAP	NO	ENST00000400137,ENST00000381719	NA
6OQA	ENSG00000088832	ENST00000381715	LIG 4	PE8	NO	ENST00000400137,ENST00000381719	NA
6OQA	ENSG00000088832	ENST00000381719	LIG 4	PE8	YES	ENST00000400137,ENST00000381719	43,44,45,48,108
6OQA	ENSG00000088832	ENST00000381724	LIG 4	PE8	YES	ENST00000400137,ENST00000381719	43,44,45,48,108
6OQA	ENSG00000088832	ENST00000400137	LIG 4	PE8	YES	ENST00000400137,ENST00000381719	43,44,45,48,108
6OQA	ENSG00000088832	ENST00000439640	LIG 4	PE8	YES	ENST00000400137,ENST00000381719	27,28,29,32,92
6OQA	ENSG00000088832	ENST00000618612	LIG 4	PE8	NO	ENST00000400137,ENST00000381719	NA
6OQA	ENSG00000088832	ENST00000612074	LIG 4	PE8	NO	ENST00000400137,ENST00000381719	NA
6OQA	ENSG00000088832	ENST00000614856	LIG 4	PE8	NO	ENST00000400137,ENST00000381719	NA
6OQA	ENSG00000088832	ENST00000677335	LIG 4	PE8	YES	ENST00000400137,ENST00000381719	43,44,45,48,108
6OQA	ENSG00000088832	ENST00000678408	LIG 4	PE8	YES	ENST00000400137,ENST00000381719	43,44,45,48,108
6OQA	ENSG00000088832	ENST00000678136	LIG 4	PE8	NO	ENST00000400137,ENST00000381719	NA
6OQA	ENSG00000088832	ENST00000677533	LIG 4	PE8	NO	ENST00000400137,ENST00000381719	NA
1BM7	ENSG00000118271	ENST00000237014	LIG 1	FLF	YES	ENST00000237014,ENST00000649620	55,126,128,129,130,137,138,139,141
1BM7	ENSG00000118271	ENST00000610404	LIG 1	FLF	YES	ENST00000237014,ENST00000649620	23,94,96,97,98,105,106,107,109
1BM7	ENSG00000118271	ENST00000613781	LIG 1	FLF	NO	ENST00000237014,ENST00000649620	NA
1BM7	ENSG00000118271	ENST00000649620	LIG 1	FLF	YES	ENST00000237014,ENST00000649620	55,126,128,129,130,137,138,139,141
1BM7	ENSG00000118271	ENST00000676075	LIG 1	FLF	NO	ENST00000237014,ENST00000649620	NA
1E4H	ENSG00000118271	ENST00000237014	LIG 1	GOL	YES	ENST00000649620,ENST00000237014	53,61,90,112,130,137
1E4H	ENSG00000118271	ENST00000610404	LIG 1	GOL	YES	ENST00000649620,ENST00000237014	21,29,58,80,98,105
1E4H	ENSG00000118271	ENST00000613781	LIG 1	GOL	NO	ENST00000649620,ENST00000237014	NA
1E4H	ENSG00000118271	ENST00000649620	LIG 1	GOL	YES	ENST00000649620,ENST00000237014	53,61,90,112,130,137
1E4H	ENSG00000118271	ENST00000676075	LIG 1	GOL	NO	ENST00000649620,ENST00000237014	NA
1ETB	ENSG00000118271	ENST00000237014	LIG 1	T44	YES	ENST00000649620,ENST00000237014	37,55,74,128,129,130
1ETB	ENSG00000118271	ENST00000610404	LIG 1	T44	YES	ENST00000649620,ENST00000237014	5,23,42,96,97,98
1ETB	ENSG00000118271	ENST00000613781	LIG 1	T44	NO	ENST00000649620,ENST00000237014	NA
1ETB	ENSG00000118271	ENST00000649620	LIG 1	T44	YES	ENST00000649620,ENST00000237014	37,55,74,128,129,130
1ETB	ENSG00000118271	ENST00000676075	LIG 1	T44	NO	ENST00000649620,ENST00000237014	NA
1F86	ENSG00000118271	ENST00000237014	LIG 1	T44	YES	ENST00000649620,ENST00000237014	37,128,130,137
1F86	ENSG00000118271	ENST00000610404	LIG 1	T44	YES	ENST00000649620,ENST00000237014	5,96,98,105
1F86	ENSG00000118271	ENST00000613781	LIG 1	T44	NO	ENST00000649620,ENST00000237014	NA
1F86	ENSG00000118271	ENST00000649620	LIG 1	T44	YES	ENST00000649620,ENST00000237014	37,128,130,137
1F86	ENSG00000118271	ENST00000676075	LIG 1	T44	NO	ENST00000649620,ENST00000237014	NA
1ICT	ENSG00000118271	ENST00000237014	LIG 1	T44	YES	ENST00000237014,ENST00000649620	37,55,128,129,130,135,137
1ICT	ENSG00000118271	ENST00000610404	LIG 1	T44	YES	ENST00000237014,ENST00000649620	5,23,96,97,98,103,105
1ICT	ENSG00000118271	ENST00000613781	LIG 1	T44	NO	ENST00000237014,ENST00000649620	NA
1ICT	ENSG00000118271	ENST00000649620	LIG 1	T44	YES	ENST00000237014,ENST00000649620	37,55,128,129,130,135,137
1ICT	ENSG00000118271	ENST00000676075	LIG 1	T44	NO	ENST00000237014,ENST00000649620	NA
1QAB	ENSG00000118271	ENST00000237014	LIG 1	RTL	YES	ENST00000237014,ENST00000649620	103
1QAB	ENSG00000118271	ENST00000610404	LIG 1	RTL	YES	ENST00000237014,ENST00000649620	71
1QAB	ENSG00000118271	ENST00000613781	LIG 1	RTL	NO	ENST00000237014,ENST00000649620	NA
1QAB	ENSG00000118271	ENST00000649620	LIG 1	RTL	YES	ENST00000237014,ENST00000649620	103
1QAB	ENSG00000118271	ENST00000676075	LIG 1	RTL	NO	ENST00000237014,ENST00000649620	NA
1RLB	ENSG00000118271	ENST00000237014	LIG 1	REA	YES	ENST00000649620,ENST00000237014	103
1RLB	ENSG00000118271	ENST00000610404	LIG 1	REA	YES	ENST00000649620,ENST00000237014	71
1RLB	ENSG00000118271	ENST00000613781	LIG 1	REA	NO	ENST00000649620,ENST00000237014	NA
1RLB	ENSG00000118271	ENST00000649620	LIG 1	REA	YES	ENST00000649620,ENST00000237014	103
1RLB	ENSG00000118271	ENST00000676075	LIG 1	REA	NO	ENST00000649620,ENST00000237014	NA
1TLM	ENSG00000118271	ENST00000237014	LIG 1	MIL	YES	ENST00000237014,ENST00000649620	37,128,129,130,137,138,139
1TLM	ENSG00000118271	ENST00000610404	LIG 1	MIL	YES	ENST00000237014,ENST00000649620	5,96,97,98,105,106,107
1TLM	ENSG00000118271	ENST00000613781	LIG 1	MIL	NO	ENST00000237014,ENST00000649620	NA
1TLM	ENSG00000118271	ENST00000649620	LIG 1	MIL	YES	ENST00000237014,ENST00000649620	37,128,129,130,137,138,139
1TLM	ENSG00000118271	ENST00000676075	LIG 1	MIL	NO	ENST00000237014,ENST00000649620	NA
1TT6	ENSG00000118271	ENST00000237014	LIG 3	GOL	YES	ENST00000649620,ENST00000237014	39,130,132,135,136,137
1TT6	ENSG00000118271	ENST00000610404	LIG 3	GOL	YES	ENST00000649620,ENST00000237014	7,98,100,103,104,105
1TT6	ENSG00000118271	ENST00000613781	LIG 3	GOL	NO	ENST00000649620,ENST00000237014	NA
1TT6	ENSG00000118271	ENST00000649620	LIG 3	GOL	YES	ENST00000649620,ENST00000237014	39,130,132,135,136,137
1TT6	ENSG00000118271	ENST00000676075	LIG 3	GOL	NO	ENST00000649620,ENST00000237014	NA
1TT6	ENSG00000118271	ENST00000237014	LIG 2	DES	YES	ENST00000649620,ENST00000237014	37,55,129,130,137
1TT6	ENSG00000118271	ENST00000610404	LIG 2	DES	YES	ENST00000649620,ENST00000237014	5,23,97,98,105
1TT6	ENSG00000118271	ENST00000613781	LIG 2	DES	NO	ENST00000649620,ENST00000237014	NA
1TT6	ENSG00000118271	ENST00000649620	LIG 2	DES	YES	ENST00000649620,ENST00000237014	37,55,129,130,137
1TT6	ENSG00000118271	ENST00000676075	LIG 2	DES	NO	ENST00000649620,ENST00000237014	NA
1TYR	ENSG00000118271	ENST00000237014	LIG 1	9CR	YES	ENST00000237014,ENST00000649620	37,55,128,129,130,137,138,139
1TYR	ENSG00000118271	ENST00000610404	LIG 1	9CR	YES	ENST00000237014,ENST00000649620	5,23,96,97,98,105,106,107
1TYR	ENSG00000118271	ENST00000613781	LIG 1	9CR	NO	ENST00000237014,ENST00000649620	NA
1TYR	ENSG00000118271	ENST00000649620	LIG 1	9CR	YES	ENST00000237014,ENST00000649620	37,55,128,129,130,137,138,139
1TYR	ENSG00000118271	ENST00000676075	LIG 1	9CR	NO	ENST00000237014,ENST00000649620	NA
1TZ8	ENSG00000118271	ENST00000237014	LIG 4	DES	YES	ENST00000649620,ENST00000237014	37,55,129,130,137
1TZ8	ENSG00000118271	ENST00000610404	LIG 4	DES	YES	ENST00000649620,ENST00000237014	5,23,97,98,105
1TZ8	ENSG00000118271	ENST00000613781	LIG 4	DES	NO	ENST00000649620,ENST00000237014	NA
1TZ8	ENSG00000118271	ENST00000649620	LIG 4	DES	YES	ENST00000649620,ENST00000237014	37,55,129,130,137
1TZ8	ENSG00000118271	ENST00000676075	LIG 4	DES	NO	ENST00000649620,ENST00000237014	NA
1TZ8	ENSG00000118271	ENST00000237014	LIG 2	DMS	YES	ENST00000649620,ENST00000237014	100,103,104
1TZ8	ENSG00000118271	ENST00000610404	LIG 2	DMS	YES	ENST00000649620,ENST00000237014	68,71,72
1TZ8	ENSG00000118271	ENST00000613781	LIG 2	DMS	NO	ENST00000649620,ENST00000237014	NA
1TZ8	ENSG00000118271	ENST00000649620	LIG 2	DMS	YES	ENST00000649620,ENST00000237014	100,103,104
1TZ8	ENSG00000118271	ENST00000676075	LIG 2	DMS	NO	ENST00000649620,ENST00000237014	NA
1TZ8	ENSG00000118271	ENST00000237014	LIG 3	GOL	YES	ENST00000649620,ENST00000237014	132,135,137
1TZ8	ENSG00000118271	ENST00000610404	LIG 3	GOL	YES	ENST00000649620,ENST00000237014	100,103,105
1TZ8	ENSG00000118271	ENST00000613781	LIG 3	GOL	NO	ENST00000649620,ENST00000237014	NA
1TZ8	ENSG00000118271	ENST00000649620	LIG 3	GOL	YES	ENST00000649620,ENST00000237014	132,135,137
1TZ8	ENSG00000118271	ENST00000676075	LIG 3	GOL	NO	ENST00000649620,ENST00000237014	NA
2ROX	ENSG00000118271	ENST00000237014	LIG 2	T44	YES	ENST00000649620,ENST00000237014	37,55,128,129,130
2ROX	ENSG00000118271	ENST00000610404	LIG 2	T44	YES	ENST00000649620,ENST00000237014	5,23,96,97,98
2ROX	ENSG00000118271	ENST00000613781	LIG 2	T44	NO	ENST00000649620,ENST00000237014	NA
2ROX	ENSG00000118271	ENST00000649620	LIG 2	T44	YES	ENST00000649620,ENST00000237014	37,55,128,129,130
2ROX	ENSG00000118271	ENST00000676075	LIG 2	T44	NO	ENST00000649620,ENST00000237014	NA
3A4D	ENSG00000118271	ENST00000237014	LIG 2	GOL	YES	ENST00000649620,ENST00000237014	123
3A4D	ENSG00000118271	ENST00000610404	LIG 2	GOL	YES	ENST00000649620,ENST00000237014	91
3A4D	ENSG00000118271	ENST00000613781	LIG 2	GOL	NO	ENST00000649620,ENST00000237014	NA
3A4D	ENSG00000118271	ENST00000649620	LIG 2	GOL	YES	ENST00000649620,ENST00000237014	123
3A4D	ENSG00000118271	ENST00000676075	LIG 2	GOL	NO	ENST00000649620,ENST00000237014	NA
3A4E	ENSG00000118271	ENST00000237014	LIG 1	GOL	YES	ENST00000649620,ENST00000237014	128,130,137,138,139
3A4E	ENSG00000118271	ENST00000610404	LIG 1	GOL	YES	ENST00000649620,ENST00000237014	96,98,105,106,107
3A4E	ENSG00000118271	ENST00000613781	LIG 1	GOL	NO	ENST00000649620,ENST00000237014	NA
3A4E	ENSG00000118271	ENST00000649620	LIG 1	GOL	YES	ENST00000649620,ENST00000237014	128,130,137,138,139
3A4E	ENSG00000118271	ENST00000676075	LIG 1	GOL	NO	ENST00000649620,ENST00000237014	NA
3A4F	ENSG00000118271	ENST00000237014	LIG 1	GOL	YES	ENST00000649620,ENST00000237014	70,72,74,76,110,112,137
3A4F	ENSG00000118271	ENST00000610404	LIG 1	GOL	YES	ENST00000649620,ENST00000237014	38,40,42,44,78,80,105
3A4F	ENSG00000118271	ENST00000613781	LIG 1	GOL	NO	ENST00000649620,ENST00000237014	NA
3A4F	ENSG00000118271	ENST00000649620	LIG 1	GOL	YES	ENST00000649620,ENST00000237014	70,72,74,76,110,112,137
3A4F	ENSG00000118271	ENST00000676075	LIG 1	GOL	NO	ENST00000649620,ENST00000237014	NA
3CFQ	ENSG00000118271	ENST00000237014	LIG 1	DIF	YES	ENST00000649620,ENST00000237014	37,55,128,129,130,137,138,139
3CFQ	ENSG00000118271	ENST00000610404	LIG 1	DIF	YES	ENST00000649620,ENST00000237014	5,23,96,97,98,105,106,107
3CFQ	ENSG00000118271	ENST00000613781	LIG 1	DIF	NO	ENST00000649620,ENST00000237014	NA
3CFQ	ENSG00000118271	ENST00000649620	LIG 1	DIF	YES	ENST00000649620,ENST00000237014	37,55,128,129,130,137,138,139
3CFQ	ENSG00000118271	ENST00000676075	LIG 1	DIF	NO	ENST00000649620,ENST00000237014	NA
3D2T	ENSG00000118271	ENST00000237014	LIG 1	1FL	YES	ENST00000237014,ENST00000649620	55,123,125,128,130,134,136,137,139,141
3D2T	ENSG00000118271	ENST00000610404	LIG 1	1FL	YES	ENST00000237014,ENST00000649620	23,91,93,96,98,102,104,105,107,109
3D2T	ENSG00000118271	ENST00000613781	LIG 1	1FL	NO	ENST00000237014,ENST00000649620	NA
3D2T	ENSG00000118271	ENST00000649620	LIG 1	1FL	YES	ENST00000237014,ENST00000649620	55,123,125,128,130,134,136,137,139,141
3D2T	ENSG00000118271	ENST00000676075	LIG 1	1FL	NO	ENST00000237014,ENST00000649620	NA
3DGD	ENSG00000118271	ENST00000237014	LIG 2	GOL	YES	ENST00000237014,ENST00000649620	59
3DGD	ENSG00000118271	ENST00000610404	LIG 2	GOL	YES	ENST00000237014,ENST00000649620	27
3DGD	ENSG00000118271	ENST00000613781	LIG 2	GOL	NO	ENST00000237014,ENST00000649620	NA
3DGD	ENSG00000118271	ENST00000649620	LIG 2	GOL	YES	ENST00000237014,ENST00000649620	59
3DGD	ENSG00000118271	ENST00000676075	LIG 2	GOL	NO	ENST00000237014,ENST00000649620	NA
3DID	ENSG00000118271	ENST00000237014	LIG 2	GOL	YES	ENST00000649620,ENST00000237014	56,57
3DID	ENSG00000118271	ENST00000610404	LIG 2	GOL	YES	ENST00000649620,ENST00000237014	24,25
3DID	ENSG00000118271	ENST00000613781	LIG 2	GOL	NO	ENST00000649620,ENST00000237014	NA
3DID	ENSG00000118271	ENST00000649620	LIG 2	GOL	YES	ENST00000649620,ENST00000237014	56,57
3DID	ENSG00000118271	ENST00000676075	LIG 2	GOL	NO	ENST00000649620,ENST00000237014	NA
3GPS	ENSG00000118271	ENST00000237014	LIG 2	GOL	YES	ENST00000649620,ENST00000237014	54,55,56,57,59,61
3GPS	ENSG00000118271	ENST00000610404	LIG 2	GOL	YES	ENST00000649620,ENST00000237014	22,23,24,25,27,29
3GPS	ENSG00000118271	ENST00000613781	LIG 2	GOL	NO	ENST00000649620,ENST00000237014	NA
3GPS	ENSG00000118271	ENST00000649620	LIG 2	GOL	YES	ENST00000649620,ENST00000237014	54,55,56,57,59,61
3GPS	ENSG00000118271	ENST00000676075	LIG 2	GOL	NO	ENST00000649620,ENST00000237014	NA
3GRB	ENSG00000118271	ENST00000237014	LIG 1	GOL	YES	ENST00000237014,ENST00000649620	39,54,56,57,61,90,112,130,131,132,135,136,137
3GRB	ENSG00000118271	ENST00000610404	LIG 1	GOL	YES	ENST00000237014,ENST00000649620	7,22,24,25,29,58,80,98,99,100,103,104,105
3GRB	ENSG00000118271	ENST00000613781	LIG 1	GOL	NO	ENST00000237014,ENST00000649620	NA
3GRB	ENSG00000118271	ENST00000649620	LIG 1	GOL	YES	ENST00000237014,ENST00000649620	39,54,56,57,61,90,112,130,131,132,135,136,137
3GRB	ENSG00000118271	ENST00000676075	LIG 1	GOL	NO	ENST00000237014,ENST00000649620	NA
3GRG	ENSG00000118271	ENST00000237014	LIG 2	GOL	YES	ENST00000237014,ENST00000649620	39,95,99,106,107,108,110,111,130,131,132,133,135,136,137
3GRG	ENSG00000118271	ENST00000610404	LIG 2	GOL	YES	ENST00000237014,ENST00000649620	7,63,67,74,75,76,78,79,98,99,100,101,103,104,105
3GRG	ENSG00000118271	ENST00000613781	LIG 2	GOL	NO	ENST00000237014,ENST00000649620	NA
3GRG	ENSG00000118271	ENST00000649620	LIG 2	GOL	YES	ENST00000237014,ENST00000649620	39,95,99,106,107,108,110,111,130,131,132,133,135,136,137
3GRG	ENSG00000118271	ENST00000676075	LIG 2	GOL	NO	ENST00000237014,ENST00000649620	NA
3NEE	ENSG00000118271	ENST00000237014	LIG 2	GOL	YES	ENST00000237014,ENST00000649620	86,119
3NEE	ENSG00000118271	ENST00000610404	LIG 2	GOL	YES	ENST00000237014,ENST00000649620	54,87
3NEE	ENSG00000118271	ENST00000613781	LIG 2	GOL	NO	ENST00000237014,ENST00000649620	NA
3NEE	ENSG00000118271	ENST00000649620	LIG 2	GOL	YES	ENST00000237014,ENST00000649620	86,119
3NEE	ENSG00000118271	ENST00000676075	LIG 2	GOL	NO	ENST00000237014,ENST00000649620	NA
3NES	ENSG00000118271	ENST00000237014	LIG 2	GOL	YES	ENST00000649620,ENST00000237014	64,83,94,109,110,112
3NES	ENSG00000118271	ENST00000610404	LIG 2	GOL	YES	ENST00000649620,ENST00000237014	32,51,62,77,78,80
3NES	ENSG00000118271	ENST00000613781	LIG 2	GOL	NO	ENST00000649620,ENST00000237014	NA
3NES	ENSG00000118271	ENST00000649620	LIG 2	GOL	YES	ENST00000649620,ENST00000237014	64,83,94,109,110,112
3NES	ENSG00000118271	ENST00000676075	LIG 2	GOL	NO	ENST00000649620,ENST00000237014	NA
3NEX	ENSG00000118271	ENST00000237014	LIG 1	GOL	YES	ENST00000649620,ENST00000237014	86,119
3NEX	ENSG00000118271	ENST00000610404	LIG 1	GOL	YES	ENST00000649620,ENST00000237014	54,87
3NEX	ENSG00000118271	ENST00000613781	LIG 1	GOL	NO	ENST00000649620,ENST00000237014	NA
3NEX	ENSG00000118271	ENST00000649620	LIG 1	GOL	YES	ENST00000649620,ENST00000237014	86,119
3NEX	ENSG00000118271	ENST00000676075	LIG 1	GOL	NO	ENST00000649620,ENST00000237014	NA
3NG5	ENSG00000118271	ENST00000237014	LIG 2	GOL	YES	ENST00000649620,ENST00000237014	128,130,137,138,139
3NG5	ENSG00000118271	ENST00000610404	LIG 2	GOL	YES	ENST00000649620,ENST00000237014	96,98,105,106,107
3NG5	ENSG00000118271	ENST00000613781	LIG 2	GOL	NO	ENST00000649620,ENST00000237014	NA
3NG5	ENSG00000118271	ENST00000649620	LIG 2	GOL	YES	ENST00000649620,ENST00000237014	128,130,137,138,139
3NG5	ENSG00000118271	ENST00000676075	LIG 2	GOL	NO	ENST00000649620,ENST00000237014	NA
3OZK	ENSG00000118271	ENST00000237014	LIG 1	T44	YES	ENST00000649620,ENST00000237014	37,55,126,128,130,137,138,139,141
3OZK	ENSG00000118271	ENST00000610404	LIG 1	T44	YES	ENST00000649620,ENST00000237014	5,23,94,96,98,105,106,107,109
3OZK	ENSG00000118271	ENST00000613781	LIG 1	T44	NO	ENST00000649620,ENST00000237014	NA
3OZK	ENSG00000118271	ENST00000649620	LIG 1	T44	YES	ENST00000649620,ENST00000237014	37,55,126,128,130,137,138,139,141
3OZK	ENSG00000118271	ENST00000676075	LIG 1	T44	NO	ENST00000649620,ENST00000237014	NA
3OZL	ENSG00000118271	ENST00000237014	LIG 1	FLF	YES	ENST00000649620,ENST00000237014	37,55,126,128,130,139,141
3OZL	ENSG00000118271	ENST00000610404	LIG 1	FLF	YES	ENST00000649620,ENST00000237014	5,23,94,96,98,107,109
3OZL	ENSG00000118271	ENST00000613781	LIG 1	FLF	NO	ENST00000649620,ENST00000237014	NA
3OZL	ENSG00000118271	ENST00000649620	LIG 1	FLF	YES	ENST00000649620,ENST00000237014	37,55,126,128,130,139,141
3OZL	ENSG00000118271	ENST00000676075	LIG 1	FLF	NO	ENST00000649620,ENST00000237014	NA
3TCT	ENSG00000118271	ENST00000237014	LIG 1	3MI	YES	ENST00000237014,ENST00000649620	37,128,130,137,138,139
3TCT	ENSG00000118271	ENST00000610404	LIG 1	3MI	YES	ENST00000237014,ENST00000649620	5,96,98,105,106,107
3TCT	ENSG00000118271	ENST00000613781	LIG 1	3MI	NO	ENST00000237014,ENST00000649620	NA
3TCT	ENSG00000118271	ENST00000649620	LIG 1	3MI	YES	ENST00000237014,ENST00000649620	37,128,130,137,138,139
3TCT	ENSG00000118271	ENST00000676075	LIG 1	3MI	NO	ENST00000237014,ENST00000649620	NA
4D7B	ENSG00000118271	ENST00000237014	LIG 1	TCW	YES	ENST00000237014,ENST00000649620	37,55,128,130,137
4D7B	ENSG00000118271	ENST00000610404	LIG 1	TCW	YES	ENST00000237014,ENST00000649620	5,23,96,98,105
4D7B	ENSG00000118271	ENST00000613781	LIG 1	TCW	NO	ENST00000237014,ENST00000649620	NA
4D7B	ENSG00000118271	ENST00000649620	LIG 1	TCW	YES	ENST00000237014,ENST00000649620	37,55,128,130,137
4D7B	ENSG00000118271	ENST00000676075	LIG 1	TCW	NO	ENST00000237014,ENST00000649620	NA
4DER	ENSG00000118271	ENST00000237014	LIG 2	GOL	YES	ENST00000237014,ENST00000649620	86,119
4DER	ENSG00000118271	ENST00000610404	LIG 2	GOL	YES	ENST00000237014,ENST00000649620	54,87
4DER	ENSG00000118271	ENST00000613781	LIG 2	GOL	NO	ENST00000237014,ENST00000649620	NA
4DER	ENSG00000118271	ENST00000649620	LIG 2	GOL	YES	ENST00000237014,ENST00000649620	86,119
4DER	ENSG00000118271	ENST00000676075	LIG 2	GOL	NO	ENST00000237014,ENST00000649620	NA
4HIS	ENSG00000118271	ENST00000237014	LIG 1	3MI	YES	ENST00000237014,ENST00000649620	37,55,128,130,137,138,139
4HIS	ENSG00000118271	ENST00000610404	LIG 1	3MI	YES	ENST00000237014,ENST00000649620	5,23,96,98,105,106,107
4HIS	ENSG00000118271	ENST00000613781	LIG 1	3MI	NO	ENST00000237014,ENST00000649620	NA
4HIS	ENSG00000118271	ENST00000649620	LIG 1	3MI	YES	ENST00000237014,ENST00000649620	37,55,128,130,137,138,139
4HIS	ENSG00000118271	ENST00000676075	LIG 1	3MI	NO	ENST00000237014,ENST00000649620	NA
4I89	ENSG00000118271	ENST00000237014	LIG 1	1FL	YES	ENST00000237014,ENST00000649620	37,55,128,130,137,138,139
4I89	ENSG00000118271	ENST00000610404	LIG 1	1FL	YES	ENST00000237014,ENST00000649620	5,23,96,98,105,106,107
4I89	ENSG00000118271	ENST00000613781	LIG 1	1FL	NO	ENST00000237014,ENST00000649620	NA
4I89	ENSG00000118271	ENST00000649620	LIG 1	1FL	YES	ENST00000237014,ENST00000649620	37,55,128,130,137,138,139
4I89	ENSG00000118271	ENST00000676075	LIG 1	1FL	NO	ENST00000237014,ENST00000649620	NA
4IIZ	ENSG00000118271	ENST00000237014	LIG 1	LUR	YES	ENST00000237014,ENST00000649620	37,55,128
4IIZ	ENSG00000118271	ENST00000610404	LIG 1	LUR	YES	ENST00000237014,ENST00000649620	5,23,96
4IIZ	ENSG00000118271	ENST00000613781	LIG 1	LUR	NO	ENST00000237014,ENST00000649620	NA
4IIZ	ENSG00000118271	ENST00000649620	LIG 1	LUR	YES	ENST00000237014,ENST00000649620	37,55,128
4IIZ	ENSG00000118271	ENST00000676075	LIG 1	LUR	NO	ENST00000237014,ENST00000649620	NA
4IK6	ENSG00000118271	ENST00000237014	LIG 1	LUR	YES	ENST00000649620,ENST00000237014	37,55,128,141
4IK6	ENSG00000118271	ENST00000610404	LIG 1	LUR	YES	ENST00000649620,ENST00000237014	5,23,96,109
4IK6	ENSG00000118271	ENST00000613781	LIG 1	LUR	NO	ENST00000649620,ENST00000237014	NA
4IK6	ENSG00000118271	ENST00000649620	LIG 1	LUR	YES	ENST00000649620,ENST00000237014	37,55,128,141
4IK6	ENSG00000118271	ENST00000676075	LIG 1	LUR	NO	ENST00000649620,ENST00000237014	NA
4IK7	ENSG00000118271	ENST00000237014	LIG 1	IMN	YES	ENST00000237014,ENST00000649620	33,37,55,126,128,139,141
4IK7	ENSG00000118271	ENST00000610404	LIG 1	IMN	NO	ENST00000237014,ENST00000649620	NA
4IK7	ENSG00000118271	ENST00000613781	LIG 1	IMN	NO	ENST00000237014,ENST00000649620	NA
4IK7	ENSG00000118271	ENST00000649620	LIG 1	IMN	YES	ENST00000237014,ENST00000649620	33,37,55,126,128,139,141
4IK7	ENSG00000118271	ENST00000676075	LIG 1	IMN	NO	ENST00000237014,ENST00000649620	NA
4IKI	ENSG00000118271	ENST00000237014	LIG 1	IMN	YES	ENST00000237014,ENST00000649620	37,55,128
4IKI	ENSG00000118271	ENST00000610404	LIG 1	IMN	YES	ENST00000237014,ENST00000649620	5,23,96
4IKI	ENSG00000118271	ENST00000613781	LIG 1	IMN	NO	ENST00000237014,ENST00000649620	NA
4IKI	ENSG00000118271	ENST00000649620	LIG 1	IMN	YES	ENST00000237014,ENST00000649620	37,55,128
4IKI	ENSG00000118271	ENST00000676075	LIG 1	IMN	NO	ENST00000237014,ENST00000649620	NA
4IKJ	ENSG00000118271	ENST00000237014	LIG 1	SUZ	YES	ENST00000649620,ENST00000237014	37,55,128,130,135,137,139
4IKJ	ENSG00000118271	ENST00000610404	LIG 1	SUZ	YES	ENST00000649620,ENST00000237014	5,23,96,98,103,105,107
4IKJ	ENSG00000118271	ENST00000613781	LIG 1	SUZ	NO	ENST00000649620,ENST00000237014	NA
4IKJ	ENSG00000118271	ENST00000649620	LIG 1	SUZ	YES	ENST00000649620,ENST00000237014	37,55,128,130,135,137,139
4IKJ	ENSG00000118271	ENST00000676075	LIG 1	SUZ	NO	ENST00000649620,ENST00000237014	NA
4IKK	ENSG00000118271	ENST00000237014	LIG 1	SUZ	YES	ENST00000237014,ENST00000649620	37,55,128,129,130,135,137,139
4IKK	ENSG00000118271	ENST00000610404	LIG 1	SUZ	YES	ENST00000237014,ENST00000649620	5,23,96,97,98,103,105,107
4IKK	ENSG00000118271	ENST00000613781	LIG 1	SUZ	NO	ENST00000237014,ENST00000649620	NA
4IKK	ENSG00000118271	ENST00000649620	LIG 1	SUZ	YES	ENST00000237014,ENST00000649620	37,55,128,129,130,135,137,139
4IKK	ENSG00000118271	ENST00000676075	LIG 1	SUZ	NO	ENST00000237014,ENST00000649620	NA
4IKL	ENSG00000118271	ENST00000237014	LIG 1	SUZ	YES	ENST00000237014,ENST00000649620	37,55,128,129,130,135,137,139
4IKL	ENSG00000118271	ENST00000610404	LIG 1	SUZ	YES	ENST00000237014,ENST00000649620	5,23,96,97,98,103,105,107
4IKL	ENSG00000118271	ENST00000613781	LIG 1	SUZ	NO	ENST00000237014,ENST00000649620	NA
4IKL	ENSG00000118271	ENST00000649620	LIG 1	SUZ	YES	ENST00000237014,ENST00000649620	37,55,128,129,130,135,137,139
4IKL	ENSG00000118271	ENST00000676075	LIG 1	SUZ	NO	ENST00000237014,ENST00000649620	NA
4QXV	ENSG00000118271	ENST00000237014	LIG 2	GOL	YES	ENST00000237014,ENST00000649620	105,106,107,123,134,137,142
4QXV	ENSG00000118271	ENST00000610404	LIG 2	GOL	YES	ENST00000237014,ENST00000649620	73,74,75,91,102,105,110
4QXV	ENSG00000118271	ENST00000613781	LIG 2	GOL	NO	ENST00000237014,ENST00000649620	NA
4QXV	ENSG00000118271	ENST00000649620	LIG 2	GOL	YES	ENST00000237014,ENST00000649620	105,106,107,123,134,137,142
4QXV	ENSG00000118271	ENST00000676075	LIG 2	GOL	NO	ENST00000237014,ENST00000649620	NA
4TLS	ENSG00000118271	ENST00000237014	LIG 2	GOL	YES	ENST00000649620,ENST00000237014	130,132,135,136,137
4TLS	ENSG00000118271	ENST00000610404	LIG 2	GOL	YES	ENST00000649620,ENST00000237014	98,100,103,104,105
4TLS	ENSG00000118271	ENST00000613781	LIG 2	GOL	NO	ENST00000649620,ENST00000237014	NA
4TLS	ENSG00000118271	ENST00000649620	LIG 2	GOL	YES	ENST00000649620,ENST00000237014	130,132,135,136,137
4TLS	ENSG00000118271	ENST00000676075	LIG 2	GOL	NO	ENST00000649620,ENST00000237014	NA
4TQI	ENSG00000118271	ENST00000237014	LIG 2	GOL	YES	ENST00000649620,ENST00000237014	61,90,106,107,134
4TQI	ENSG00000118271	ENST00000610404	LIG 2	GOL	YES	ENST00000649620,ENST00000237014	29,58,74,75,102
4TQI	ENSG00000118271	ENST00000613781	LIG 2	GOL	NO	ENST00000649620,ENST00000237014	NA
4TQI	ENSG00000118271	ENST00000649620	LIG 2	GOL	YES	ENST00000649620,ENST00000237014	61,90,106,107,134
4TQI	ENSG00000118271	ENST00000676075	LIG 2	GOL	NO	ENST00000649620,ENST00000237014	NA
4TQP	ENSG00000118271	ENST00000237014	LIG 2	GOL	YES	ENST00000649620,ENST00000237014	106,107,130,131,132,134,135,136,137
4TQP	ENSG00000118271	ENST00000610404	LIG 2	GOL	YES	ENST00000649620,ENST00000237014	74,75,98,99,100,102,103,104,105
4TQP	ENSG00000118271	ENST00000613781	LIG 2	GOL	NO	ENST00000649620,ENST00000237014	NA
4TQP	ENSG00000118271	ENST00000649620	LIG 2	GOL	YES	ENST00000649620,ENST00000237014	106,107,130,131,132,134,135,136,137
4TQP	ENSG00000118271	ENST00000676075	LIG 2	GOL	NO	ENST00000649620,ENST00000237014	NA
4WNJ	ENSG00000118271	ENST00000237014	LIG 1	DMS	YES	ENST00000237014,ENST00000649620	61,110,112
4WNJ	ENSG00000118271	ENST00000610404	LIG 1	DMS	YES	ENST00000237014,ENST00000649620	29,78,80
4WNJ	ENSG00000118271	ENST00000613781	LIG 1	DMS	NO	ENST00000237014,ENST00000649620	NA
4WNJ	ENSG00000118271	ENST00000649620	LIG 1	DMS	YES	ENST00000237014,ENST00000649620	61,110,112
4WNJ	ENSG00000118271	ENST00000676075	LIG 1	DMS	NO	ENST00000237014,ENST00000649620	NA
4WNS	ENSG00000118271	ENST00000237014	LIG 2	DMS	YES	ENST00000237014,ENST00000649620	70,71
4WNS	ENSG00000118271	ENST00000610404	LIG 2	DMS	YES	ENST00000237014,ENST00000649620	38,39
4WNS	ENSG00000118271	ENST00000613781	LIG 2	DMS	NO	ENST00000237014,ENST00000649620	NA
4WNS	ENSG00000118271	ENST00000649620	LIG 2	DMS	YES	ENST00000237014,ENST00000649620	70,71
4WNS	ENSG00000118271	ENST00000676075	LIG 2	DMS	NO	ENST00000237014,ENST00000649620	NA
5A6I	ENSG00000118271	ENST00000237014	LIG 1	TCW	YES	ENST00000237014,ENST00000649620	37,55,128,129,137,138,139,141
5A6I	ENSG00000118271	ENST00000610404	LIG 1	TCW	YES	ENST00000237014,ENST00000649620	5,23,96,97,105,106,107,109
5A6I	ENSG00000118271	ENST00000613781	LIG 1	TCW	NO	ENST00000237014,ENST00000649620	NA
5A6I	ENSG00000118271	ENST00000649620	LIG 1	TCW	YES	ENST00000237014,ENST00000649620	37,55,128,129,137,138,139,141
5A6I	ENSG00000118271	ENST00000676075	LIG 1	TCW	NO	ENST00000237014,ENST00000649620	NA
5AKS	ENSG00000118271	ENST00000237014	LIG 3	DMS	YES	ENST00000237014,ENST00000649620	123,142
5AKS	ENSG00000118271	ENST00000610404	LIG 3	DMS	YES	ENST00000237014,ENST00000649620	91,110
5AKS	ENSG00000118271	ENST00000613781	LIG 3	DMS	NO	ENST00000237014,ENST00000649620	NA
5AKS	ENSG00000118271	ENST00000649620	LIG 3	DMS	YES	ENST00000237014,ENST00000649620	123,142
5AKS	ENSG00000118271	ENST00000676075	LIG 3	DMS	NO	ENST00000237014,ENST00000649620	NA
5AL0	ENSG00000118271	ENST00000237014	LIG 3	DMS	YES	ENST00000649620,ENST00000237014	123,142
5AL0	ENSG00000118271	ENST00000610404	LIG 3	DMS	YES	ENST00000649620,ENST00000237014	91,110
5AL0	ENSG00000118271	ENST00000613781	LIG 3	DMS	NO	ENST00000649620,ENST00000237014	NA
5AL0	ENSG00000118271	ENST00000649620	LIG 3	DMS	YES	ENST00000649620,ENST00000237014	123,142
5AL0	ENSG00000118271	ENST00000676075	LIG 3	DMS	NO	ENST00000649620,ENST00000237014	NA
5BOJ	ENSG00000118271	ENST00000237014	LIG 1	4TX	YES	ENST00000237014,ENST00000649620	37,55,128,129,137,139
5BOJ	ENSG00000118271	ENST00000610404	LIG 1	4TX	YES	ENST00000237014,ENST00000649620	5,23,96,97,105,107
5BOJ	ENSG00000118271	ENST00000613781	LIG 1	4TX	NO	ENST00000237014,ENST00000649620	NA
5BOJ	ENSG00000118271	ENST00000649620	LIG 1	4TX	YES	ENST00000237014,ENST00000649620	37,55,128,129,137,139
5BOJ	ENSG00000118271	ENST00000676075	LIG 1	4TX	NO	ENST00000237014,ENST00000649620	NA
5CLX	ENSG00000118271	ENST00000237014	LIG 1	GOL	YES	ENST00000237014,ENST00000649620	137
5CLX	ENSG00000118271	ENST00000610404	LIG 1	GOL	YES	ENST00000237014,ENST00000649620	105
5CLX	ENSG00000118271	ENST00000613781	LIG 1	GOL	NO	ENST00000237014,ENST00000649620	NA
5CLX	ENSG00000118271	ENST00000649620	LIG 1	GOL	YES	ENST00000237014,ENST00000649620	137
5CLX	ENSG00000118271	ENST00000676075	LIG 1	GOL	NO	ENST00000237014,ENST00000649620	NA
5CLY	ENSG00000118271	ENST00000237014	LIG 1	GOL	YES	ENST00000237014,ENST00000649620	137
5CLY	ENSG00000118271	ENST00000610404	LIG 1	GOL	YES	ENST00000237014,ENST00000649620	105
5CLY	ENSG00000118271	ENST00000613781	LIG 1	GOL	NO	ENST00000237014,ENST00000649620	NA
5CLY	ENSG00000118271	ENST00000649620	LIG 1	GOL	YES	ENST00000237014,ENST00000649620	137
5CLY	ENSG00000118271	ENST00000676075	LIG 1	GOL	NO	ENST00000237014,ENST00000649620	NA
5CR1	ENSG00000118271	ENST00000237014	LIG 1	T44	YES	ENST00000649620,ENST00000237014	37,55,128,129,130
5CR1	ENSG00000118271	ENST00000610404	LIG 1	T44	YES	ENST00000649620,ENST00000237014	5,23,96,97,98
5CR1	ENSG00000118271	ENST00000613781	LIG 1	T44	NO	ENST00000649620,ENST00000237014	NA
5CR1	ENSG00000118271	ENST00000649620	LIG 1	T44	YES	ENST00000649620,ENST00000237014	37,55,128,129,130
5CR1	ENSG00000118271	ENST00000676075	LIG 1	T44	NO	ENST00000649620,ENST00000237014	NA
5E23	ENSG00000118271	ENST00000237014	LIG 2	DMS	YES	ENST00000649620,ENST00000237014	46,47,69,70
5E23	ENSG00000118271	ENST00000610404	LIG 2	DMS	YES	ENST00000649620,ENST00000237014	14,15,37,38
5E23	ENSG00000118271	ENST00000613781	LIG 2	DMS	NO	ENST00000649620,ENST00000237014	NA
5E23	ENSG00000118271	ENST00000649620	LIG 2	DMS	YES	ENST00000649620,ENST00000237014	46,47,69,70
5E23	ENSG00000118271	ENST00000676075	LIG 2	DMS	NO	ENST00000649620,ENST00000237014	NA
5EN3	ENSG00000118271	ENST00000237014	LIG 2	GOL	YES	ENST00000237014,ENST00000649620	105,106,107,134
5EN3	ENSG00000118271	ENST00000610404	LIG 2	GOL	YES	ENST00000237014,ENST00000649620	73,74,75,102
5EN3	ENSG00000118271	ENST00000613781	LIG 2	GOL	NO	ENST00000237014,ENST00000649620	NA
5EN3	ENSG00000118271	ENST00000649620	LIG 2	GOL	YES	ENST00000237014,ENST00000649620	105,106,107,134
5EN3	ENSG00000118271	ENST00000676075	LIG 2	GOL	NO	ENST00000237014,ENST00000649620	NA
5JIQ	ENSG00000118271	ENST00000237014	LIG 2	GOL	YES	ENST00000237014,ENST00000649620	137
5JIQ	ENSG00000118271	ENST00000610404	LIG 2	GOL	YES	ENST00000237014,ENST00000649620	105
5JIQ	ENSG00000118271	ENST00000613781	LIG 2	GOL	NO	ENST00000237014,ENST00000649620	NA
5JIQ	ENSG00000118271	ENST00000649620	LIG 2	GOL	YES	ENST00000237014,ENST00000649620	137
5JIQ	ENSG00000118271	ENST00000676075	LIG 2	GOL	NO	ENST00000237014,ENST00000649620	NA
5K1J	ENSG00000118271	ENST00000237014	LIG 1	DMS	YES	ENST00000649620,ENST00000237014	61,90,112
5K1J	ENSG00000118271	ENST00000610404	LIG 1	DMS	YES	ENST00000649620,ENST00000237014	29,58,80
5K1J	ENSG00000118271	ENST00000613781	LIG 1	DMS	NO	ENST00000649620,ENST00000237014	NA
5K1J	ENSG00000118271	ENST00000649620	LIG 1	DMS	YES	ENST00000649620,ENST00000237014	61,90,112
5K1J	ENSG00000118271	ENST00000676075	LIG 1	DMS	NO	ENST00000649620,ENST00000237014	NA
6E6Z	ENSG00000118271	ENST00000237014	LIG 1	3MI	YES	ENST00000237014,ENST00000649620	37,55,128,137,138,139
6E6Z	ENSG00000118271	ENST00000610404	LIG 1	3MI	YES	ENST00000237014,ENST00000649620	5,23,96,105,106,107
6E6Z	ENSG00000118271	ENST00000613781	LIG 1	3MI	NO	ENST00000237014,ENST00000649620	NA
6E6Z	ENSG00000118271	ENST00000649620	LIG 1	3MI	YES	ENST00000237014,ENST00000649620	37,55,128,137,138,139
6E6Z	ENSG00000118271	ENST00000676075	LIG 1	3MI	NO	ENST00000237014,ENST00000649620	NA
6E70	ENSG00000118271	ENST00000237014	LIG 1	1FL	YES	ENST00000237014,ENST00000649620	37,55,128,129,130,137,138,139
6E70	ENSG00000118271	ENST00000610404	LIG 1	1FL	YES	ENST00000237014,ENST00000649620	5,23,96,97,98,105,106,107
6E70	ENSG00000118271	ENST00000613781	LIG 1	1FL	NO	ENST00000237014,ENST00000649620	NA
6E70	ENSG00000118271	ENST00000649620	LIG 1	1FL	YES	ENST00000237014,ENST00000649620	37,55,128,129,130,137,138,139
6E70	ENSG00000118271	ENST00000676075	LIG 1	1FL	NO	ENST00000237014,ENST00000649620	NA
6E72	ENSG00000118271	ENST00000237014	LIG 1	3MI	YES	ENST00000649620,ENST00000237014	37,128,130,137,138,139
6E72	ENSG00000118271	ENST00000610404	LIG 1	3MI	YES	ENST00000649620,ENST00000237014	5,96,98,105,106,107
6E72	ENSG00000118271	ENST00000613781	LIG 1	3MI	NO	ENST00000649620,ENST00000237014	NA
6E72	ENSG00000118271	ENST00000649620	LIG 1	3MI	YES	ENST00000649620,ENST00000237014	37,128,130,137,138,139
6E72	ENSG00000118271	ENST00000676075	LIG 1	3MI	NO	ENST00000649620,ENST00000237014	NA
6E73	ENSG00000118271	ENST00000237014	LIG 1	1FL	YES	ENST00000649620,ENST00000237014	37,55,128,130
6E73	ENSG00000118271	ENST00000610404	LIG 1	1FL	YES	ENST00000649620,ENST00000237014	5,23,96,98
6E73	ENSG00000118271	ENST00000613781	LIG 1	1FL	NO	ENST00000649620,ENST00000237014	NA
6E73	ENSG00000118271	ENST00000649620	LIG 1	1FL	YES	ENST00000649620,ENST00000237014	37,55,128,130
6E73	ENSG00000118271	ENST00000676075	LIG 1	1FL	NO	ENST00000649620,ENST00000237014	NA
6E74	ENSG00000118271	ENST00000237014	LIG 1	3MI	YES	ENST00000237014,ENST00000649620	37,128,130,137,138,139
6E74	ENSG00000118271	ENST00000610404	LIG 1	3MI	YES	ENST00000237014,ENST00000649620	5,96,98,105,106,107
6E74	ENSG00000118271	ENST00000613781	LIG 1	3MI	NO	ENST00000237014,ENST00000649620	NA
6E74	ENSG00000118271	ENST00000649620	LIG 1	3MI	YES	ENST00000237014,ENST00000649620	37,128,130,137,138,139
6E74	ENSG00000118271	ENST00000676075	LIG 1	3MI	NO	ENST00000237014,ENST00000649620	NA
6E76	ENSG00000118271	ENST00000237014	LIG 1	GOL	YES	ENST00000649620,ENST00000237014	128,130,135,136,137,141
6E76	ENSG00000118271	ENST00000610404	LIG 1	GOL	YES	ENST00000649620,ENST00000237014	96,98,103,104,105,109
6E76	ENSG00000118271	ENST00000613781	LIG 1	GOL	NO	ENST00000649620,ENST00000237014	NA
6E76	ENSG00000118271	ENST00000649620	LIG 1	GOL	YES	ENST00000649620,ENST00000237014	128,130,135,136,137,141
6E76	ENSG00000118271	ENST00000676075	LIG 1	GOL	NO	ENST00000649620,ENST00000237014	NA
6E77	ENSG00000118271	ENST00000237014	LIG 1	3MI	YES	ENST00000237014,ENST00000649620	37,55,128,130,137,138,139
6E77	ENSG00000118271	ENST00000610404	LIG 1	3MI	YES	ENST00000237014,ENST00000649620	5,23,96,98,105,106,107
6E77	ENSG00000118271	ENST00000613781	LIG 1	3MI	NO	ENST00000237014,ENST00000649620	NA
6E77	ENSG00000118271	ENST00000649620	LIG 1	3MI	YES	ENST00000237014,ENST00000649620	37,55,128,130,137,138,139
6E77	ENSG00000118271	ENST00000676075	LIG 1	3MI	NO	ENST00000237014,ENST00000649620	NA
6E78	ENSG00000118271	ENST00000237014	LIG 1	1FL	YES	ENST00000649620,ENST00000237014	37,55,128,130,137
6E78	ENSG00000118271	ENST00000610404	LIG 1	1FL	YES	ENST00000649620,ENST00000237014	5,23,96,98,105
6E78	ENSG00000118271	ENST00000613781	LIG 1	1FL	NO	ENST00000649620,ENST00000237014	NA
6E78	ENSG00000118271	ENST00000649620	LIG 1	1FL	YES	ENST00000649620,ENST00000237014	37,55,128,130,137
6E78	ENSG00000118271	ENST00000676075	LIG 1	1FL	NO	ENST00000649620,ENST00000237014	NA
6FFT	ENSG00000118271	ENST00000237014	LIG 1	3MI	YES	ENST00000649620,ENST00000237014	37,55,128,137,138,139
6FFT	ENSG00000118271	ENST00000610404	LIG 1	3MI	YES	ENST00000649620,ENST00000237014	5,23,96,105,106,107
6FFT	ENSG00000118271	ENST00000613781	LIG 1	3MI	NO	ENST00000649620,ENST00000237014	NA
6FFT	ENSG00000118271	ENST00000649620	LIG 1	3MI	YES	ENST00000649620,ENST00000237014	37,55,128,137,138,139
6FFT	ENSG00000118271	ENST00000676075	LIG 1	3MI	NO	ENST00000649620,ENST00000237014	NA
6TXV	ENSG00000118271	ENST00000237014	LIG 1	TCW	YES	ENST00000237014,ENST00000649620	37,55,128,130,137,138,139
6TXV	ENSG00000118271	ENST00000610404	LIG 1	TCW	YES	ENST00000237014,ENST00000649620	5,23,96,98,105,106,107
6TXV	ENSG00000118271	ENST00000613781	LIG 1	TCW	NO	ENST00000237014,ENST00000649620	NA
6TXV	ENSG00000118271	ENST00000649620	LIG 1	TCW	YES	ENST00000237014,ENST00000649620	37,55,128,130,137,138,139
6TXV	ENSG00000118271	ENST00000676075	LIG 1	TCW	NO	ENST00000237014,ENST00000649620	NA
6TXW	ENSG00000118271	ENST00000237014	LIG 1	TCW	YES	ENST00000237014,ENST00000649620	37,55,128,130,137,138,139
6TXW	ENSG00000118271	ENST00000610404	LIG 1	TCW	YES	ENST00000237014,ENST00000649620	5,23,96,98,105,106,107
6TXW	ENSG00000118271	ENST00000613781	LIG 1	TCW	NO	ENST00000237014,ENST00000649620	NA
6TXW	ENSG00000118271	ENST00000649620	LIG 1	TCW	YES	ENST00000237014,ENST00000649620	37,55,128,130,137,138,139
6TXW	ENSG00000118271	ENST00000676075	LIG 1	TCW	NO	ENST00000237014,ENST00000649620	NA
6XTK	ENSG00000118271	ENST00000237014	LIG 1	TCW	YES	ENST00000649620,ENST00000237014	37,55,128,137,138,139
6XTK	ENSG00000118271	ENST00000610404	LIG 1	TCW	YES	ENST00000649620,ENST00000237014	5,23,96,105,106,107
6XTK	ENSG00000118271	ENST00000613781	LIG 1	TCW	NO	ENST00000649620,ENST00000237014	NA
6XTK	ENSG00000118271	ENST00000649620	LIG 1	TCW	YES	ENST00000649620,ENST00000237014	37,55,128,137,138,139
6XTK	ENSG00000118271	ENST00000676075	LIG 1	TCW	NO	ENST00000649620,ENST00000237014	NA
1BND	ENSG00000176697	ENST00000314915	LIG 1	IPA	YES	ENST00000356660,ENST00000530861,ENST00000532997,ENST00000533131,ENST00000395983,ENST00000395978,ENST00000439476,ENST00000525528,ENST00000395981,ENST00000418212,ENST00000533246,ENST00000525950	157,158,161,214,232
1BND	ENSG00000176697	ENST00000356660	LIG 1	IPA	YES	ENST00000356660,ENST00000530861,ENST00000532997,ENST00000533131,ENST00000395983,ENST00000395978,ENST00000439476,ENST00000525528,ENST00000395981,ENST00000418212,ENST00000533246,ENST00000525950	157,158,161,214,232
1BND	ENSG00000176697	ENST00000395978	LIG 1	IPA	YES	ENST00000356660,ENST00000530861,ENST00000532997,ENST00000533131,ENST00000395983,ENST00000395978,ENST00000439476,ENST00000525528,ENST00000395981,ENST00000418212,ENST00000533246,ENST00000525950	157,158,161,214,232
1BND	ENSG00000176697	ENST00000395981	LIG 1	IPA	YES	ENST00000356660,ENST00000530861,ENST00000532997,ENST00000533131,ENST00000395983,ENST00000395978,ENST00000439476,ENST00000525528,ENST00000395981,ENST00000418212,ENST00000533246,ENST00000525950	157,158,161,214,232
1BND	ENSG00000176697	ENST00000395983	LIG 1	IPA	YES	ENST00000356660,ENST00000530861,ENST00000532997,ENST00000533131,ENST00000395983,ENST00000395978,ENST00000439476,ENST00000525528,ENST00000395981,ENST00000418212,ENST00000533246,ENST00000525950	157,158,161,214,232
1BND	ENSG00000176697	ENST00000395986	LIG 1	IPA	YES	ENST00000356660,ENST00000530861,ENST00000532997,ENST00000533131,ENST00000395983,ENST00000395978,ENST00000439476,ENST00000525528,ENST00000395981,ENST00000418212,ENST00000533246,ENST00000525950	157,158,161,214,232
1BND	ENSG00000176697	ENST00000439476	LIG 1	IPA	YES	ENST00000356660,ENST00000530861,ENST00000532997,ENST00000533131,ENST00000395983,ENST00000395978,ENST00000439476,ENST00000525528,ENST00000395981,ENST00000418212,ENST00000533246,ENST00000525950	157,158,161,214,232
1BND	ENSG00000176697	ENST00000418212	LIG 1	IPA	YES	ENST00000356660,ENST00000530861,ENST00000532997,ENST00000533131,ENST00000395983,ENST00000395978,ENST00000439476,ENST00000525528,ENST00000395981,ENST00000418212,ENST00000533246,ENST00000525950	157,158,161,214,232
1BND	ENSG00000176697	ENST00000438929	LIG 1	IPA	YES	ENST00000356660,ENST00000530861,ENST00000532997,ENST00000533131,ENST00000395983,ENST00000395978,ENST00000439476,ENST00000525528,ENST00000395981,ENST00000418212,ENST00000533246,ENST00000525950	157,158,161,214,232
1BND	ENSG00000176697	ENST00000525950	LIG 1	IPA	YES	ENST00000356660,ENST00000530861,ENST00000532997,ENST00000533131,ENST00000395983,ENST00000395978,ENST00000439476,ENST00000525528,ENST00000395981,ENST00000418212,ENST00000533246,ENST00000525950	157,158,161,214,232
1BND	ENSG00000176697	ENST00000533246	LIG 1	IPA	YES	ENST00000356660,ENST00000530861,ENST00000532997,ENST00000533131,ENST00000395983,ENST00000395978,ENST00000439476,ENST00000525528,ENST00000395981,ENST00000418212,ENST00000533246,ENST00000525950	157,158,161,214,232
1BND	ENSG00000176697	ENST00000533131	LIG 1	IPA	YES	ENST00000356660,ENST00000530861,ENST00000532997,ENST00000533131,ENST00000395983,ENST00000395978,ENST00000439476,ENST00000525528,ENST00000395981,ENST00000418212,ENST00000533246,ENST00000525950	157,158,161,214,232
1BND	ENSG00000176697	ENST00000530786	LIG 1	IPA	NO	ENST00000356660,ENST00000530861,ENST00000532997,ENST00000533131,ENST00000395983,ENST00000395978,ENST00000439476,ENST00000525528,ENST00000395981,ENST00000418212,ENST00000533246,ENST00000525950	NA
1BND	ENSG00000176697	ENST00000530861	LIG 1	IPA	YES	ENST00000356660,ENST00000530861,ENST00000532997,ENST00000533131,ENST00000395983,ENST00000395978,ENST00000439476,ENST00000525528,ENST00000395981,ENST00000418212,ENST00000533246,ENST00000525950	157,158,161,214,232
1BND	ENSG00000176697	ENST00000532997	LIG 1	IPA	YES	ENST00000356660,ENST00000530861,ENST00000532997,ENST00000533131,ENST00000395983,ENST00000395978,ENST00000439476,ENST00000525528,ENST00000395981,ENST00000418212,ENST00000533246,ENST00000525950	157,158,161,214,232
1BND	ENSG00000176697	ENST00000525528	LIG 1	IPA	YES	ENST00000356660,ENST00000530861,ENST00000532997,ENST00000533131,ENST00000395983,ENST00000395978,ENST00000439476,ENST00000525528,ENST00000395981,ENST00000418212,ENST00000533246,ENST00000525950	157,158,161,214,232
1BQS	ENSG00000099866	ENST00000215637	LIG 1	NAG	YES	ENST00000215637	83,178
1BQS	ENSG00000099866	ENST00000346144	LIG 1	NAG	YES	ENST00000215637	83,178
1BQS	ENSG00000099866	ENST00000382683	LIG 1	NAG	NO	ENST00000215637	NA
1BQS	ENSG00000099866	ENST00000587541	LIG 1	NAG	NO	ENST00000215637	NA
1BQU	ENSG00000134352	ENST00000336909	LIG 2	GOL	YES	ENST00000336909,ENST00000502326,ENST00000381298	138,174,175,178,181,182,183,223,224,226,243,244,245,246
1BQU	ENSG00000134352	ENST00000381286	LIG 2	GOL	NO	ENST00000336909,ENST00000502326,ENST00000381298	NA
1BQU	ENSG00000134352	ENST00000381287	LIG 2	GOL	YES	ENST00000336909,ENST00000502326,ENST00000381298	138,174,175,178,181,182,183,223,224,226,243,244,245,246
1BQU	ENSG00000134352	ENST00000381293	LIG 2	GOL	NO	ENST00000336909,ENST00000502326,ENST00000381298	NA
1BQU	ENSG00000134352	ENST00000381294	LIG 2	GOL	YES	ENST00000336909,ENST00000502326,ENST00000381298	138,174,175,178,181,182,183,223,224,226,243,244,245,246
1BQU	ENSG00000134352	ENST00000381298	LIG 2	GOL	YES	ENST00000336909,ENST00000502326,ENST00000381298	138,174,175,178,181,182,183,223,224,226,243,244,245,246
1BQU	ENSG00000134352	ENST00000503773	LIG 2	GOL	YES	ENST00000336909,ENST00000502326,ENST00000381298	138,174,175,178,181,182,183,223,224,226,243,244,245,246
1BQU	ENSG00000134352	ENST00000522633	LIG 2	GOL	YES	ENST00000336909,ENST00000502326,ENST00000381298	138,174,175,178,181,182,183,223,224,226,243,244,245,246
1BQU	ENSG00000134352	ENST00000502326	LIG 2	GOL	YES	ENST00000336909,ENST00000502326,ENST00000381298	138,174,175,178,181,182,183,223,224,226,243,244,245,246
1BQU	ENSG00000134352	ENST00000396816	LIG 2	GOL	NO	ENST00000336909,ENST00000502326,ENST00000381298	NA
1BQU	ENSG00000134352	ENST00000651614	LIG 2	GOL	YES	ENST00000336909,ENST00000502326,ENST00000381298	138,174,175,178,181,182,183,223,224,226,243,244,245,246
1BRP	ENSG00000138207	ENST00000371464	LIG 1	RTL	YES	ENST00000371467,ENST00000371464	53,54,55,63,75,79,91,93,106,108,116,153
1BRP	ENSG00000138207	ENST00000371467	LIG 1	RTL	YES	ENST00000371467,ENST00000371464	53,54,55,63,75,79,91,93,106,108,116,153
1BRP	ENSG00000138207	ENST00000371469	LIG 1	RTL	YES	ENST00000371467,ENST00000371464	35,36,37,45,57,61,73,75,88,90,98,135
1BRP	ENSG00000138207	ENST00000629763	LIG 1	RTL	YES	ENST00000371467,ENST00000371464	35,36,37,45,57,61,73,75,88,90,98,135
1JYD	ENSG00000138207	ENST00000371464	LIG 1	GOL	YES	ENST00000371464,ENST00000371467	41,47,50,53,54,55,63,91,92,106,108,121,122,135,139,141,144,146,151,153,155
1JYD	ENSG00000138207	ENST00000371467	LIG 1	GOL	YES	ENST00000371464,ENST00000371467	41,47,50,53,54,55,63,91,92,106,108,121,122,135,139,141,144,146,151,153,155
1JYD	ENSG00000138207	ENST00000371469	LIG 1	GOL	YES	ENST00000371464,ENST00000371467	23,29,32,35,36,37,45,73,74,88,90,103,104,117,121,123,126,128,133,135,137
1JYD	ENSG00000138207	ENST00000629763	LIG 1	GOL	YES	ENST00000371464,ENST00000371467	23,29,32,35,36,37,45,73,74,88,90,103,104,117,121,123,126,128,133,135,137
1JYJ	ENSG00000138207	ENST00000371464	LIG 1	GOL	YES	ENST00000371467,ENST00000371464	41,47,48,50,53,54,55,61,63,73,75,91,106,108,139,147,148,149,150,151,153,155,179,182
1JYJ	ENSG00000138207	ENST00000371467	LIG 1	GOL	YES	ENST00000371467,ENST00000371464	41,47,48,50,53,54,55,61,63,73,75,91,106,108,139,147,148,149,150,151,153,155,179,182
1JYJ	ENSG00000138207	ENST00000371469	LIG 1	GOL	YES	ENST00000371467,ENST00000371464	23,29,30,32,35,36,37,43,45,55,57,73,88,90,121,129,130,131,132,133,135,137,161,164
1JYJ	ENSG00000138207	ENST00000629763	LIG 1	GOL	YES	ENST00000371467,ENST00000371464	23,29,30,32,35,36,37,43,45,55,57,73,88,90,121,129,130,131,132,133,135,137,161,164
1QAB	ENSG00000138207	ENST00000371464	LIG 1	RTL	YES	ENST00000371464,ENST00000371467	53,54,55,63,73,75,79,91,92,93,106,108,115,116,122,151
1QAB	ENSG00000138207	ENST00000371467	LIG 1	RTL	YES	ENST00000371464,ENST00000371467	53,54,55,63,73,75,79,91,92,93,106,108,115,116,122,151
1QAB	ENSG00000138207	ENST00000371469	LIG 1	RTL	YES	ENST00000371464,ENST00000371467	35,36,37,45,55,57,61,73,74,75,88,90,97,98,104,133
1QAB	ENSG00000138207	ENST00000629763	LIG 1	RTL	YES	ENST00000371464,ENST00000371467	35,36,37,45,55,57,61,73,74,75,88,90,97,98,104,133
1RBP	ENSG00000138207	ENST00000371464	LIG 1	RTL	YES	ENST00000371467,ENST00000371464	53,54,61,73,75,79,81,91,93,115,116,122,153
1RBP	ENSG00000138207	ENST00000371467	LIG 1	RTL	YES	ENST00000371467,ENST00000371464	53,54,61,73,75,79,81,91,93,115,116,122,153
1RBP	ENSG00000138207	ENST00000371469	LIG 1	RTL	YES	ENST00000371467,ENST00000371464	35,36,43,55,57,61,63,73,75,97,98,104,135
1RBP	ENSG00000138207	ENST00000629763	LIG 1	RTL	YES	ENST00000371467,ENST00000371464	35,36,43,55,57,61,63,73,75,97,98,104,135
1RLB	ENSG00000138207	ENST00000371464	LIG 1	REA	YES	ENST00000371467,ENST00000371464	53,54,55,73,75,79,91,108,115,116,153
1RLB	ENSG00000138207	ENST00000371467	LIG 1	REA	YES	ENST00000371467,ENST00000371464	53,54,55,73,75,79,91,108,115,116,153
1RLB	ENSG00000138207	ENST00000371469	LIG 1	REA	YES	ENST00000371467,ENST00000371464	35,36,37,55,57,61,73,90,97,98,135
1RLB	ENSG00000138207	ENST00000629763	LIG 1	REA	YES	ENST00000371467,ENST00000371464	35,36,37,55,57,61,73,90,97,98,135
2WQ9	ENSG00000138207	ENST00000371464	LIG 2	GOL	YES	ENST00000371464,ENST00000371467	28,29,30,40,41,47,48,49,62,124,125,156,172,175,181,183
2WQ9	ENSG00000138207	ENST00000371467	LIG 2	GOL	YES	ENST00000371464,ENST00000371467	28,29,30,40,41,47,48,49,62,124,125,156,172,175,181,183
2WQ9	ENSG00000138207	ENST00000371469	LIG 2	GOL	YES	ENST00000371464,ENST00000371467	10,11,12,22,23,29,30,31,44,106,107,138,154,157,163,165
2WQ9	ENSG00000138207	ENST00000629763	LIG 2	GOL	YES	ENST00000371464,ENST00000371467	10,11,12,22,23,29,30,31,44,106,107,138,154,157,163,165
3BSZ	ENSG00000138207	ENST00000371464	LIG 1	RTL	YES	ENST00000371467,ENST00000371464	53,54,55,61,75,79,91,106,115,116,122,135,153
3BSZ	ENSG00000138207	ENST00000371467	LIG 1	RTL	YES	ENST00000371467,ENST00000371464	53,54,55,61,75,79,91,106,115,116,122,135,153
3BSZ	ENSG00000138207	ENST00000371469	LIG 1	RTL	YES	ENST00000371467,ENST00000371464	35,36,37,43,57,61,73,88,97,98,104,117,135
3BSZ	ENSG00000138207	ENST00000629763	LIG 1	RTL	YES	ENST00000371467,ENST00000371464	35,36,37,43,57,61,73,88,97,98,104,117,135
5NTY	ENSG00000138207	ENST00000371464	LIG 1	PLM	YES	ENST00000371467,ENST00000371464	47,50,53,54,55,73,75,91,92,106,108,122,139,151,153
5NTY	ENSG00000138207	ENST00000371467	LIG 1	PLM	YES	ENST00000371467,ENST00000371464	47,50,53,54,55,73,75,91,92,106,108,122,139,151,153
5NTY	ENSG00000138207	ENST00000371469	LIG 1	PLM	YES	ENST00000371467,ENST00000371464	29,32,35,36,37,55,57,73,74,88,90,104,121,133,135
5NTY	ENSG00000138207	ENST00000629763	LIG 1	PLM	YES	ENST00000371467,ENST00000371464	29,32,35,36,37,55,57,73,74,88,90,104,121,133,135
5NU2	ENSG00000138207	ENST00000371464	LIG 1	PLM	YES	ENST00000371464,ENST00000371467	47,50,53,54,55,73,91,93,106,108,122,139,151,153
5NU2	ENSG00000138207	ENST00000371467	LIG 1	PLM	YES	ENST00000371464,ENST00000371467	47,50,53,54,55,73,91,93,106,108,122,139,151,153
5NU2	ENSG00000138207	ENST00000371469	LIG 1	PLM	YES	ENST00000371464,ENST00000371467	29,32,35,36,37,55,73,75,88,90,104,121,133,135
5NU2	ENSG00000138207	ENST00000629763	LIG 1	PLM	YES	ENST00000371464,ENST00000371467	29,32,35,36,37,55,73,75,88,90,104,121,133,135
5NU6	ENSG00000138207	ENST00000371464	LIG 1	PLM	YES	ENST00000371467,ENST00000371464	47,50,53,54,55,63,75,91,106,139,151,153,155
5NU6	ENSG00000138207	ENST00000371467	LIG 1	PLM	YES	ENST00000371467,ENST00000371464	47,50,53,54,55,63,75,91,106,139,151,153,155
5NU6	ENSG00000138207	ENST00000371469	LIG 1	PLM	YES	ENST00000371467,ENST00000371464	29,32,35,36,37,45,57,73,88,121,133,135,137
5NU6	ENSG00000138207	ENST00000629763	LIG 1	PLM	YES	ENST00000371467,ENST00000371464	29,32,35,36,37,45,57,73,88,121,133,135,137
5NU7	ENSG00000138207	ENST00000371464	LIG 1	RTL	YES	ENST00000371464,ENST00000371467	53,54,79,91,106,108,115,116,122,153
5NU7	ENSG00000138207	ENST00000371467	LIG 1	RTL	YES	ENST00000371464,ENST00000371467	53,54,79,91,106,108,115,116,122,153
5NU7	ENSG00000138207	ENST00000371469	LIG 1	RTL	YES	ENST00000371464,ENST00000371467	35,36,61,73,88,90,97,98,104,135
5NU7	ENSG00000138207	ENST00000629763	LIG 1	RTL	YES	ENST00000371464,ENST00000371467	35,36,61,73,88,90,97,98,104,135
5NU8	ENSG00000138207	ENST00000371464	LIG 1	PLM	YES	ENST00000371467,ENST00000371464	47,50,53,54,55,73,91,93,106,108,122,139,151,153
5NU8	ENSG00000138207	ENST00000371467	LIG 1	PLM	YES	ENST00000371467,ENST00000371464	47,50,53,54,55,73,91,93,106,108,122,139,151,153
5NU8	ENSG00000138207	ENST00000371469	LIG 1	PLM	YES	ENST00000371467,ENST00000371464	29,32,35,36,37,55,73,75,88,90,104,121,133,135
5NU8	ENSG00000138207	ENST00000629763	LIG 1	PLM	YES	ENST00000371467,ENST00000371464	29,32,35,36,37,55,73,75,88,90,104,121,133,135
5NU9	ENSG00000138207	ENST00000371464	LIG 1	PLM	YES	ENST00000371467,ENST00000371464	47,50,53,54,55,63,75,91,93,106,108,139,151,153
5NU9	ENSG00000138207	ENST00000371467	LIG 1	PLM	YES	ENST00000371467,ENST00000371464	47,50,53,54,55,63,75,91,93,106,108,139,151,153
5NU9	ENSG00000138207	ENST00000371469	LIG 1	PLM	YES	ENST00000371467,ENST00000371464	29,32,35,36,37,45,57,73,75,88,90,121,133,135
5NU9	ENSG00000138207	ENST00000629763	LIG 1	PLM	YES	ENST00000371467,ENST00000371464	29,32,35,36,37,45,57,73,75,88,90,121,133,135
5NUA	ENSG00000138207	ENST00000371464	LIG 1	DAO	YES	ENST00000371467,ENST00000371464	47,50,53,54,55,73,75,106,108,139,151
5NUA	ENSG00000138207	ENST00000371467	LIG 1	DAO	YES	ENST00000371467,ENST00000371464	47,50,53,54,55,73,75,106,108,139,151
5NUA	ENSG00000138207	ENST00000371469	LIG 1	DAO	YES	ENST00000371467,ENST00000371464	29,32,35,36,37,55,57,88,90,121,133
5NUA	ENSG00000138207	ENST00000629763	LIG 1	DAO	YES	ENST00000371467,ENST00000371464	29,32,35,36,37,55,57,88,90,121,133
5NUB	ENSG00000138207	ENST00000371464	LIG 1	DAO	YES	ENST00000371467,ENST00000371464	47,50,53,54,55,75,106,108,139,151
5NUB	ENSG00000138207	ENST00000371467	LIG 1	DAO	YES	ENST00000371467,ENST00000371464	47,50,53,54,55,75,106,108,139,151
5NUB	ENSG00000138207	ENST00000371469	LIG 1	DAO	YES	ENST00000371467,ENST00000371464	29,32,35,36,37,57,88,90,121,133
5NUB	ENSG00000138207	ENST00000629763	LIG 1	DAO	YES	ENST00000371467,ENST00000371464	29,32,35,36,37,57,88,90,121,133
1BWC	ENSG00000104687	ENST00000221130	LIG 1	FAD	YES	ENST00000221130	70,71,73,74,75,93,94,95,96,97,100,101,102,105,106,107,110,172,173,174,199,200,201,241,335,338,342,374,375,381,382,383,384,386
1BWC	ENSG00000104687	ENST00000523295	LIG 1	FAD	NO	ENST00000221130	NA
1BWC	ENSG00000104687	ENST00000537535	LIG 1	FAD	NO	ENST00000221130	NA
1BWC	ENSG00000104687	ENST00000541648	LIG 1	FAD	NO	ENST00000221130	NA
1BWC	ENSG00000104687	ENST00000546342	LIG 1	FAD	YES	ENST00000221130	70,71,73,74,75,93,94,95,96,97,100,101,102,105,106,107,110,172,173,174,199,200,201,241,306,309,313,345,346,352,353,354,355,357
1BWC	ENSG00000104687	ENST00000643653	LIG 1	FAD	NO	ENST00000221130	NA
1DNC	ENSG00000104687	ENST00000221130	LIG 2	FAD	YES	ENST00000221130	70,71,72,73,74,75,93,94,95,96,97,100,101,102,105,106,107,110,172,173,174,199,200,201,241,335,342,374,375,381,382,383,384
1DNC	ENSG00000104687	ENST00000523295	LIG 2	FAD	NO	ENST00000221130	NA
1DNC	ENSG00000104687	ENST00000537535	LIG 2	FAD	NO	ENST00000221130	NA
1DNC	ENSG00000104687	ENST00000541648	LIG 2	FAD	NO	ENST00000221130	NA
1DNC	ENSG00000104687	ENST00000546342	LIG 2	FAD	YES	ENST00000221130	70,71,72,73,74,75,93,94,95,96,97,100,101,102,105,106,107,110,172,173,174,199,200,201,241,306,313,345,346,352,353,354,355
1DNC	ENSG00000104687	ENST00000643653	LIG 2	FAD	NO	ENST00000221130	NA
1DNC	ENSG00000104687	ENST00000221130	LIG 3	GSH	YES	ENST00000221130	74,78,81,102,103,108,158,383,387,391
1DNC	ENSG00000104687	ENST00000523295	LIG 3	GSH	NO	ENST00000221130	NA
1DNC	ENSG00000104687	ENST00000537535	LIG 3	GSH	YES	ENST00000221130	74,78,81,102,103,108,158,301,305,309
1DNC	ENSG00000104687	ENST00000541648	LIG 3	GSH	YES	ENST00000221130	74,78,81,102,103,108,158,330,334,338
1DNC	ENSG00000104687	ENST00000546342	LIG 3	GSH	YES	ENST00000221130	74,78,81,102,103,108,158,354,358,362
1DNC	ENSG00000104687	ENST00000643653	LIG 3	GSH	NO	ENST00000221130	NA
1GRA	ENSG00000104687	ENST00000221130	LIG 1	FAD	YES	ENST00000221130	71,73,74,75,93,94,95,96,97,100,101,102,105,106,107,110,172,173,174,199,200,201,241,335,342,374,375,381,382,383,384
1GRA	ENSG00000104687	ENST00000523295	LIG 1	FAD	NO	ENST00000221130	NA
1GRA	ENSG00000104687	ENST00000537535	LIG 1	FAD	NO	ENST00000221130	NA
1GRA	ENSG00000104687	ENST00000541648	LIG 1	FAD	NO	ENST00000221130	NA
1GRA	ENSG00000104687	ENST00000546342	LIG 1	FAD	YES	ENST00000221130	71,73,74,75,93,94,95,96,97,100,101,102,105,106,107,110,172,173,174,199,200,201,241,306,313,345,346,352,353,354,355
1GRA	ENSG00000104687	ENST00000643653	LIG 1	FAD	NO	ENST00000221130	NA
1GRB	ENSG00000104687	ENST00000221130	LIG 2	FAD	YES	ENST00000221130	70,71,73,74,75,93,94,95,96,97,100,101,102,105,106,107,110,172,173,174,199,200,201,335,342,374,375,381,382,383,384,416
1GRB	ENSG00000104687	ENST00000523295	LIG 2	FAD	NO	ENST00000221130	NA
1GRB	ENSG00000104687	ENST00000537535	LIG 2	FAD	NO	ENST00000221130	NA
1GRB	ENSG00000104687	ENST00000541648	LIG 2	FAD	NO	ENST00000221130	NA
1GRB	ENSG00000104687	ENST00000546342	LIG 2	FAD	YES	ENST00000221130	70,71,73,74,75,93,94,95,96,97,100,101,102,105,106,107,110,172,173,174,199,200,201,306,313,345,346,352,353,354,355,387
1GRB	ENSG00000104687	ENST00000643653	LIG 2	FAD	NO	ENST00000221130	NA
1GRE	ENSG00000104687	ENST00000221130	LIG 3	GSH	YES	ENST00000221130	74,78,81,102,103,108,154,157,158,161,383,387,391
1GRE	ENSG00000104687	ENST00000523295	LIG 3	GSH	NO	ENST00000221130	NA
1GRE	ENSG00000104687	ENST00000537535	LIG 3	GSH	YES	ENST00000221130	74,78,81,102,103,108,154,157,158,161,301,305,309
1GRE	ENSG00000104687	ENST00000541648	LIG 3	GSH	YES	ENST00000221130	74,78,81,102,103,108,154,157,158,161,330,334,338
1GRE	ENSG00000104687	ENST00000546342	LIG 3	GSH	YES	ENST00000221130	74,78,81,102,103,108,154,157,158,161,354,358,362
1GRE	ENSG00000104687	ENST00000643653	LIG 3	GSH	NO	ENST00000221130	NA
1GRE	ENSG00000104687	ENST00000221130	LIG 2	FAD	YES	ENST00000221130	70,71,72,73,74,75,93,94,95,96,97,100,101,102,105,106,107,110,172,173,174,199,200,201,241,335,342,374,375,381,382,383,384
1GRE	ENSG00000104687	ENST00000523295	LIG 2	FAD	NO	ENST00000221130	NA
1GRE	ENSG00000104687	ENST00000537535	LIG 2	FAD	NO	ENST00000221130	NA
1GRE	ENSG00000104687	ENST00000541648	LIG 2	FAD	NO	ENST00000221130	NA
1GRE	ENSG00000104687	ENST00000546342	LIG 2	FAD	YES	ENST00000221130	70,71,72,73,74,75,93,94,95,96,97,100,101,102,105,106,107,110,172,173,174,199,200,201,241,306,313,345,346,352,353,354,355
1GRE	ENSG00000104687	ENST00000643653	LIG 2	FAD	NO	ENST00000221130	NA
1GRF	ENSG00000104687	ENST00000221130	LIG 2	FAD	YES	ENST00000221130	70,71,73,74,75,93,94,95,96,97,100,101,102,105,106,107,110,172,173,174,199,200,201,241,335,342,374,375,381,382,383,384
1GRF	ENSG00000104687	ENST00000523295	LIG 2	FAD	NO	ENST00000221130	NA
1GRF	ENSG00000104687	ENST00000537535	LIG 2	FAD	NO	ENST00000221130	NA
1GRF	ENSG00000104687	ENST00000541648	LIG 2	FAD	NO	ENST00000221130	NA
1GRF	ENSG00000104687	ENST00000546342	LIG 2	FAD	YES	ENST00000221130	70,71,73,74,75,93,94,95,96,97,100,101,102,105,106,107,110,172,173,174,199,200,201,241,306,313,345,346,352,353,354,355
1GRF	ENSG00000104687	ENST00000643653	LIG 2	FAD	NO	ENST00000221130	NA
1GRG	ENSG00000104687	ENST00000221130	LIG 2	FAD	YES	ENST00000221130	70,71,73,74,75,93,94,95,96,97,100,101,102,105,106,107,110,172,173,174,199,200,201,241,335,342,374,375,381,382,383,384
1GRG	ENSG00000104687	ENST00000523295	LIG 2	FAD	NO	ENST00000221130	NA
1GRG	ENSG00000104687	ENST00000537535	LIG 2	FAD	NO	ENST00000221130	NA
1GRG	ENSG00000104687	ENST00000541648	LIG 2	FAD	NO	ENST00000221130	NA
1GRG	ENSG00000104687	ENST00000546342	LIG 2	FAD	YES	ENST00000221130	70,71,73,74,75,93,94,95,96,97,100,101,102,105,106,107,110,172,173,174,199,200,201,241,306,313,345,346,352,353,354,355
1GRG	ENSG00000104687	ENST00000643653	LIG 2	FAD	NO	ENST00000221130	NA
1GRH	ENSG00000104687	ENST00000221130	LIG 2	FAD	YES	ENST00000221130	70,71,73,74,75,93,94,95,96,97,100,101,102,105,106,107,110,172,173,174,199,200,201,241,335,342,374,375,381,382,383,384
1GRH	ENSG00000104687	ENST00000523295	LIG 2	FAD	NO	ENST00000221130	NA
1GRH	ENSG00000104687	ENST00000537535	LIG 2	FAD	NO	ENST00000221130	NA
1GRH	ENSG00000104687	ENST00000541648	LIG 2	FAD	NO	ENST00000221130	NA
1GRH	ENSG00000104687	ENST00000546342	LIG 2	FAD	YES	ENST00000221130	70,71,73,74,75,93,94,95,96,97,100,101,102,105,106,107,110,172,173,174,199,200,201,241,306,313,345,346,352,353,354,355
1GRH	ENSG00000104687	ENST00000643653	LIG 2	FAD	NO	ENST00000221130	NA
1GRH	ENSG00000104687	ENST00000221130	LIG 3	EOH	YES	ENST00000221130	102,103,158
1GRH	ENSG00000104687	ENST00000523295	LIG 3	EOH	YES	ENST00000221130	46,47,102
1GRH	ENSG00000104687	ENST00000537535	LIG 3	EOH	YES	ENST00000221130	102,103,158
1GRH	ENSG00000104687	ENST00000541648	LIG 3	EOH	YES	ENST00000221130	102,103,158
1GRH	ENSG00000104687	ENST00000546342	LIG 3	EOH	YES	ENST00000221130	102,103,158
1GRH	ENSG00000104687	ENST00000643653	LIG 3	EOH	YES	ENST00000221130	57,58,113
1GRT	ENSG00000104687	ENST00000221130	LIG 1	FAD	YES	ENST00000221130	70,71,72,73,74,75,93,94,95,96,97,100,101,102,105,106,107,110,172,173,174,199,200,201,241,335,338,342,374,375,381,383,384,426
1GRT	ENSG00000104687	ENST00000523295	LIG 1	FAD	NO	ENST00000221130	NA
1GRT	ENSG00000104687	ENST00000537535	LIG 1	FAD	NO	ENST00000221130	NA
1GRT	ENSG00000104687	ENST00000541648	LIG 1	FAD	NO	ENST00000221130	NA
1GRT	ENSG00000104687	ENST00000546342	LIG 1	FAD	YES	ENST00000221130	70,71,72,73,74,75,93,94,95,96,97,100,101,102,105,106,107,110,172,173,174,199,200,201,241,306,309,313,345,346,352,354,355,397
1GRT	ENSG00000104687	ENST00000643653	LIG 1	FAD	NO	ENST00000221130	NA
1GSN	ENSG00000104687	ENST00000221130	LIG 2	FAD	YES	ENST00000221130	70,71,72,73,74,75,93,94,95,96,97,100,101,102,105,106,107,110,172,173,174,199,200,201,241,335,342,374,375,381,382,383,384
1GSN	ENSG00000104687	ENST00000523295	LIG 2	FAD	NO	ENST00000221130	NA
1GSN	ENSG00000104687	ENST00000537535	LIG 2	FAD	NO	ENST00000221130	NA
1GSN	ENSG00000104687	ENST00000541648	LIG 2	FAD	NO	ENST00000221130	NA
1GSN	ENSG00000104687	ENST00000546342	LIG 2	FAD	YES	ENST00000221130	70,71,72,73,74,75,93,94,95,96,97,100,101,102,105,106,107,110,172,173,174,199,200,201,241,306,313,345,346,352,353,354,355
1GSN	ENSG00000104687	ENST00000643653	LIG 2	FAD	NO	ENST00000221130	NA
1GSN	ENSG00000104687	ENST00000221130	LIG 3	GSH	YES	ENST00000221130	74,78,81,102,103,108,158,383,387,391
1GSN	ENSG00000104687	ENST00000523295	LIG 3	GSH	NO	ENST00000221130	NA
1GSN	ENSG00000104687	ENST00000537535	LIG 3	GSH	YES	ENST00000221130	74,78,81,102,103,108,158,301,305,309
1GSN	ENSG00000104687	ENST00000541648	LIG 3	GSH	YES	ENST00000221130	74,78,81,102,103,108,158,330,334,338
1GSN	ENSG00000104687	ENST00000546342	LIG 3	GSH	YES	ENST00000221130	74,78,81,102,103,108,158,354,358,362
1GSN	ENSG00000104687	ENST00000643653	LIG 3	GSH	NO	ENST00000221130	NA
1XAN	ENSG00000104687	ENST00000221130	LIG 1	FAD	YES	ENST00000221130	71,72,73,74,75,93,94,95,96,97,100,101,102,105,106,107,110,172,173,174,199,200,201,241,335,342,374,375,381,382,383,384
1XAN	ENSG00000104687	ENST00000523295	LIG 1	FAD	NO	ENST00000221130	NA
1XAN	ENSG00000104687	ENST00000537535	LIG 1	FAD	NO	ENST00000221130	NA
1XAN	ENSG00000104687	ENST00000541648	LIG 1	FAD	NO	ENST00000221130	NA
1XAN	ENSG00000104687	ENST00000546342	LIG 1	FAD	YES	ENST00000221130	71,72,73,74,75,93,94,95,96,97,100,101,102,105,106,107,110,172,173,174,199,200,201,241,306,313,345,346,352,353,354,355
1XAN	ENSG00000104687	ENST00000643653	LIG 1	FAD	NO	ENST00000221130	NA
2AAQ	ENSG00000104687	ENST00000221130	LIG 2	FAD	YES	ENST00000221130	71,72,73,74,75,93,94,95,96,97,100,101,102,105,106,107,110,172,173,174,199,200,201,202,221,225,241,335,338,342,375,381,382,383,384,386
2AAQ	ENSG00000104687	ENST00000523295	LIG 2	FAD	NO	ENST00000221130	NA
2AAQ	ENSG00000104687	ENST00000537535	LIG 2	FAD	NO	ENST00000221130	NA
2AAQ	ENSG00000104687	ENST00000541648	LIG 2	FAD	NO	ENST00000221130	NA
2AAQ	ENSG00000104687	ENST00000546342	LIG 2	FAD	YES	ENST00000221130	71,72,73,74,75,93,94,95,96,97,100,101,102,105,106,107,110,172,173,174,199,200,201,202,221,225,241,306,309,313,346,352,353,354,355,357
2AAQ	ENSG00000104687	ENST00000643653	LIG 2	FAD	NO	ENST00000221130	NA
2AAQ	ENSG00000104687	ENST00000221130	LIG 4	GOL	YES	ENST00000221130	240,241,242,332,333,359,363,374,377,378,379,391,408
2AAQ	ENSG00000104687	ENST00000523295	LIG 4	GOL	NO	ENST00000221130	NA
2AAQ	ENSG00000104687	ENST00000537535	LIG 4	GOL	NO	ENST00000221130	NA
2AAQ	ENSG00000104687	ENST00000541648	LIG 4	GOL	NO	ENST00000221130	NA
2AAQ	ENSG00000104687	ENST00000546342	LIG 4	GOL	YES	ENST00000221130	240,241,242,303,304,330,334,345,348,349,350,362,379
2AAQ	ENSG00000104687	ENST00000643653	LIG 4	GOL	NO	ENST00000221130	NA
2GH5	ENSG00000104687	ENST00000221130	LIG 3	FAD	YES	ENST00000221130	70,71,73,74,75,93,94,95,96,97,100,101,102,105,106,107,110,172,173,174,199,200,201,241,242,335,374,375,381,382,383,384,512
2GH5	ENSG00000104687	ENST00000523295	LIG 3	FAD	NO	ENST00000221130	NA
2GH5	ENSG00000104687	ENST00000537535	LIG 3	FAD	NO	ENST00000221130	NA
2GH5	ENSG00000104687	ENST00000541648	LIG 3	FAD	NO	ENST00000221130	NA
2GH5	ENSG00000104687	ENST00000546342	LIG 3	FAD	YES	ENST00000221130	70,71,73,74,75,93,94,95,96,97,100,101,102,105,106,107,110,172,173,174,199,200,201,241,242,306,345,346,352,353,354,355,483
2GH5	ENSG00000104687	ENST00000643653	LIG 3	FAD	NO	ENST00000221130	NA
2GH5	ENSG00000104687	ENST00000221130	LIG 4	GOL	YES	ENST00000221130	121,139,141,238,239,240,332,333,384,387,391,418,447,448,457,459,482,520,522
2GH5	ENSG00000104687	ENST00000523295	LIG 4	GOL	NO	ENST00000221130	NA
2GH5	ENSG00000104687	ENST00000537535	LIG 4	GOL	NO	ENST00000221130	NA
2GH5	ENSG00000104687	ENST00000541648	LIG 4	GOL	NO	ENST00000221130	NA
2GH5	ENSG00000104687	ENST00000546342	LIG 4	GOL	YES	ENST00000221130	121,139,141,238,239,240,303,304,355,358,362,389,418,419,428,430,453,491,493
2GH5	ENSG00000104687	ENST00000643653	LIG 4	GOL	NO	ENST00000221130	NA
2GRT	ENSG00000104687	ENST00000221130	LIG 1	FAD	YES	ENST00000221130	70,71,73,74,75,93,94,95,96,97,100,101,102,105,106,107,110,172,173,174,199,200,201,241,335,342,373,374,375,381,383,384,386,426
2GRT	ENSG00000104687	ENST00000523295	LIG 1	FAD	NO	ENST00000221130	NA
2GRT	ENSG00000104687	ENST00000537535	LIG 1	FAD	NO	ENST00000221130	NA
2GRT	ENSG00000104687	ENST00000541648	LIG 1	FAD	NO	ENST00000221130	NA
2GRT	ENSG00000104687	ENST00000546342	LIG 1	FAD	YES	ENST00000221130	70,71,73,74,75,93,94,95,96,97,100,101,102,105,106,107,110,172,173,174,199,200,201,241,306,313,344,345,346,352,354,355,357,397
2GRT	ENSG00000104687	ENST00000643653	LIG 1	FAD	NO	ENST00000221130	NA
2GRT	ENSG00000104687	ENST00000221130	LIG 2	GDS	YES	ENST00000221130	74,78,81,103,108,150,154,157,158,161,387
2GRT	ENSG00000104687	ENST00000523295	LIG 2	GDS	NO	ENST00000221130	NA
2GRT	ENSG00000104687	ENST00000537535	LIG 2	GDS	YES	ENST00000221130	74,78,81,103,108,150,154,157,158,161,305
2GRT	ENSG00000104687	ENST00000541648	LIG 2	GDS	YES	ENST00000221130	74,78,81,103,108,150,154,157,158,161,334
2GRT	ENSG00000104687	ENST00000546342	LIG 2	GDS	YES	ENST00000221130	74,78,81,103,108,150,154,157,158,161,358
2GRT	ENSG00000104687	ENST00000643653	LIG 2	GDS	NO	ENST00000221130	NA
3DJG	ENSG00000104687	ENST00000221130	LIG 1	FAD	YES	ENST00000221130	70,71,73,74,75,93,94,95,96,97,100,101,102,105,106,107,110,172,173,174,199,200,201,335,338,342,374,375,381,382,383,384,416
3DJG	ENSG00000104687	ENST00000523295	LIG 1	FAD	NO	ENST00000221130	NA
3DJG	ENSG00000104687	ENST00000537535	LIG 1	FAD	NO	ENST00000221130	NA
3DJG	ENSG00000104687	ENST00000541648	LIG 1	FAD	NO	ENST00000221130	NA
3DJG	ENSG00000104687	ENST00000546342	LIG 1	FAD	YES	ENST00000221130	70,71,73,74,75,93,94,95,96,97,100,101,102,105,106,107,110,172,173,174,199,200,201,306,309,313,345,346,352,353,354,355,387
3DJG	ENSG00000104687	ENST00000643653	LIG 1	FAD	NO	ENST00000221130	NA
3DJJ	ENSG00000104687	ENST00000221130	LIG 3	FAD	YES	ENST00000221130	70,71,73,74,75,93,94,95,96,97,100,101,102,105,106,107,110,172,173,174,199,200,201,221,335,338,342,374,375,381,382,383,384,416
3DJJ	ENSG00000104687	ENST00000523295	LIG 3	FAD	NO	ENST00000221130	NA
3DJJ	ENSG00000104687	ENST00000537535	LIG 3	FAD	NO	ENST00000221130	NA
3DJJ	ENSG00000104687	ENST00000541648	LIG 3	FAD	NO	ENST00000221130	NA
3DJJ	ENSG00000104687	ENST00000546342	LIG 3	FAD	YES	ENST00000221130	70,71,73,74,75,93,94,95,96,97,100,101,102,105,106,107,110,172,173,174,199,200,201,221,306,309,313,345,346,352,353,354,355,387
3DJJ	ENSG00000104687	ENST00000643653	LIG 3	FAD	NO	ENST00000221130	NA
3DJJ	ENSG00000104687	ENST00000221130	LIG 5	GOL	YES	ENST00000221130	145,146,149,155,156,159,241,269,270,272,273,309,311,321,364,368,369,371,380,396,397,408,409,410,411,413,423,424,425,427,464
3DJJ	ENSG00000104687	ENST00000523295	LIG 5	GOL	NO	ENST00000221130	NA
3DJJ	ENSG00000104687	ENST00000537535	LIG 5	GOL	NO	ENST00000221130	NA
3DJJ	ENSG00000104687	ENST00000541648	LIG 5	GOL	NO	ENST00000221130	NA
3DJJ	ENSG00000104687	ENST00000546342	LIG 5	GOL	NO	ENST00000221130	NA
3DJJ	ENSG00000104687	ENST00000643653	LIG 5	GOL	NO	ENST00000221130	NA
3DK4	ENSG00000104687	ENST00000221130	LIG 2	FAD	YES	ENST00000221130	70,71,73,74,75,93,94,95,96,97,100,101,102,105,106,107,110,172,173,174,199,200,201,221,241,335,338,342,374,375,381,382,383,384
3DK4	ENSG00000104687	ENST00000523295	LIG 2	FAD	NO	ENST00000221130	NA
3DK4	ENSG00000104687	ENST00000537535	LIG 2	FAD	NO	ENST00000221130	NA
3DK4	ENSG00000104687	ENST00000541648	LIG 2	FAD	NO	ENST00000221130	NA
3DK4	ENSG00000104687	ENST00000546342	LIG 2	FAD	YES	ENST00000221130	70,71,73,74,75,93,94,95,96,97,100,101,102,105,106,107,110,172,173,174,199,200,201,221,241,306,309,313,345,346,352,353,354,355
3DK4	ENSG00000104687	ENST00000643653	LIG 2	FAD	NO	ENST00000221130	NA
3DK8	ENSG00000104687	ENST00000221130	LIG 4	GOL	YES	ENST00000221130	146,149,272,273,364,368,369,371,396,408,409,410,411,425,428,464
3DK8	ENSG00000104687	ENST00000523295	LIG 4	GOL	NO	ENST00000221130	NA
3DK8	ENSG00000104687	ENST00000537535	LIG 4	GOL	NO	ENST00000221130	NA
3DK8	ENSG00000104687	ENST00000541648	LIG 4	GOL	YES	ENST00000221130	146,149,272,273,311,315,316,318,343,355,356,357,358,372,375,411
3DK8	ENSG00000104687	ENST00000546342	LIG 4	GOL	NO	ENST00000221130	NA
3DK8	ENSG00000104687	ENST00000643653	LIG 4	GOL	NO	ENST00000221130	NA
3DK8	ENSG00000104687	ENST00000221130	LIG 2	FAD	YES	ENST00000221130	70,71,73,74,75,93,94,95,96,97,100,101,102,105,106,107,110,172,173,174,199,200,201,241,335,338,342,374,375,381,382,383,384
3DK8	ENSG00000104687	ENST00000523295	LIG 2	FAD	NO	ENST00000221130	NA
3DK8	ENSG00000104687	ENST00000537535	LIG 2	FAD	NO	ENST00000221130	NA
3DK8	ENSG00000104687	ENST00000541648	LIG 2	FAD	NO	ENST00000221130	NA
3DK8	ENSG00000104687	ENST00000546342	LIG 2	FAD	YES	ENST00000221130	70,71,73,74,75,93,94,95,96,97,100,101,102,105,106,107,110,172,173,174,199,200,201,241,306,309,313,345,346,352,353,354,355
3DK8	ENSG00000104687	ENST00000643653	LIG 2	FAD	NO	ENST00000221130	NA
3DK8	ENSG00000104687	ENST00000221130	LIG 3	GSH	YES	ENST00000221130	74,78,81,102,103,108,158,383,387,391
3DK8	ENSG00000104687	ENST00000523295	LIG 3	GSH	NO	ENST00000221130	NA
3DK8	ENSG00000104687	ENST00000537535	LIG 3	GSH	YES	ENST00000221130	74,78,81,102,103,108,158,301,305,309
3DK8	ENSG00000104687	ENST00000541648	LIG 3	GSH	YES	ENST00000221130	74,78,81,102,103,108,158,330,334,338
3DK8	ENSG00000104687	ENST00000546342	LIG 3	GSH	YES	ENST00000221130	74,78,81,102,103,108,158,354,358,362
3DK8	ENSG00000104687	ENST00000643653	LIG 3	GSH	NO	ENST00000221130	NA
3DK9	ENSG00000104687	ENST00000221130	LIG 2	FAD	YES	ENST00000221130	70,71,73,74,75,93,94,95,96,97,100,101,102,105,106,107,110,172,173,174,199,200,201,221,241,335,338,342,374,375,381,382,383,384
3DK9	ENSG00000104687	ENST00000523295	LIG 2	FAD	NO	ENST00000221130	NA
3DK9	ENSG00000104687	ENST00000537535	LIG 2	FAD	NO	ENST00000221130	NA
3DK9	ENSG00000104687	ENST00000541648	LIG 2	FAD	NO	ENST00000221130	NA
3DK9	ENSG00000104687	ENST00000546342	LIG 2	FAD	YES	ENST00000221130	70,71,73,74,75,93,94,95,96,97,100,101,102,105,106,107,110,172,173,174,199,200,201,221,241,306,309,313,345,346,352,353,354,355
3DK9	ENSG00000104687	ENST00000643653	LIG 2	FAD	NO	ENST00000221130	NA
3GRS	ENSG00000104687	ENST00000221130	LIG 2	FAD	YES	ENST00000221130	70,71,73,74,75,93,94,95,96,97,100,101,102,105,106,107,110,172,173,174,199,200,201,241,335,342,374,375,381,382,383,384
3GRS	ENSG00000104687	ENST00000523295	LIG 2	FAD	NO	ENST00000221130	NA
3GRS	ENSG00000104687	ENST00000537535	LIG 2	FAD	NO	ENST00000221130	NA
3GRS	ENSG00000104687	ENST00000541648	LIG 2	FAD	NO	ENST00000221130	NA
3GRS	ENSG00000104687	ENST00000546342	LIG 2	FAD	YES	ENST00000221130	70,71,73,74,75,93,94,95,96,97,100,101,102,105,106,107,110,172,173,174,199,200,201,241,306,313,345,346,352,353,354,355
3GRS	ENSG00000104687	ENST00000643653	LIG 2	FAD	NO	ENST00000221130	NA
3GRT	ENSG00000104687	ENST00000221130	LIG 1	FAD	YES	ENST00000221130	70,71,72,73,74,75,93,94,95,96,97,100,101,102,105,106,107,110,172,173,174,199,200,201,241,335,338,373,374,375,381,383,386,426
3GRT	ENSG00000104687	ENST00000523295	LIG 1	FAD	NO	ENST00000221130	NA
3GRT	ENSG00000104687	ENST00000537535	LIG 1	FAD	NO	ENST00000221130	NA
3GRT	ENSG00000104687	ENST00000541648	LIG 1	FAD	NO	ENST00000221130	NA
3GRT	ENSG00000104687	ENST00000546342	LIG 1	FAD	YES	ENST00000221130	70,71,72,73,74,75,93,94,95,96,97,100,101,102,105,106,107,110,172,173,174,199,200,201,241,306,309,344,345,346,352,354,357,397
3GRT	ENSG00000104687	ENST00000643653	LIG 1	FAD	NO	ENST00000221130	NA
3SQP	ENSG00000104687	ENST00000221130	LIG 1	FAD	YES	ENST00000221130	70,71,73,74,75,93,94,95,96,97,100,101,102,105,106,107,110,172,173,174,199,200,201,221,241,335,338,342,374,375,381,382,383,384,386,511,512
3SQP	ENSG00000104687	ENST00000523295	LIG 1	FAD	NO	ENST00000221130	NA
3SQP	ENSG00000104687	ENST00000537535	LIG 1	FAD	NO	ENST00000221130	NA
3SQP	ENSG00000104687	ENST00000541648	LIG 1	FAD	NO	ENST00000221130	NA
3SQP	ENSG00000104687	ENST00000546342	LIG 1	FAD	YES	ENST00000221130	70,71,73,74,75,93,94,95,96,97,100,101,102,105,106,107,110,172,173,174,199,200,201,221,241,306,309,313,345,346,352,353,354,355,357,482,483
3SQP	ENSG00000104687	ENST00000643653	LIG 1	FAD	NO	ENST00000221130	NA
3SQP	ENSG00000104687	ENST00000221130	LIG 4	GOL	YES	ENST00000221130	122,418,419,457,459,482
3SQP	ENSG00000104687	ENST00000523295	LIG 4	GOL	NO	ENST00000221130	NA
3SQP	ENSG00000104687	ENST00000537535	LIG 4	GOL	YES	ENST00000221130	122,336,337,375,377,400
3SQP	ENSG00000104687	ENST00000541648	LIG 4	GOL	YES	ENST00000221130	122,365,366,404,406,429
3SQP	ENSG00000104687	ENST00000546342	LIG 4	GOL	YES	ENST00000221130	122,389,390,428,430,453
3SQP	ENSG00000104687	ENST00000643653	LIG 4	GOL	NO	ENST00000221130	NA
4GR1	ENSG00000104687	ENST00000221130	LIG 2	FAD	YES	ENST00000221130	70,71,72,73,74,75,93,94,95,96,97,100,101,102,105,106,107,110,172,173,174,199,200,201,241,335,342,374,375,381,382,383,384,386
4GR1	ENSG00000104687	ENST00000523295	LIG 2	FAD	NO	ENST00000221130	NA
4GR1	ENSG00000104687	ENST00000537535	LIG 2	FAD	NO	ENST00000221130	NA
4GR1	ENSG00000104687	ENST00000541648	LIG 2	FAD	NO	ENST00000221130	NA
4GR1	ENSG00000104687	ENST00000546342	LIG 2	FAD	YES	ENST00000221130	70,71,72,73,74,75,93,94,95,96,97,100,101,102,105,106,107,110,172,173,174,199,200,201,241,306,313,345,346,352,353,354,355,357
4GR1	ENSG00000104687	ENST00000643653	LIG 2	FAD	NO	ENST00000221130	NA
4GRT	ENSG00000104687	ENST00000221130	LIG 1	FAD	YES	ENST00000221130	70,71,72,73,74,75,93,94,95,96,97,100,101,102,105,106,107,110,172,173,174,199,200,201,202,241,242,342,374,375,381,383,384,386,426
4GRT	ENSG00000104687	ENST00000523295	LIG 1	FAD	NO	ENST00000221130	NA
4GRT	ENSG00000104687	ENST00000537535	LIG 1	FAD	NO	ENST00000221130	NA
4GRT	ENSG00000104687	ENST00000541648	LIG 1	FAD	NO	ENST00000221130	NA
4GRT	ENSG00000104687	ENST00000546342	LIG 1	FAD	YES	ENST00000221130	70,71,72,73,74,75,93,94,95,96,97,100,101,102,105,106,107,110,172,173,174,199,200,201,202,241,242,313,345,346,352,354,355,357,397
4GRT	ENSG00000104687	ENST00000643653	LIG 1	FAD	NO	ENST00000221130	NA
5GRT	ENSG00000104687	ENST00000221130	LIG 1	FAD	YES	ENST00000221130	70,71,72,73,74,75,93,94,95,96,97,100,101,102,105,106,107,110,172,173,174,199,200,201,241,335,342,373,374,375,381,383,384,386,426
5GRT	ENSG00000104687	ENST00000523295	LIG 1	FAD	NO	ENST00000221130	NA
5GRT	ENSG00000104687	ENST00000537535	LIG 1	FAD	NO	ENST00000221130	NA
5GRT	ENSG00000104687	ENST00000541648	LIG 1	FAD	NO	ENST00000221130	NA
5GRT	ENSG00000104687	ENST00000546342	LIG 1	FAD	YES	ENST00000221130	70,71,72,73,74,75,93,94,95,96,97,100,101,102,105,106,107,110,172,173,174,199,200,201,241,306,313,344,345,346,352,354,355,357,397
5GRT	ENSG00000104687	ENST00000643653	LIG 1	FAD	NO	ENST00000221130	NA
1BX4	ENSG00000156110	ENST00000286621	LIG 1	ADN	NO	ENST00000539909	NA
1BX4	ENSG00000156110	ENST00000372734	LIG 1	ADN	YES	ENST00000539909	14,16,18,40,63,64,65,68,123,136,138,170,265,267,268,271,284,286,289,292,296,297,298,299,300,324,327,331
1BX4	ENSG00000156110	ENST00000541550	LIG 1	ADN	NO	ENST00000539909	NA
1BX4	ENSG00000156110	ENST00000539909	LIG 1	ADN	YES	ENST00000539909	31,33,35,57,80,81,82,85,140,153,155,187,282,284,285,288,301,303,306,309,313,314,315,316,317,341,344,348
1BX4	ENSG00000156110	ENST00000672604	LIG 1	ADN	NO	ENST00000539909	NA
1BX4	ENSG00000156110	ENST00000673352	LIG 1	ADN	NO	ENST00000539909	NA
1BX4	ENSG00000156110	ENST00000673310	LIG 1	ADN	NO	ENST00000539909	NA
1BX4	ENSG00000156110	ENST00000478611	LIG 1	ADN	NO	ENST00000539909	NA
1BX4	ENSG00000156110	ENST00000672920	LIG 1	ADN	NO	ENST00000539909	NA
1BX4	ENSG00000156110	ENST00000673027	LIG 1	ADN	NO	ENST00000539909	NA
1BX4	ENSG00000156110	ENST00000672429	LIG 1	ADN	NO	ENST00000539909	NA
1BX4	ENSG00000156110	ENST00000672394	LIG 1	ADN	NO	ENST00000539909	NA
1BY2	ENSG00000108679	ENST00000262776	LIG 1	NAG	YES	ENST00000262776	69
1BY2	ENSG00000108679	ENST00000591778	LIG 1	NAG	YES	ENST00000262776	69
1BY2	ENSG00000108679	ENST00000589906	LIG 1	NAG	NO	ENST00000262776	NA
1BY2	ENSG00000108679	ENST00000585407	LIG 1	NAG	YES	ENST00000262776	69
1BY2	ENSG00000108679	ENST00000586720	LIG 1	NAG	NO	ENST00000262776	NA
1BY2	ENSG00000108679	ENST00000588899	LIG 1	NAG	NO	ENST00000262776	NA
1BY2	ENSG00000108679	ENST00000587310	LIG 1	NAG	NO	ENST00000262776	NA
1BY2	ENSG00000108679	ENST00000587251	LIG 1	NAG	YES	ENST00000262776	69
1BY2	ENSG00000108679	ENST00000589527	LIG 1	NAG	YES	ENST00000262776	69
1BY2	ENSG00000108679	ENST00000588205	LIG 1	NAG	NO	ENST00000262776	NA
1BY2	ENSG00000108679	ENST00000587311	LIG 1	NAG	NO	ENST00000262776	NA
1BY2	ENSG00000108679	ENST00000588990	LIG 1	NAG	NO	ENST00000262776	NA
1BY2	ENSG00000108679	ENST00000588198	LIG 1	NAG	YES	ENST00000262776	69
1BY2	ENSG00000108679	ENST00000591274	LIG 1	NAG	YES	ENST00000262776	69
1BY2	ENSG00000108679	ENST00000589775	LIG 1	NAG	YES	ENST00000262776	69
1C1Z	ENSG00000091583	ENST00000205948	LIG 1	NAG	YES	ENST00000205948	162
1C1Z	ENSG00000091583	ENST00000585162	LIG 1	NAG	NO	ENST00000205948	NA
1C1Z	ENSG00000091583	ENST00000581797	LIG 1	NAG	YES	ENST00000205948	102
1C1Z	ENSG00000091583	ENST00000577982	LIG 1	NAG	YES	ENST00000205948	162
1QUB	ENSG00000091583	ENST00000205948	LIG 1	NAG	YES	ENST00000205948	191,193,194
1QUB	ENSG00000091583	ENST00000585162	LIG 1	NAG	YES	ENST00000205948	15,17,18
1QUB	ENSG00000091583	ENST00000581797	LIG 1	NAG	YES	ENST00000205948	131,133,134
1QUB	ENSG00000091583	ENST00000577982	LIG 1	NAG	NO	ENST00000205948	NA
6V09	ENSG00000091583	ENST00000205948	LIG 1	NAG	YES	ENST00000205948	193,194,196,253,254,255
6V09	ENSG00000091583	ENST00000585162	LIG 1	NAG	YES	ENST00000205948	17,18,20,77,78,79
6V09	ENSG00000091583	ENST00000581797	LIG 1	NAG	YES	ENST00000205948	133,134,136,193,194,195
6V09	ENSG00000091583	ENST00000577982	LIG 1	NAG	NO	ENST00000205948	NA
1C3D	ENSG00000125730	ENST00000245907	LIG 1	GOL	YES	ENST00000245907	1006,1007,1008,1013,1016,1017,1020,1077,1090,1091,1092,1093,1120,1123,1124,1127,1130,1183,1184,1189,1209,1213,1264,1265
1C3D	ENSG00000125730	ENST00000602229	LIG 1	GOL	NO	ENST00000245907	NA
1C3D	ENSG00000125730	ENST00000596548	LIG 1	GOL	NO	ENST00000245907	NA
1C3D	ENSG00000125730	ENST00000601008	LIG 1	GOL	NO	ENST00000245907	NA
1C3D	ENSG00000125730	ENST00000600744	LIG 1	GOL	NO	ENST00000245907	NA
2A74	ENSG00000125730	ENST00000245907	LIG 2	GOL	YES	ENST00000245907	323,324,325,326,545,546,547,550,551,601,602,605,756,758,761,819,834,863,865,911,913,915,1476,1510,1511,1513,1582,1583,1584,1591,1616,1617,1618,1619
2A74	ENSG00000125730	ENST00000602229	LIG 2	GOL	NO	ENST00000245907	NA
2A74	ENSG00000125730	ENST00000596548	LIG 2	GOL	NO	ENST00000245907	NA
2A74	ENSG00000125730	ENST00000601008	LIG 2	GOL	NO	ENST00000245907	NA
2A74	ENSG00000125730	ENST00000600744	LIG 2	GOL	NO	ENST00000245907	NA
2I07	ENSG00000125730	ENST00000245907	LIG 1	NAG	YES	ENST00000245907	41,85,491
2I07	ENSG00000125730	ENST00000602229	LIG 1	NAG	NO	ENST00000245907	NA
2I07	ENSG00000125730	ENST00000596548	LIG 1	NAG	NO	ENST00000245907	NA
2I07	ENSG00000125730	ENST00000601008	LIG 1	NAG	NO	ENST00000245907	NA
2I07	ENSG00000125730	ENST00000600744	LIG 1	NAG	NO	ENST00000245907	NA
2ICF	ENSG00000125730	ENST00000245907	LIG 1	NAG	YES	ENST00000245907	84,85,501,502
2ICF	ENSG00000125730	ENST00000602229	LIG 1	NAG	NO	ENST00000245907	NA
2ICF	ENSG00000125730	ENST00000596548	LIG 1	NAG	NO	ENST00000245907	NA
2ICF	ENSG00000125730	ENST00000601008	LIG 1	NAG	NO	ENST00000245907	NA
2ICF	ENSG00000125730	ENST00000600744	LIG 1	NAG	NO	ENST00000245907	NA
2QKI	ENSG00000125730	ENST00000245907	LIG 2	GOL	YES	ENST00000245907	125,126,127,128,130,140,212,213,214,215,407,438,439,440,441,444,445,446,470,537,538,539,550,551,552,553,566,567,598,599,600,623,624,762,763,764,819,1534,1550,1551,1552,1565
2QKI	ENSG00000125730	ENST00000602229	LIG 2	GOL	NO	ENST00000245907	NA
2QKI	ENSG00000125730	ENST00000596548	LIG 2	GOL	NO	ENST00000245907	NA
2QKI	ENSG00000125730	ENST00000601008	LIG 2	GOL	NO	ENST00000245907	NA
2QKI	ENSG00000125730	ENST00000600744	LIG 2	GOL	NO	ENST00000245907	NA
2WII	ENSG00000125730	ENST00000245907	LIG 2	GOL	YES	ENST00000245907	134,138,146,156,157,158,181,182,188,196,475,476,477,506,509,510,511,556,581,638,653,654,655,755,756,758,768,769,770,771,773,774,775,794,811,815,817,818,819,863,865,913,914,915,975,1004,1006,1048,1077,1120,1123,1124,1127,1241,1242,1244,1257,1258,1260,1281,1285,1295,1296,1297,1306,1333,1335,1347,1349,1504,1506,1530,1585,1611,1612,1613,1615,1616,1617,1618
2WII	ENSG00000125730	ENST00000602229	LIG 2	GOL	NO	ENST00000245907	NA
2WII	ENSG00000125730	ENST00000596548	LIG 2	GOL	NO	ENST00000245907	NA
2WII	ENSG00000125730	ENST00000601008	LIG 2	GOL	NO	ENST00000245907	NA
2WII	ENSG00000125730	ENST00000600744	LIG 2	GOL	NO	ENST00000245907	NA
2WII	ENSG00000125730	ENST00000245907	LIG 1	NAG	YES	ENST00000245907	41,85,498,499,500,501
2WII	ENSG00000125730	ENST00000602229	LIG 1	NAG	NO	ENST00000245907	NA
2WII	ENSG00000125730	ENST00000596548	LIG 1	NAG	NO	ENST00000245907	NA
2WII	ENSG00000125730	ENST00000601008	LIG 1	NAG	NO	ENST00000245907	NA
2WII	ENSG00000125730	ENST00000600744	LIG 1	NAG	NO	ENST00000245907	NA
2WIN	ENSG00000125730	ENST00000245907	LIG 1	NAG	YES	ENST00000245907	85,166,195,494,495,496,939
2WIN	ENSG00000125730	ENST00000602229	LIG 1	NAG	NO	ENST00000245907	NA
2WIN	ENSG00000125730	ENST00000596548	LIG 1	NAG	NO	ENST00000245907	NA
2WIN	ENSG00000125730	ENST00000601008	LIG 1	NAG	NO	ENST00000245907	NA
2WIN	ENSG00000125730	ENST00000600744	LIG 1	NAG	NO	ENST00000245907	NA
2WY7	ENSG00000125730	ENST00000245907	LIG 1	GOL	YES	ENST00000245907	1006,1007,1008,1013,1016,1017,1075,1077,1120,1123,1124,1127,1130,1153,1194,1242,1277,1281
2WY7	ENSG00000125730	ENST00000602229	LIG 1	GOL	NO	ENST00000245907	NA
2WY7	ENSG00000125730	ENST00000596548	LIG 1	GOL	NO	ENST00000245907	NA
2WY7	ENSG00000125730	ENST00000601008	LIG 1	GOL	NO	ENST00000245907	NA
2WY7	ENSG00000125730	ENST00000600744	LIG 1	GOL	NO	ENST00000245907	NA
2WY8	ENSG00000125730	ENST00000245907	LIG 1	GOL	YES	ENST00000245907	1075,1077,1120,1123,1124,1127,1130,1153,1194,1242,1277,1281
2WY8	ENSG00000125730	ENST00000602229	LIG 1	GOL	NO	ENST00000245907	NA
2WY8	ENSG00000125730	ENST00000596548	LIG 1	GOL	NO	ENST00000245907	NA
2WY8	ENSG00000125730	ENST00000601008	LIG 1	GOL	NO	ENST00000245907	NA
2WY8	ENSG00000125730	ENST00000600744	LIG 1	GOL	NO	ENST00000245907	NA
2XWB	ENSG00000125730	ENST00000245907	LIG 1	NAG	YES	ENST00000245907	85,500,501,938,939
2XWB	ENSG00000125730	ENST00000602229	LIG 1	NAG	NO	ENST00000245907	NA
2XWB	ENSG00000125730	ENST00000596548	LIG 1	NAG	NO	ENST00000245907	NA
2XWB	ENSG00000125730	ENST00000601008	LIG 1	NAG	NO	ENST00000245907	NA
2XWB	ENSG00000125730	ENST00000600744	LIG 1	NAG	NO	ENST00000245907	NA
2XWJ	ENSG00000125730	ENST00000245907	LIG 1	NAG	YES	ENST00000245907	939,941
2XWJ	ENSG00000125730	ENST00000602229	LIG 1	NAG	NO	ENST00000245907	NA
2XWJ	ENSG00000125730	ENST00000596548	LIG 1	NAG	NO	ENST00000245907	NA
2XWJ	ENSG00000125730	ENST00000601008	LIG 1	NAG	NO	ENST00000245907	NA
2XWJ	ENSG00000125730	ENST00000600744	LIG 1	NAG	NO	ENST00000245907	NA
3L3O	ENSG00000125730	ENST00000245907	LIG 1	NAG	YES	ENST00000245907	41,85,498,499
3L3O	ENSG00000125730	ENST00000602229	LIG 1	NAG	NO	ENST00000245907	NA
3L3O	ENSG00000125730	ENST00000596548	LIG 1	NAG	NO	ENST00000245907	NA
3L3O	ENSG00000125730	ENST00000601008	LIG 1	NAG	NO	ENST00000245907	NA
3L3O	ENSG00000125730	ENST00000600744	LIG 1	NAG	NO	ENST00000245907	NA
3L5N	ENSG00000125730	ENST00000245907	LIG 1	NAG	YES	ENST00000245907	41,85,87,192,490,939
3L5N	ENSG00000125730	ENST00000602229	LIG 1	NAG	NO	ENST00000245907	NA
3L5N	ENSG00000125730	ENST00000596548	LIG 1	NAG	NO	ENST00000245907	NA
3L5N	ENSG00000125730	ENST00000601008	LIG 1	NAG	NO	ENST00000245907	NA
3L5N	ENSG00000125730	ENST00000600744	LIG 1	NAG	NO	ENST00000245907	NA
3NMS	ENSG00000125730	ENST00000245907	LIG 1	NAG	YES	ENST00000245907	41,85,498,499
3NMS	ENSG00000125730	ENST00000602229	LIG 1	NAG	NO	ENST00000245907	NA
3NMS	ENSG00000125730	ENST00000596548	LIG 1	NAG	NO	ENST00000245907	NA
3NMS	ENSG00000125730	ENST00000601008	LIG 1	NAG	NO	ENST00000245907	NA
3NMS	ENSG00000125730	ENST00000600744	LIG 1	NAG	NO	ENST00000245907	NA
3OHX	ENSG00000125730	ENST00000245907	LIG 1	NAG	YES	ENST00000245907	41,85,498,499
3OHX	ENSG00000125730	ENST00000602229	LIG 1	NAG	NO	ENST00000245907	NA
3OHX	ENSG00000125730	ENST00000596548	LIG 1	NAG	NO	ENST00000245907	NA
3OHX	ENSG00000125730	ENST00000601008	LIG 1	NAG	NO	ENST00000245907	NA
3OHX	ENSG00000125730	ENST00000600744	LIG 1	NAG	NO	ENST00000245907	NA
3OXU	ENSG00000125730	ENST00000245907	LIG 1	GOL	YES	ENST00000245907	1077,1120,1123,1124,1127,1130,1266
3OXU	ENSG00000125730	ENST00000602229	LIG 1	GOL	NO	ENST00000245907	NA
3OXU	ENSG00000125730	ENST00000596548	LIG 1	GOL	NO	ENST00000245907	NA
3OXU	ENSG00000125730	ENST00000601008	LIG 1	GOL	NO	ENST00000245907	NA
3OXU	ENSG00000125730	ENST00000600744	LIG 1	GOL	NO	ENST00000245907	NA
3RJ3	ENSG00000125730	ENST00000245907	LIG 1	GOL	YES	ENST00000245907	1077,1120,1123,1124,1127,1133,1266
3RJ3	ENSG00000125730	ENST00000602229	LIG 1	GOL	NO	ENST00000245907	NA
3RJ3	ENSG00000125730	ENST00000596548	LIG 1	GOL	NO	ENST00000245907	NA
3RJ3	ENSG00000125730	ENST00000601008	LIG 1	GOL	NO	ENST00000245907	NA
3RJ3	ENSG00000125730	ENST00000600744	LIG 1	GOL	NO	ENST00000245907	NA
4ONT	ENSG00000125730	ENST00000245907	LIG 2	GOL	YES	ENST00000245907	1077,1120,1123,1124,1127,1133,1266
4ONT	ENSG00000125730	ENST00000602229	LIG 2	GOL	NO	ENST00000245907	NA
4ONT	ENSG00000125730	ENST00000596548	LIG 2	GOL	NO	ENST00000245907	NA
4ONT	ENSG00000125730	ENST00000601008	LIG 2	GOL	NO	ENST00000245907	NA
4ONT	ENSG00000125730	ENST00000600744	LIG 2	GOL	NO	ENST00000245907	NA
4ZH1	ENSG00000125730	ENST00000245907	LIG 4	GOL	YES	ENST00000245907	1075,1077,1120,1123,1124,1127,1130,1133,1266
4ZH1	ENSG00000125730	ENST00000602229	LIG 4	GOL	NO	ENST00000245907	NA
4ZH1	ENSG00000125730	ENST00000596548	LIG 4	GOL	NO	ENST00000245907	NA
4ZH1	ENSG00000125730	ENST00000601008	LIG 4	GOL	NO	ENST00000245907	NA
4ZH1	ENSG00000125730	ENST00000600744	LIG 4	GOL	NO	ENST00000245907	NA
5FO7	ENSG00000125730	ENST00000245907	LIG 1	NAG	YES	ENST00000245907	85,495,496,937,938,939
5FO7	ENSG00000125730	ENST00000602229	LIG 1	NAG	NO	ENST00000245907	NA
5FO7	ENSG00000125730	ENST00000596548	LIG 1	NAG	NO	ENST00000245907	NA
5FO7	ENSG00000125730	ENST00000601008	LIG 1	NAG	NO	ENST00000245907	NA
5FO7	ENSG00000125730	ENST00000600744	LIG 1	NAG	NO	ENST00000245907	NA
5FO9	ENSG00000125730	ENST00000245907	LIG 1	NAG	YES	ENST00000245907	85,501,503
5FO9	ENSG00000125730	ENST00000602229	LIG 1	NAG	NO	ENST00000245907	NA
5FO9	ENSG00000125730	ENST00000596548	LIG 1	NAG	NO	ENST00000245907	NA
5FO9	ENSG00000125730	ENST00000601008	LIG 1	NAG	NO	ENST00000245907	NA
5FO9	ENSG00000125730	ENST00000600744	LIG 1	NAG	NO	ENST00000245907	NA
5FOB	ENSG00000125730	ENST00000245907	LIG 3	GOL	YES	ENST00000245907	132,201,219,220,221,225,226,248,249,259,260,262,263,266,290,292,297,298,299,303,304,305,333,334,427,428,429,433,436,578,579,580,600,609,611,755,756,757,758,794,801,822,824,841,854,856,863,865,883,891,893,905,913,915,933,973,974,975,999,1002,1069,1071,1072,1138,1140,1141,1152,1155,1175,1179,1198,1199,1262,1263,1264,1265,1359,1372,1373,1384,1419,1456,1457,1459,1496,1503,1506,1508,1547,1548,1578,1580
5FOB	ENSG00000125730	ENST00000602229	LIG 3	GOL	NO	ENST00000245907	NA
5FOB	ENSG00000125730	ENST00000596548	LIG 3	GOL	NO	ENST00000245907	NA
5FOB	ENSG00000125730	ENST00000601008	LIG 3	GOL	NO	ENST00000245907	NA
5FOB	ENSG00000125730	ENST00000600744	LIG 3	GOL	NO	ENST00000245907	NA
5O32	ENSG00000125730	ENST00000245907	LIG 1	NAG	YES	ENST00000245907	41,85,498,499,500,501
5O32	ENSG00000125730	ENST00000602229	LIG 1	NAG	NO	ENST00000245907	NA
5O32	ENSG00000125730	ENST00000596548	LIG 1	NAG	NO	ENST00000245907	NA
5O32	ENSG00000125730	ENST00000601008	LIG 1	NAG	NO	ENST00000245907	NA
5O32	ENSG00000125730	ENST00000600744	LIG 1	NAG	NO	ENST00000245907	NA
6EHG	ENSG00000125730	ENST00000245907	LIG 1	NAG	YES	ENST00000245907	85,495,496,497,498
6EHG	ENSG00000125730	ENST00000602229	LIG 1	NAG	NO	ENST00000245907	NA
6EHG	ENSG00000125730	ENST00000596548	LIG 1	NAG	NO	ENST00000245907	NA
6EHG	ENSG00000125730	ENST00000601008	LIG 1	NAG	NO	ENST00000245907	NA
6EHG	ENSG00000125730	ENST00000600744	LIG 1	NAG	NO	ENST00000245907	NA
1C9H	ENSG00000119782	ENST00000380986	LIG 1	RAP	YES	ENST00000380986	27,37,38,47,54,55,56,57,60,83,88,100
1C9H	ENSG00000119782	ENST00000380991	LIG 1	RAP	NO	ENST00000380986	NA
1C9H	ENSG00000119782	ENST00000421839	LIG 1	RAP	NO	ENST00000380986	NA
1C9H	ENSG00000119782	ENST00000452109	LIG 1	RAP	NO	ENST00000380986	NA
1C9H	ENSG00000119782	ENST00000438630	LIG 1	RAP	NO	ENST00000380986	NA
5HKG	ENSG00000119782	ENST00000380986	LIG 1	RAP	YES	ENST00000380986	27,37,38,47,54,55,56,57,60,83,88,91,100
5HKG	ENSG00000119782	ENST00000380991	LIG 1	RAP	NO	ENST00000380986	NA
5HKG	ENSG00000119782	ENST00000421839	LIG 1	RAP	NO	ENST00000380986	NA
5HKG	ENSG00000119782	ENST00000452109	LIG 1	RAP	NO	ENST00000380986	NA
5HKG	ENSG00000119782	ENST00000438630	LIG 1	RAP	NO	ENST00000380986	NA
1CB0	ENSG00000099810	ENST00000419385	LIG 1	ADE	NO	ENST00000644715	NA
1CB0	ENSG00000099810	ENST00000460874	LIG 1	ADE	YES	ENST00000644715	96,97,178,195,196,197,220,221,223
1CB0	ENSG00000099810	ENST00000577563	LIG 1	ADE	NO	ENST00000644715	NA
1CB0	ENSG00000099810	ENST00000580900	LIG 1	ADE	YES	ENST00000644715	95,96,177,194,195,196,219,220,222
1CB0	ENSG00000099810	ENST00000580718	LIG 1	ADE	YES	ENST00000644715	95,96,177,194,195,196,219,220,222
1CB0	ENSG00000099810	ENST00000427788	LIG 1	ADE	NO	ENST00000644715	NA
1CB0	ENSG00000099810	ENST00000644715	LIG 1	ADE	YES	ENST00000644715	95,96,177,194,195,196,219,220,222
5EUB	ENSG00000099810	ENST00000419385	LIG 3	GOL	NO	ENST00000644715	NA
5EUB	ENSG00000099810	ENST00000460874	LIG 3	GOL	YES	ENST00000644715	51,52,100,101,102,188,225,253,254,257
5EUB	ENSG00000099810	ENST00000577563	LIG 3	GOL	NO	ENST00000644715	NA
5EUB	ENSG00000099810	ENST00000580900	LIG 3	GOL	YES	ENST00000644715	50,51,99,100,101,187,224,252,253,256
5EUB	ENSG00000099810	ENST00000580718	LIG 3	GOL	NO	ENST00000644715	NA
5EUB	ENSG00000099810	ENST00000427788	LIG 3	GOL	NO	ENST00000644715	NA
5EUB	ENSG00000099810	ENST00000644715	LIG 3	GOL	YES	ENST00000644715	50,51,99,100,101,187,224,252,253,256
5TC6	ENSG00000099810	ENST00000419385	LIG 3	GOL	NO	ENST00000644715	NA
5TC6	ENSG00000099810	ENST00000460874	LIG 3	GOL	YES	ENST00000644715	41
5TC6	ENSG00000099810	ENST00000577563	LIG 3	GOL	NO	ENST00000644715	NA
5TC6	ENSG00000099810	ENST00000580900	LIG 3	GOL	YES	ENST00000644715	40
5TC6	ENSG00000099810	ENST00000580718	LIG 3	GOL	YES	ENST00000644715	40
5TC6	ENSG00000099810	ENST00000427788	LIG 3	GOL	NO	ENST00000644715	NA
5TC6	ENSG00000099810	ENST00000644715	LIG 3	GOL	YES	ENST00000644715	40
6DZ2	ENSG00000099810	ENST00000419385	LIG 2	ACY	NO	ENST00000644715	NA
6DZ2	ENSG00000099810	ENST00000460874	LIG 2	ACY	YES	ENST00000644715	116,117
6DZ2	ENSG00000099810	ENST00000577563	LIG 2	ACY	NO	ENST00000644715	NA
6DZ2	ENSG00000099810	ENST00000580900	LIG 2	ACY	YES	ENST00000644715	115,116
6DZ2	ENSG00000099810	ENST00000580718	LIG 2	ACY	YES	ENST00000644715	115,116
6DZ2	ENSG00000099810	ENST00000427788	LIG 2	ACY	YES	ENST00000644715	48,49
6DZ2	ENSG00000099810	ENST00000644715	LIG 2	ACY	YES	ENST00000644715	115,116
6DZ3	ENSG00000099810	ENST00000419385	LIG 3	ACY	NO	ENST00000644715	NA
6DZ3	ENSG00000099810	ENST00000460874	LIG 3	ACY	YES	ENST00000644715	119
6DZ3	ENSG00000099810	ENST00000577563	LIG 3	ACY	NO	ENST00000644715	NA
6DZ3	ENSG00000099810	ENST00000580900	LIG 3	ACY	YES	ENST00000644715	118
6DZ3	ENSG00000099810	ENST00000580718	LIG 3	ACY	YES	ENST00000644715	118
6DZ3	ENSG00000099810	ENST00000427788	LIG 3	ACY	YES	ENST00000644715	51
6DZ3	ENSG00000099810	ENST00000644715	LIG 3	ACY	YES	ENST00000644715	118
1CBS	ENSG00000143320	ENST00000368220	LIG 1	REA	NO	ENST00000368222,ENST00000368221,ENST00000621784	NA
1CBS	ENSG00000143320	ENST00000368221	LIG 1	REA	YES	ENST00000368222,ENST00000368221,ENST00000621784	20,33,40,55,57,59,77,122,133,135
1CBS	ENSG00000143320	ENST00000368222	LIG 1	REA	YES	ENST00000368222,ENST00000368221,ENST00000621784	20,33,40,55,57,59,77,122,133,135
1CBS	ENSG00000143320	ENST00000621784	LIG 1	REA	YES	ENST00000368222,ENST00000368221,ENST00000621784	20,33,40,55,57,59,77,122,133,135
2FR3	ENSG00000143320	ENST00000368220	LIG 2	REA	NO	ENST00000621784,ENST00000368221,ENST00000368222	NA
2FR3	ENSG00000143320	ENST00000368221	LIG 2	REA	YES	ENST00000621784,ENST00000368221,ENST00000368222	20,32,33,37,40,55,57,59,60,77,122,133,135
2FR3	ENSG00000143320	ENST00000368222	LIG 2	REA	YES	ENST00000621784,ENST00000368221,ENST00000368222	20,32,33,37,40,55,57,59,60,77,122,133,135
2FR3	ENSG00000143320	ENST00000621784	LIG 2	REA	YES	ENST00000621784,ENST00000368221,ENST00000368222	20,32,33,37,40,55,57,59,60,77,122,133,135
2G78	ENSG00000143320	ENST00000368220	LIG 1	REA	NO	ENST00000621784,ENST00000368222,ENST00000368221	NA
2G78	ENSG00000143320	ENST00000368221	LIG 1	REA	YES	ENST00000621784,ENST00000368222,ENST00000368221	16,20,32,33,55,57,59,60,122,124,133
2G78	ENSG00000143320	ENST00000368222	LIG 1	REA	YES	ENST00000621784,ENST00000368222,ENST00000368221	16,20,32,33,55,57,59,60,122,124,133
2G78	ENSG00000143320	ENST00000621784	LIG 1	REA	YES	ENST00000621784,ENST00000368222,ENST00000368221	16,20,32,33,55,57,59,60,122,124,133
3CWK	ENSG00000143320	ENST00000368220	LIG 2	REA	NO	ENST00000368222,ENST00000621784,ENST00000368221	NA
3CWK	ENSG00000143320	ENST00000368221	LIG 2	REA	YES	ENST00000368222,ENST00000621784,ENST00000368221	16,20,32,33,37,40,55,57,59,60,77,122,133
3CWK	ENSG00000143320	ENST00000368222	LIG 2	REA	YES	ENST00000368222,ENST00000621784,ENST00000368221	16,20,32,33,37,40,55,57,59,60,77,122,133
3CWK	ENSG00000143320	ENST00000621784	LIG 2	REA	YES	ENST00000368222,ENST00000621784,ENST00000368221	16,20,32,33,37,40,55,57,59,60,77,122,133
6HKR	ENSG00000143320	ENST00000368220	LIG 3	GOL	YES	ENST00000621784,ENST00000368221,ENST00000368222	12,13,14,15,16,17,18
6HKR	ENSG00000143320	ENST00000368221	LIG 3	GOL	YES	ENST00000621784,ENST00000368221,ENST00000368222	12,13,14,15,16,17,18
6HKR	ENSG00000143320	ENST00000368222	LIG 3	GOL	YES	ENST00000621784,ENST00000368221,ENST00000368222	12,13,14,15,16,17,18
6HKR	ENSG00000143320	ENST00000621784	LIG 3	GOL	YES	ENST00000621784,ENST00000368221,ENST00000368222	12,13,14,15,16,17,18
6MPK	ENSG00000143320	ENST00000368220	LIG 2	GOL	YES	ENST00000621784,ENST00000368221,ENST00000368222	14,15,16,18,52,53,54,63,65
6MPK	ENSG00000143320	ENST00000368221	LIG 2	GOL	YES	ENST00000621784,ENST00000368221,ENST00000368222	14,15,16,18,52,53,54,63,65
6MPK	ENSG00000143320	ENST00000368222	LIG 2	GOL	YES	ENST00000621784,ENST00000368221,ENST00000368222	14,15,16,18,52,53,54,63,65
6MPK	ENSG00000143320	ENST00000621784	LIG 2	GOL	YES	ENST00000621784,ENST00000368221,ENST00000368222	14,15,16,18,52,53,54,63,65
6MQX	ENSG00000143320	ENST00000368220	LIG 1	GOL	YES	ENST00000368222,ENST00000621784,ENST00000368221	63,64,65,71,74
6MQX	ENSG00000143320	ENST00000368221	LIG 1	GOL	YES	ENST00000368222,ENST00000621784,ENST00000368221	63,64,65,71,74
6MQX	ENSG00000143320	ENST00000368222	LIG 1	GOL	YES	ENST00000368222,ENST00000621784,ENST00000368221	63,64,65,71,74
6MQX	ENSG00000143320	ENST00000621784	LIG 1	GOL	YES	ENST00000368222,ENST00000621784,ENST00000368221	63,64,65,71,74
6MQY	ENSG00000143320	ENST00000368220	LIG 1	GOL	YES	ENST00000621784,ENST00000368221,ENST00000368222	2,3,11,13,38,43,46,47,48,52,53,54,63,65
6MQY	ENSG00000143320	ENST00000368221	LIG 1	GOL	YES	ENST00000621784,ENST00000368221,ENST00000368222	2,3,11,13,38,43,46,47,48,52,53,54,63,65
6MQY	ENSG00000143320	ENST00000368222	LIG 1	GOL	YES	ENST00000621784,ENST00000368221,ENST00000368222	2,3,11,13,38,43,46,47,48,52,53,54,63,65
6MQY	ENSG00000143320	ENST00000621784	LIG 1	GOL	YES	ENST00000621784,ENST00000368221,ENST00000368222	2,3,11,13,38,43,46,47,48,52,53,54,63,65
6MQZ	ENSG00000143320	ENST00000368220	LIG 1	GOL	YES	ENST00000368221,ENST00000621784,ENST00000368222	2,46,47,48
6MQZ	ENSG00000143320	ENST00000368221	LIG 1	GOL	YES	ENST00000368221,ENST00000621784,ENST00000368222	2,46,47,48
6MQZ	ENSG00000143320	ENST00000368222	LIG 1	GOL	YES	ENST00000368221,ENST00000621784,ENST00000368222	2,46,47,48
6MQZ	ENSG00000143320	ENST00000621784	LIG 1	GOL	YES	ENST00000368221,ENST00000621784,ENST00000368222	2,46,47,48
1CQP	ENSG00000005844	ENST00000356798	LIG 1	803	YES	ENST00000356798	157,260,282,312,323,326,327,333,334
1CQP	ENSG00000005844	ENST00000358164	LIG 1	803	NO	ENST00000356798	NA
1CQP	ENSG00000005844	ENST00000433423	LIG 1	803	NO	ENST00000356798	NA
1CQP	ENSG00000005844	ENST00000562857	LIG 1	803	NO	ENST00000356798	NA
1CQP	ENSG00000005844	ENST00000565864	LIG 1	803	NO	ENST00000356798	NA
1CQP	ENSG00000005844	ENST00000562652	LIG 1	803	NO	ENST00000356798	NA
1CQP	ENSG00000005844	ENST00000568926	LIG 1	803	NO	ENST00000356798	NA
1CQP	ENSG00000005844	ENST00000563615	LIG 1	803	NO	ENST00000356798	NA
1CQP	ENSG00000005844	ENST00000569725	LIG 1	803	NO	ENST00000356798	NA
1CQP	ENSG00000005844	ENST00000677830	LIG 1	803	NO	ENST00000356798	NA
1CQP	ENSG00000005844	ENST00000676652	LIG 1	803	YES	ENST00000356798	48,151,173,203,214,217,218,224,225
1CQP	ENSG00000005844	ENST00000678203	LIG 1	803	NO	ENST00000356798	NA
1CQP	ENSG00000005844	ENST00000679323	LIG 1	803	NO	ENST00000356798	NA
3F78	ENSG00000005844	ENST00000356798	LIG 2	GOL	YES	ENST00000356798	300,307,308,311
3F78	ENSG00000005844	ENST00000358164	LIG 2	GOL	YES	ENST00000356798	217,224,225,228
3F78	ENSG00000005844	ENST00000433423	LIG 2	GOL	NO	ENST00000356798	NA
3F78	ENSG00000005844	ENST00000562857	LIG 2	GOL	NO	ENST00000356798	NA
3F78	ENSG00000005844	ENST00000565864	LIG 2	GOL	NO	ENST00000356798	NA
3F78	ENSG00000005844	ENST00000562652	LIG 2	GOL	NO	ENST00000356798	NA
3F78	ENSG00000005844	ENST00000568926	LIG 2	GOL	NO	ENST00000356798	NA
3F78	ENSG00000005844	ENST00000563615	LIG 2	GOL	NO	ENST00000356798	NA
3F78	ENSG00000005844	ENST00000569725	LIG 2	GOL	NO	ENST00000356798	NA
3F78	ENSG00000005844	ENST00000677830	LIG 2	GOL	NO	ENST00000356798	NA
3F78	ENSG00000005844	ENST00000676652	LIG 2	GOL	YES	ENST00000356798	191,198,199,202
3F78	ENSG00000005844	ENST00000678203	LIG 2	GOL	NO	ENST00000356798	NA
3F78	ENSG00000005844	ENST00000679323	LIG 2	GOL	NO	ENST00000356798	NA
3F78	ENSG00000005844	ENST00000356798	LIG 1	ICF	YES	ENST00000356798	260,282,284,312,323,326,327,330,332
3F78	ENSG00000005844	ENST00000358164	LIG 1	ICF	YES	ENST00000356798	177,199,201,229,240,243,244,247,249
3F78	ENSG00000005844	ENST00000433423	LIG 1	ICF	NO	ENST00000356798	NA
3F78	ENSG00000005844	ENST00000562857	LIG 1	ICF	NO	ENST00000356798	NA
3F78	ENSG00000005844	ENST00000565864	LIG 1	ICF	NO	ENST00000356798	NA
3F78	ENSG00000005844	ENST00000562652	LIG 1	ICF	NO	ENST00000356798	NA
3F78	ENSG00000005844	ENST00000568926	LIG 1	ICF	NO	ENST00000356798	NA
3F78	ENSG00000005844	ENST00000563615	LIG 1	ICF	NO	ENST00000356798	NA
3F78	ENSG00000005844	ENST00000569725	LIG 1	ICF	NO	ENST00000356798	NA
3F78	ENSG00000005844	ENST00000677830	LIG 1	ICF	NO	ENST00000356798	NA
3F78	ENSG00000005844	ENST00000676652	LIG 1	ICF	YES	ENST00000356798	151,173,175,203,214,217,218,221,223
3F78	ENSG00000005844	ENST00000678203	LIG 1	ICF	NO	ENST00000356798	NA
3F78	ENSG00000005844	ENST00000679323	LIG 1	ICF	NO	ENST00000356798	NA
5E6R	ENSG00000005844	ENST00000356798	LIG 1	NAG	YES	ENST00000356798	87,89
5E6R	ENSG00000005844	ENST00000358164	LIG 1	NAG	YES	ENST00000356798	87,89
5E6R	ENSG00000005844	ENST00000433423	LIG 1	NAG	NO	ENST00000356798	NA
5E6R	ENSG00000005844	ENST00000562857	LIG 1	NAG	YES	ENST00000356798	87,89
5E6R	ENSG00000005844	ENST00000565864	LIG 1	NAG	NO	ENST00000356798	NA
5E6R	ENSG00000005844	ENST00000562652	LIG 1	NAG	NO	ENST00000356798	NA
5E6R	ENSG00000005844	ENST00000568926	LIG 1	NAG	NO	ENST00000356798	NA
5E6R	ENSG00000005844	ENST00000563615	LIG 1	NAG	NO	ENST00000356798	NA
5E6R	ENSG00000005844	ENST00000569725	LIG 1	NAG	NO	ENST00000356798	NA
5E6R	ENSG00000005844	ENST00000677830	LIG 1	NAG	YES	ENST00000356798	87,89
5E6R	ENSG00000005844	ENST00000676652	LIG 1	NAG	NO	ENST00000356798	NA
5E6R	ENSG00000005844	ENST00000678203	LIG 1	NAG	NO	ENST00000356798	NA
5E6R	ENSG00000005844	ENST00000679323	LIG 1	NAG	NO	ENST00000356798	NA
5E6S	ENSG00000005844	ENST00000356798	LIG 1	NAG	YES	ENST00000356798	89,142
5E6S	ENSG00000005844	ENST00000358164	LIG 1	NAG	NO	ENST00000356798	NA
5E6S	ENSG00000005844	ENST00000433423	LIG 1	NAG	NO	ENST00000356798	NA
5E6S	ENSG00000005844	ENST00000562857	LIG 1	NAG	YES	ENST00000356798	89,142
5E6S	ENSG00000005844	ENST00000565864	LIG 1	NAG	NO	ENST00000356798	NA
5E6S	ENSG00000005844	ENST00000562652	LIG 1	NAG	NO	ENST00000356798	NA
5E6S	ENSG00000005844	ENST00000568926	LIG 1	NAG	NO	ENST00000356798	NA
5E6S	ENSG00000005844	ENST00000563615	LIG 1	NAG	NO	ENST00000356798	NA
5E6S	ENSG00000005844	ENST00000569725	LIG 1	NAG	NO	ENST00000356798	NA
5E6S	ENSG00000005844	ENST00000677830	LIG 1	NAG	NO	ENST00000356798	NA
5E6S	ENSG00000005844	ENST00000676652	LIG 1	NAG	NO	ENST00000356798	NA
5E6S	ENSG00000005844	ENST00000678203	LIG 1	NAG	NO	ENST00000356798	NA
5E6S	ENSG00000005844	ENST00000679323	LIG 1	NAG	NO	ENST00000356798	NA
5E6U	ENSG00000005844	ENST00000356798	LIG 1	NAG	YES	ENST00000356798	89,142
5E6U	ENSG00000005844	ENST00000358164	LIG 1	NAG	NO	ENST00000356798	NA
5E6U	ENSG00000005844	ENST00000433423	LIG 1	NAG	NO	ENST00000356798	NA
5E6U	ENSG00000005844	ENST00000562857	LIG 1	NAG	YES	ENST00000356798	89,142
5E6U	ENSG00000005844	ENST00000565864	LIG 1	NAG	NO	ENST00000356798	NA
5E6U	ENSG00000005844	ENST00000562652	LIG 1	NAG	NO	ENST00000356798	NA
5E6U	ENSG00000005844	ENST00000568926	LIG 1	NAG	NO	ENST00000356798	NA
5E6U	ENSG00000005844	ENST00000563615	LIG 1	NAG	NO	ENST00000356798	NA
5E6U	ENSG00000005844	ENST00000569725	LIG 1	NAG	NO	ENST00000356798	NA
5E6U	ENSG00000005844	ENST00000677830	LIG 1	NAG	NO	ENST00000356798	NA
5E6U	ENSG00000005844	ENST00000676652	LIG 1	NAG	NO	ENST00000356798	NA
5E6U	ENSG00000005844	ENST00000678203	LIG 1	NAG	NO	ENST00000356798	NA
5E6U	ENSG00000005844	ENST00000679323	LIG 1	NAG	NO	ENST00000356798	NA
1CTR	ENSG00000198668	ENST00000356978	LIG 1	TFP	YES	ENST00000356978	12,96,101,119,120,123,124,132,140
1CTR	ENSG00000198668	ENST00000447653	LIG 1	TFP	NO	ENST00000356978	NA
1CTR	ENSG00000198668	ENST00000544280	LIG 1	TFP	NO	ENST00000356978	NA
1CTR	ENSG00000198668	ENST00000553422	LIG 1	TFP	NO	ENST00000356978	NA
1CTR	ENSG00000198668	ENST00000553542	LIG 1	TFP	NO	ENST00000356978	NA
1CTR	ENSG00000198668	ENST00000557020	LIG 1	TFP	NO	ENST00000356978	NA
1CTR	ENSG00000198668	ENST00000553630	LIG 1	TFP	NO	ENST00000356978	NA
1CTR	ENSG00000198668	ENST00000626705	LIG 1	TFP	NO	ENST00000356978	NA
1CTR	ENSG00000198668	ENST00000659177	LIG 1	TFP	NO	ENST00000356978	NA
1CTR	ENSG00000198668	ENST00000663135	LIG 1	TFP	NO	ENST00000356978	NA
2I08	ENSG00000198668	ENST00000356978	LIG 1	GOL	YES	ENST00000356978	8
2I08	ENSG00000198668	ENST00000447653	LIG 1	GOL	NO	ENST00000356978	NA
2I08	ENSG00000198668	ENST00000544280	LIG 1	GOL	NO	ENST00000356978	NA
2I08	ENSG00000198668	ENST00000553422	LIG 1	GOL	NO	ENST00000356978	NA
2I08	ENSG00000198668	ENST00000553542	LIG 1	GOL	NO	ENST00000356978	NA
2I08	ENSG00000198668	ENST00000557020	LIG 1	GOL	NO	ENST00000356978	NA
2I08	ENSG00000198668	ENST00000553630	LIG 1	GOL	YES	ENST00000356978	8
2I08	ENSG00000198668	ENST00000626705	LIG 1	GOL	YES	ENST00000356978	8
2I08	ENSG00000198668	ENST00000659177	LIG 1	GOL	NO	ENST00000356978	NA
2I08	ENSG00000198668	ENST00000663135	LIG 1	GOL	NO	ENST00000356978	NA
2KUG	ENSG00000198668	ENST00000356978	LIG 1	HLT	YES	ENST00000356978	37,40,52,73,76
2KUG	ENSG00000198668	ENST00000447653	LIG 1	HLT	NO	ENST00000356978	NA
2KUG	ENSG00000198668	ENST00000544280	LIG 1	HLT	NO	ENST00000356978	NA
2KUG	ENSG00000198668	ENST00000553422	LIG 1	HLT	NO	ENST00000356978	NA
2KUG	ENSG00000198668	ENST00000553542	LIG 1	HLT	NO	ENST00000356978	NA
2KUG	ENSG00000198668	ENST00000557020	LIG 1	HLT	NO	ENST00000356978	NA
2KUG	ENSG00000198668	ENST00000553630	LIG 1	HLT	NO	ENST00000356978	NA
2KUG	ENSG00000198668	ENST00000626705	LIG 1	HLT	NO	ENST00000356978	NA
2KUG	ENSG00000198668	ENST00000659177	LIG 1	HLT	NO	ENST00000356978	NA
2KUG	ENSG00000198668	ENST00000663135	LIG 1	HLT	NO	ENST00000356978	NA
2KUH	ENSG00000198668	ENST00000356978	LIG 1	HLT	YES	ENST00000356978	110,125,128,146
2KUH	ENSG00000198668	ENST00000447653	LIG 1	HLT	YES	ENST00000356978	74,89,92,110
2KUH	ENSG00000198668	ENST00000544280	LIG 1	HLT	YES	ENST00000356978	74,89,92,110
2KUH	ENSG00000198668	ENST00000553422	LIG 1	HLT	NO	ENST00000356978	NA
2KUH	ENSG00000198668	ENST00000553542	LIG 1	HLT	YES	ENST00000356978	74,89,92,110
2KUH	ENSG00000198668	ENST00000557020	LIG 1	HLT	NO	ENST00000356978	NA
2KUH	ENSG00000198668	ENST00000553630	LIG 1	HLT	NO	ENST00000356978	NA
2KUH	ENSG00000198668	ENST00000626705	LIG 1	HLT	NO	ENST00000356978	NA
2KUH	ENSG00000198668	ENST00000659177	LIG 1	HLT	YES	ENST00000356978	74,89,92,110
2KUH	ENSG00000198668	ENST00000663135	LIG 1	HLT	YES	ENST00000356978	74,89,92,110
2N27	ENSG00000198668	ENST00000356978	LIG 1	4DY	YES	ENST00000356978	33,53,73,77,106,110,145
2N27	ENSG00000198668	ENST00000447653	LIG 1	4DY	NO	ENST00000356978	NA
2N27	ENSG00000198668	ENST00000544280	LIG 1	4DY	NO	ENST00000356978	NA
2N27	ENSG00000198668	ENST00000553422	LIG 1	4DY	NO	ENST00000356978	NA
2N27	ENSG00000198668	ENST00000553542	LIG 1	4DY	NO	ENST00000356978	NA
2N27	ENSG00000198668	ENST00000557020	LIG 1	4DY	NO	ENST00000356978	NA
2N27	ENSG00000198668	ENST00000553630	LIG 1	4DY	NO	ENST00000356978	NA
2N27	ENSG00000198668	ENST00000626705	LIG 1	4DY	NO	ENST00000356978	NA
2N27	ENSG00000198668	ENST00000659177	LIG 1	4DY	NO	ENST00000356978	NA
2N27	ENSG00000198668	ENST00000663135	LIG 1	4DY	NO	ENST00000356978	NA
4UPU	ENSG00000198668	ENST00000356978	LIG 1	GOL	YES	ENST00000356978	96,102,105
4UPU	ENSG00000198668	ENST00000447653	LIG 1	GOL	YES	ENST00000356978	60,66,69
4UPU	ENSG00000198668	ENST00000544280	LIG 1	GOL	YES	ENST00000356978	60,66,69
4UPU	ENSG00000198668	ENST00000553422	LIG 1	GOL	NO	ENST00000356978	NA
4UPU	ENSG00000198668	ENST00000553542	LIG 1	GOL	YES	ENST00000356978	60,66,69
4UPU	ENSG00000198668	ENST00000557020	LIG 1	GOL	YES	ENST00000356978	60,66,69
4UPU	ENSG00000198668	ENST00000553630	LIG 1	GOL	NO	ENST00000356978	NA
4UPU	ENSG00000198668	ENST00000626705	LIG 1	GOL	NO	ENST00000356978	NA
4UPU	ENSG00000198668	ENST00000659177	LIG 1	GOL	YES	ENST00000356978	60,66,69
4UPU	ENSG00000198668	ENST00000663135	LIG 1	GOL	YES	ENST00000356978	60,66,69
5V02	ENSG00000198668	ENST00000356978	LIG 2	657	YES	ENST00000356978	20,33,52,55,56,64,69,73
5V02	ENSG00000198668	ENST00000447653	LIG 2	657	NO	ENST00000356978	NA
5V02	ENSG00000198668	ENST00000544280	LIG 2	657	NO	ENST00000356978	NA
5V02	ENSG00000198668	ENST00000553422	LIG 2	657	NO	ENST00000356978	NA
5V02	ENSG00000198668	ENST00000553542	LIG 2	657	NO	ENST00000356978	NA
5V02	ENSG00000198668	ENST00000557020	LIG 2	657	NO	ENST00000356978	NA
5V02	ENSG00000198668	ENST00000553630	LIG 2	657	NO	ENST00000356978	NA
5V02	ENSG00000198668	ENST00000626705	LIG 2	657	NO	ENST00000356978	NA
5V02	ENSG00000198668	ENST00000659177	LIG 2	657	NO	ENST00000356978	NA
5V02	ENSG00000198668	ENST00000663135	LIG 2	657	NO	ENST00000356978	NA
5V02	ENSG00000198668	ENST00000356978	LIG 3	GOL	YES	ENST00000356978	95,101,102,105
5V02	ENSG00000198668	ENST00000447653	LIG 3	GOL	YES	ENST00000356978	59,65,66,69
5V02	ENSG00000198668	ENST00000544280	LIG 3	GOL	YES	ENST00000356978	59,65,66,69
5V02	ENSG00000198668	ENST00000553422	LIG 3	GOL	NO	ENST00000356978	NA
5V02	ENSG00000198668	ENST00000553542	LIG 3	GOL	YES	ENST00000356978	59,65,66,69
5V02	ENSG00000198668	ENST00000557020	LIG 3	GOL	YES	ENST00000356978	59,65,66,69
5V02	ENSG00000198668	ENST00000553630	LIG 3	GOL	NO	ENST00000356978	NA
5V02	ENSG00000198668	ENST00000626705	LIG 3	GOL	NO	ENST00000356978	NA
5V02	ENSG00000198668	ENST00000659177	LIG 3	GOL	YES	ENST00000356978	59,65,66,69
5V02	ENSG00000198668	ENST00000663135	LIG 3	GOL	YES	ENST00000356978	59,65,66,69
5WBX	ENSG00000198668	ENST00000356978	LIG 2	GOL	YES	ENST00000356978	95,101,102,105
5WBX	ENSG00000198668	ENST00000447653	LIG 2	GOL	YES	ENST00000356978	59,65,66,69
5WBX	ENSG00000198668	ENST00000544280	LIG 2	GOL	YES	ENST00000356978	59,65,66,69
5WBX	ENSG00000198668	ENST00000553422	LIG 2	GOL	NO	ENST00000356978	NA
5WBX	ENSG00000198668	ENST00000553542	LIG 2	GOL	YES	ENST00000356978	59,65,66,69
5WBX	ENSG00000198668	ENST00000557020	LIG 2	GOL	YES	ENST00000356978	59,65,66,69
5WBX	ENSG00000198668	ENST00000553630	LIG 2	GOL	NO	ENST00000356978	NA
5WBX	ENSG00000198668	ENST00000626705	LIG 2	GOL	NO	ENST00000356978	NA
5WBX	ENSG00000198668	ENST00000659177	LIG 2	GOL	YES	ENST00000356978	59,65,66,69
5WBX	ENSG00000198668	ENST00000663135	LIG 2	GOL	YES	ENST00000356978	59,65,66,69
